tissue,g1,g2,coloc_score,pred_r,pred_r_lead_only,weight_with_slopes,obs_r_int_pc15,obs_r_int_raw,block,q
nerve_tibial,ENSG00000008128,ENSG00000227775,1.0,0.2317642611649477,0.2317642611649477,1.0,0.471231538192924,0.324907962322837,nerve_tibial:1:0,7
nerve_tibial,ENSG00000182873,ENSG00000162585,0.9999748468399048,-0.0648053380119011,-0.0648053380119011,1.0,-0.0779319091295663,0.2140677072462566,nerve_tibial:1:0,0
nerve_tibial,ENSG00000225931,ENSG00000228037,0.9719231128692628,0.0260768358819984,0.0260768358819984,1.0,0.2702037723395907,0.453075914169978,nerve_tibial:1:0,5
nerve_tibial,ENSG00000288398,ENSG00000132881,0.5490092301188021,0.0264240146086699,0.0264240146086699,1.0,0.570613739321163,0.7915530840352062,nerve_tibial:1:1,5
nerve_tibial,ENSG00000187144,ENSG00000157191,0.1239579361802647,-0.0022261763134174,-0.0022475898733116,1.0,-0.0765013353180222,-0.3691687079640267,nerve_tibial:1:1,1
nerve_tibial,ENSG00000228549,ENSG00000238142,0.1804603626543155,0.0085139155276121,0.0085139155276121,1.0,0.1719402639233678,0.1545287384345341,nerve_tibial:1:1,3
nerve_tibial,ENSG00000211454,ENSG00000162482,0.5000000596046448,0.0305990045948847,0.0305990045948847,1.0,0.3792551526136745,0.711431104019631,nerve_tibial:1:1,5
nerve_tibial,ENSG00000162545,ENSG00000090432,0.9802486896514891,-0.0643606582438238,-0.0643606582438238,1.0,-0.2131373303012639,0.1053476423301206,nerve_tibial:1:2,0
nerve_tibial,ENSG00000117602,ENSG00000184454,0.7607895167471668,0.0137024935635365,0.0137024935635365,1.0,0.2105485915174275,0.4205413121516811,nerve_tibial:1:2,4
nerve_tibial,ENSG00000261349,ENSG00000187010,0.9997651581988976,0.4437054583358993,0.4437054583358993,1.0,0.6664617948698606,0.6789983459879751,nerve_tibial:1:2,7
nerve_tibial,ENSG00000187010,ENSG00000183726,0.5112187025599013,-0.0233727889394469,-0.0233727889394469,1.0,-0.1123279196306617,-0.246471414512037,nerve_tibial:1:2,0
nerve_tibial,ENSG00000236782,ENSG00000142675,0.9999956488609314,0.1749746883143162,0.1749746883143162,1.0,0.5662694970913412,0.6769388246494512,nerve_tibial:1:2,7
nerve_tibial,ENSG00000225828,ENSG00000160058,1.0,0.0183063132654196,0.0183063132654196,1.0,0.0569924005346675,0.1782831069463227,nerve_tibial:1:3,4
nerve_tibial,ENSG00000183386,ENSG00000183520,0.2104005285739987,0.0078540794584411,0.0078540794584411,1.0,0.3739355548171277,0.619996754157001,nerve_tibial:1:3,3
nerve_tibial,ENSG00000162390,ENSG00000184313,0.9999987483025948,0.0461501547752844,0.0461501547752844,1.0,0.6963983027918457,0.6826226185648967,nerve_tibial:1:5,6
nerve_tibial,ENSG00000272864,ENSG00000116791,0.1209068043810503,0.0,0.0,0.0,0.3252406957400649,0.4803576005046244,nerve_tibial:1:7,1
nerve_tibial,ENSG00000228852,ENSG00000287919,0.8381141021115539,0.0509802385558317,0.0509802385558317,1.0,-0.031682829521336,0.1889847875422837,nerve_tibial:1:9,6
nerve_tibial,ENSG00000134184,ENSG00000134201,0.9999834895133972,0.0831384249978884,0.0831384249978884,1.0,0.5732755374450902,0.5070565877511781,nerve_tibial:1:10,6
nerve_tibial,ENSG00000273213,ENSG00000270872,0.1434287505047251,0.0114598816576346,0.0113020869572588,1.0,0.4041537592037938,0.2883950963186146,nerve_tibial:1:14,3
nerve_tibial,ENSG00000286219,ENSG00000271383,1.0,0.0980458049068323,0.0980458049068323,1.0,0.5708202455064005,0.4980620831926189,nerve_tibial:1:14,7
nerve_tibial,ENSG00000261168,ENSG00000143434,0.1309821174972114,0.0007347816774635,0.0007312992888694,1.0,0.5718296400805526,0.8385350454708708,nerve_tibial:1:15,1
nerve_tibial,ENSG00000236427,ENSG00000197915,0.1897457780348652,-0.0590152631711187,-0.0590152700688562,0.4405250636551464,-0.3219243065516634,-0.160885824482765,nerve_tibial:1:15,0
nerve_tibial,ENSG00000197915,ENSG00000143631,0.1625509674796887,-0.0472947722806982,-0.0472947754936463,0.5095112360685692,-0.1150075759543429,0.0391540512909856,nerve_tibial:1:15,0
nerve_tibial,ENSG00000143631,ENSG00000143520,0.1810447378152275,0.0349989256625028,0.0350819822957077,1.0,0.5888769420341837,0.6007867635047901,nerve_tibial:1:15,5
nerve_tibial,ENSG00000282386,ENSG00000273026,0.9899224909167544,0.0472651954388105,0.0472651954388105,1.0,0.1533527316542143,0.2291861005943909,nerve_tibial:1:15,6
nerve_tibial,ENSG00000223356,ENSG00000143319,0.3862146196585847,0.0074302957666666,0.0074798711098461,1.0,0.2428168436234676,0.1089037916632115,nerve_tibial:1:15,3
nerve_tibial,ENSG00000132681,ENSG00000143318,0.999999463558197,0.1348973197014096,0.1351563453784539,1.0,0.7871430420970373,0.8413853633988033,nerve_tibial:1:16,7
nerve_tibial,ENSG00000158769,ENSG00000215845,1.0,0.2900457848232497,0.2900457848232497,1.0,0.5855665600802806,0.2899553207850877,nerve_tibial:1:16,7
nerve_tibial,ENSG00000158864,ENSG00000158869,0.5944022754769378,0.0081657524220663,0.0081657524220663,1.0,0.162329252675756,0.420041523427244,nerve_tibial:1:16,3
nerve_tibial,ENSG00000287336,ENSG00000135845,0.5560636765422586,-0.0568262337819226,-0.056843097551307,1.0,-0.3397425584354148,-0.2194339349092006,nerve_tibial:1:17,0
nerve_tibial,ENSG00000157181,ENSG00000229739,0.4999717771767997,-0.0065519310728475,-0.0065519307329224,1.0,-0.2350998066357344,0.1046953582936897,nerve_tibial:1:18,0
nerve_tibial,ENSG00000198892,ENSG00000223774,0.4293427133621499,8.46027900156342e-05,8.46027900156342e-05,0.001949661997025,0.5195927902985099,0.4710914907353316,nerve_tibial:1:20,1
nerve_tibial,ENSG00000163431,ENSG00000134375,0.1688931596272205,0.0011727344862261,0.0011727344862261,1.0,0.036991969011894,0.0634158144621387,nerve_tibial:1:20,1
nerve_tibial,ENSG00000162877,ENSG00000276600,0.1822162007066907,-0.0141139750606609,-0.0141083620718939,1.0,-0.2236518410812797,-0.0176507824861036,nerve_tibial:1:20,0
nerve_tibial,ENSG00000272823,ENSG00000238078,1.0,0.3563517440119317,0.3563517440119317,1.0,0.7119474653387026,0.7473309408005028,nerve_tibial:1:22,7
nerve_tibial,ENSG00000182901,ENSG00000287516,0.9999995231628418,0.2321036301283029,0.2321036301283029,1.0,0.5170691467480747,0.3840161537501647,nerve_tibial:1:24,7
nerve_tibial,ENSG00000260855,ENSG00000227953,0.3366778588072208,0.0228488921529105,0.0228315403720343,1.0,0.79061468478153,0.7757147245765118,nerve_tibial:1:24,4
nerve_tibial,ENSG00000204682,ENSG00000180592,0.8201455482650886,0.0091788038264055,0.0091788038264055,1.0,0.4984814657214589,0.6655187736307749,nerve_tibial:10:2,3
nerve_tibial,ENSG00000231964,ENSG00000165406,0.1062584080572222,-0.0032665525243778,-0.0032837329487251,1.0,-0.0991900053132776,-0.281532704089527,nerve_tibial:10:4,1
nerve_tibial,ENSG00000265203,ENSG00000265763,0.2147497571656522,0.0120452222252148,0.0119868053293337,1.0,0.5680241381026155,0.7646560922080123,nerve_tibial:10:4,3
nerve_tibial,ENSG00000099282,ENSG00000287306,1.0,-0.0263009922708973,-0.0263009912834624,0.1999120234072674,-0.0873311497081157,-0.0419817261205839,nerve_tibial:10:6,0
nerve_tibial,ENSG00000214688,ENSG00000107738,0.3794625127169411,0.0107445549316391,0.0107249236650446,1.0,0.3273700038357228,0.4698607618424832,nerve_tibial:10:7,3
nerve_tibial,ENSG00000236842,ENSG00000148655,0.9999771714908334,-0.104439010027037,-0.104439010027037,1.0,-0.2936932142404739,0.2226656927207152,nerve_tibial:10:7,0
nerve_tibial,ENSG00000224596,ENSG00000108175,0.1427130272199903,0.0040108306900366,0.0040108306900366,1.0,0.390182232748026,0.1285177620230132,nerve_tibial:10:7,2
nerve_tibial,ENSG00000122375,ENSG00000122367,0.5269871508379502,0.0543039202865608,0.0543039202865608,1.0,0.4318520811247455,0.4513808559290025,nerve_tibial:10:8,6
nerve_tibial,ENSG00000184923,ENSG00000224914,0.9981417059898376,0.0,0.0,0.0,0.2663843542914899,0.3516877918872623,nerve_tibial:10:8,1
nerve_tibial,ENSG00000166275,ENSG00000214435,0.4485819952696204,0.1042740944472942,0.1042740944472942,1.0,0.5189200868989675,0.2756140844298824,nerve_tibial:10:10,7
nerve_tibial,ENSG00000065621,ENSG00000148841,0.1685710940309519,-0.0070232325413092,-0.0070191855078617,1.0,-0.1073454460347056,-0.3261791632008899,nerve_tibial:10:10,0
nerve_tibial,ENSG00000148841,ENSG00000231233,0.1288224984355679,0.0143853083920282,0.0143951172033928,1.0,0.3381216763244007,0.2435162765373247,nerve_tibial:10:10,4
nerve_tibial,ENSG00000277879,ENSG00000165650,0.1219994304042551,0.0,0.0,0.0,0.1326196388921228,0.3154267211157748,nerve_tibial:10:11,1
nerve_tibial,ENSG00000107669,ENSG00000276742,0.9444180130958556,-0.0760346530820126,-0.0760346530820126,1.0,-0.3186074456488095,-0.2485081577357548,nerve_tibial:10:12,0
nerve_tibial,ENSG00000229081,ENSG00000068383,0.950147271156311,0.0885881932339207,0.0885881932339207,1.0,0.4714734398133706,0.5330734635814341,nerve_tibial:10:13,6
nerve_tibial,ENSG00000184363,ENSG00000185187,0.9999967217445374,0.1238242448847052,0.1238242448847052,1.0,0.4586969835791791,0.4753091844647956,nerve_tibial:11:0,7
nerve_tibial,ENSG00000181023,ENSG00000181074,0.1732612388248959,0.0068412274578954,0.0068659202535089,1.0,0.4121245726026306,0.626732888074126,nerve_tibial:11:0,3
nerve_tibial,ENSG00000132259,ENSG00000110148,0.2716123837937125,0.0081507545971025,0.0081669944223197,1.0,0.1154983436375733,0.298303881451306,nerve_tibial:11:0,3
nerve_tibial,ENSG00000110148,ENSG00000170955,0.2442122872290539,0.0075128522307543,0.0075128522307543,1.0,0.0902721954105009,0.3663584551490518,nerve_tibial:11:0,3
nerve_tibial,ENSG00000110455,ENSG00000151348,1.0,0.0912391193250329,0.0912476191515021,1.0,0.0006348486648678,-0.1330469312859724,nerve_tibial:11:4,6
nerve_tibial,ENSG00000149150,ENSG00000134809,0.1384392648567818,-0.0029268837950594,-0.0029302071575591,1.0,-0.1210082138094418,0.1845902902522043,nerve_tibial:11:5,1
nerve_tibial,ENSG00000242689,ENSG00000280010,0.1496570441386815,0.0033874748180851,0.0033874748180851,1.0,0.8074719947784225,0.9175011327281668,nerve_tibial:11:5,2
nerve_tibial,ENSG00000280010,ENSG00000149124,0.1480409630113257,-0.0072601113442464,-0.0072601113442464,1.0,-0.2326133565980855,0.3824925089735457,nerve_tibial:11:5,0
nerve_tibial,ENSG00000167985,ENSG00000162148,0.2499918341636657,-0.0066868735369625,-0.0066868735369625,1.0,-0.2334821038864083,-0.2741087686265478,nerve_tibial:11:6,0
nerve_tibial,ENSG00000254461,ENSG00000254855,0.9982457818604152,0.0400115181065352,0.0400199763897269,1.0,0.60799600495354,0.8212619569461255,nerve_tibial:11:6,5
nerve_tibial,ENSG00000255306,ENSG00000110717,0.1442774321065627,-0.0018106410505646,-0.0018392162772832,1.0,0.0003741123518463,-0.1546867070877656,nerve_tibial:11:6,1
nerve_tibial,ENSG00000188997,ENSG00000118369,0.4163780955738474,0.0199061929596022,0.0199367973239268,1.0,0.3606055609966882,0.4885051765174714,nerve_tibial:11:7,4
nerve_tibial,ENSG00000270689,ENSG00000270578,0.5111257770637501,0.0078461116572665,0.0078910441908635,1.0,0.6294115005671479,0.8067012493673587,nerve_tibial:11:9,3
nerve_tibial,ENSG00000270179,ENSG00000170209,0.3152596739327435,0.0274110015739302,0.027625869734025,1.0,0.0132109887633067,0.2273045174462266,nerve_tibial:11:11,5
nerve_tibial,ENSG00000111652,ENSG00000269892,0.1776520278729769,0.0,0.0,0.0,0.0082359474878462,-0.2413119228408633,nerve_tibial:12:0,1
nerve_tibial,ENSG00000139194,ENSG00000256967,0.3192279778428286,0.0141248326738519,0.0141173330831104,1.0,0.7032144463891303,0.7129289111688442,nerve_tibial:12:0,4
nerve_tibial,ENSG00000237248,ENSG00000111788,0.1286509531535955,0.0202095485443489,0.0202095485443489,1.0,0.2781678650001594,0.2029997404450082,nerve_tibial:12:0,4
nerve_tibial,ENSG00000111788,ENSG00000260423,0.2063472872660554,0.1008553720775974,0.1008553720775974,1.0,0.6893292319479926,0.6516627919567074,nerve_tibial:12:0,7
nerve_tibial,ENSG00000257027,ENSG00000069493,0.99841541146278,0.0418868450216406,0.0418868450928685,1.0,0.3412827479934439,0.371528104213742,nerve_tibial:12:0,5
nerve_tibial,ENSG00000172322,ENSG00000256660,0.25,0.1608873182009117,0.1608873069007828,1.0,0.8669665190401611,0.8334698086103166,nerve_tibial:12:0,7
nerve_tibial,ENSG00000134551,ENSG00000212127,0.2805224511515689,0.0518144135203473,0.0518144135203473,1.0,0.4639944774942482,0.6276502014206212,nerve_tibial:12:1,6
nerve_tibial,ENSG00000084463,ENSG00000182993,0.1918955830781499,0.0056236413563491,0.0056082310264847,1.0,0.2049441767592783,0.1660238936086408,nerve_tibial:12:1,2
nerve_tibial,ENSG00000275476,ENSG00000257176,0.9995688199996948,0.3135472803242145,0.3135472803242145,1.0,0.7498085670982833,0.8124561962074976,nerve_tibial:12:2,7
nerve_tibial,ENSG00000273680,ENSG00000087502,0.5371088904542702,0.0164276925098576,0.0164276925098576,1.0,0.1736862627443831,0.3355703153363777,nerve_tibial:12:2,4
nerve_tibial,ENSG00000110888,ENSG00000285517,0.999998152256012,0.0558546789359157,0.0558546789359157,1.0,0.3036379017059451,0.4933204974537856,nerve_tibial:12:3,6
nerve_tibial,ENSG00000166130,ENSG00000120868,0.859453455302134,0.0752318251455402,0.0752318251423611,1.0,0.3747890328065729,-0.0372437658046208,nerve_tibial:12:9,6
nerve_tibial,ENSG00000204954,ENSG00000139372,0.1261517523723583,0.002074382359544,0.002074382359544,1.0,0.0174882186984065,0.2219785525727929,nerve_tibial:12:10,1
nerve_tibial,ENSG00000260329,ENSG00000151135,0.1325852441326702,0.0031730394818704,0.0031849469836962,1.0,0.0892362436658623,-0.0561766103983378,nerve_tibial:12:10,2
nerve_tibial,ENSG00000121742,ENSG00000165475,0.2183035753946107,0.0047402928397614,0.0047904432706223,1.0,0.2042058232161959,0.4529933233997786,nerve_tibial:13:2,2
nerve_tibial,ENSG00000286746,ENSG00000229246,0.4999999701542492,0.0610344802752132,0.0610505058948621,1.0,0.8131011391947915,0.6704621518333108,nerve_tibial:13:8,6
nerve_tibial,ENSG00000185950,ENSG00000275830,0.157336353940142,0.0102796087779769,0.0103164282369673,1.0,0.3318750451007315,0.4024912997200971,nerve_tibial:13:10,3
nerve_tibial,ENSG00000278784,ENSG00000139908,0.1813600440773655,0.0070030186141811,0.007003018961468,1.0,0.4219454730379599,0.3722521484137742,nerve_tibial:14:2,3
nerve_tibial,ENSG00000258696,ENSG00000259048,0.9023207064259396,0.0435880048182554,0.0435880048182554,1.0,0.3988937982428867,0.6234267593487446,nerve_tibial:14:3,5
nerve_tibial,ENSG00000259048,ENSG00000139874,0.9836663050099226,0.0326288714085805,0.0326288714085805,1.0,0.0707249845150744,0.1454840238269521,nerve_tibial:14:3,5
nerve_tibial,ENSG00000168229,ENSG00000261208,0.1154629924907126,0.0081873438302328,0.0081754735600913,1.0,0.5203632516350489,0.7289053435557293,nerve_tibial:14:5,3
nerve_tibial,ENSG00000259969,ENSG00000139971,0.4244911081004723,0.023233432485839,0.0232961397319451,1.0,0.4941919992379359,0.546000764484759,nerve_tibial:14:5,4
nerve_tibial,ENSG00000119673,ENSG00000279026,0.999999463558197,0.0781885839579123,0.0781885839579123,1.0,0.3085722821224405,0.1269713441034538,nerve_tibial:14:7,6
nerve_tibial,ENSG00000270000,ENSG00000119655,0.1129756316436036,-0.0042126075937731,-0.004239322552937,1.0,-0.0606197820590975,-0.044912371276634,nerve_tibial:14:7,1
nerve_tibial,ENSG00000260711,ENSG00000165929,0.2381628122122947,0.0593833751688179,0.0598238503633145,1.0,0.8277742724613597,0.8713588078819523,nerve_tibial:14:9,6
nerve_tibial,ENSG00000258701,ENSG00000258811,0.1612169054179446,0.0114262811314109,0.0114343425250531,1.0,0.3564807213282023,0.6259612795373688,nerve_tibial:14:10,3
nerve_tibial,ENSG00000185347,ENSG00000184986,0.9991956949234008,0.0287600947048613,0.0287600947048613,1.0,0.3907948100023843,0.5670342977584545,nerve_tibial:14:10,5
nerve_tibial,ENSG00000261794,ENSG00000247728,0.9739664081922506,0.0297391924964423,0.0297391924964423,1.0,0.0266627038380301,0.265113493702242,nerve_tibial:15:3,5
nerve_tibial,ENSG00000259408,ENSG00000169857,0.2801998588431367,0.0081514714094601,0.0081558359916656,1.0,0.2846385790770095,0.0187626972324012,nerve_tibial:15:3,3
nerve_tibial,ENSG00000247556,ENSG00000137804,0.1491235304178637,0.0109167223023034,0.010951917539416,1.0,0.2676678280138265,0.0990806658602253,nerve_tibial:15:4,3
nerve_tibial,ENSG00000261684,ENSG00000180979,0.164204498171685,-0.0160496256445082,-0.0160798608225009,1.0,-0.0092521589318609,0.0768232610051786,nerve_tibial:15:4,0
nerve_tibial,ENSG00000140279,ENSG00000140274,0.6599234625024124,0.0289764873235223,0.0290689814784336,1.0,0.5650491177013954,0.7034141979729971,nerve_tibial:15:4,5
nerve_tibial,ENSG00000244879,ENSG00000138592,0.4886923432350158,0.0456753304709831,0.045675327814312,1.0,0.2237202329137458,0.0935263407393707,nerve_tibial:15:5,6
nerve_tibial,ENSG00000277144,ENSG00000259732,0.2493051880827153,0.0122524471941375,0.0122524471941375,1.0,0.4676618000056788,0.6511240065381637,nerve_tibial:15:5,3
nerve_tibial,ENSG00000178718,ENSG00000198794,0.3333329955736985,0.0205394095601326,0.0205348379585565,1.0,0.4494346947382446,0.2608484407066264,nerve_tibial:15:7,4
nerve_tibial,ENSG00000259495,ENSG00000172379,0.183761326138196,0.0032850035444865,0.0033027826540453,1.0,0.3933597246826026,0.5942016922991089,nerve_tibial:15:8,2
nerve_tibial,ENSG00000259291,ENSG00000182054,0.9997595631636536,0.0334450637755375,0.0334450637755375,1.0,0.5254832380425238,0.1544316649341622,nerve_tibial:15:9,5
nerve_tibial,ENSG00000270127,ENSG00000259205,1.0,0.5661865987095894,0.5661865987095894,1.0,0.8840790764201651,0.8208851852455777,nerve_tibial:15:10,7
nerve_tibial,ENSG00000242173,ENSG00000185615,1.0,0.274375049757355,0.274375049757355,1.0,0.7017045539917961,0.7612035567060174,nerve_tibial:16:0,7
nerve_tibial,ENSG00000167977,ENSG00000172382,0.4960904430822062,0.0301047860280218,0.0301047860280218,1.0,0.2376777598213382,0.2760335357944908,nerve_tibial:16:0,5
nerve_tibial,ENSG00000261819,ENSG00000275910,0.1610039551974473,0.0068823082877696,0.0068823082877696,1.0,0.4992225844359731,0.6138559543536559,nerve_tibial:16:1,3
nerve_tibial,ENSG00000103226,ENSG00000183889,0.8503713607788086,0.1470232985563247,0.1470232985563247,1.0,0.2333226774451781,0.0859472561474393,nerve_tibial:16:1,7
nerve_tibial,ENSG00000271105,ENSG00000263326,0.3091047022501207,0.0140844377095768,0.0140926134139972,1.0,0.332508673251103,0.7122380747534173,nerve_tibial:16:2,4
nerve_tibial,ENSG00000167371,ENSG00000280789,0.3420329087310563,0.0015493981726734,0.0015365917354645,1.0,0.7952568726524899,0.9080795500715736,nerve_tibial:16:2,1
nerve_tibial,ENSG00000102924,ENSG00000279249,0.2036908073280443,0.0215327848570529,0.0214204341026199,1.0,0.7290583365877529,0.7066460433165712,nerve_tibial:16:4,4
nerve_tibial,ENSG00000246898,ENSG00000166546,0.8919569253921509,0.0969356118533569,0.0969356118533569,1.0,0.3458610508933661,0.2534466846260984,nerve_tibial:16:6,6
nerve_tibial,ENSG00000090857,ENSG00000157335,0.774682920770033,0.033201918072282,0.033201918072282,1.0,0.3271310389353512,0.2773829139572705,nerve_tibial:16:7,5
nerve_tibial,ENSG00000157335,ENSG00000223496,0.1659308671951294,0.0488531795746086,0.0488531795746086,1.0,0.4728036925231872,0.278362716916957,nerve_tibial:16:7,6
nerve_tibial,ENSG00000257017,ENSG00000261701,0.4327684949225698,0.0338992087945383,0.0338992087945383,1.0,0.4754913786219176,0.2951429056205948,nerve_tibial:16:7,5
nerve_tibial,ENSG00000103168,ENSG00000140955,1.0,0.164864398955963,0.164864398955963,1.0,0.5202325164702858,0.4716297299252925,nerve_tibial:16:8,7
nerve_tibial,ENSG00000270020,ENSG00000243697,0.4997678995132446,0.0736362575821503,0.0736362622114015,1.0,0.3240619260392407,0.3884771460231074,nerve_tibial:16:8,6
nerve_tibial,ENSG00000243697,ENSG00000103248,0.4997090374607182,-0.0444107233475393,-0.0444107275813958,1.0,-0.1931483757565702,-0.1426966261027456,nerve_tibial:16:8,0
nerve_tibial,ENSG00000274478,ENSG00000261175,0.4865537251077114,0.0108409299672197,0.010923148097144,1.0,0.5498968119486601,0.650243957813199,nerve_tibial:16:8,3
nerve_tibial,ENSG00000185669,ENSG00000158717,0.3893804446443027,0.0082352976444211,0.0082352976444211,1.0,0.2713600647311392,0.3865730993988324,nerve_tibial:16:8,3
nerve_tibial,ENSG00000178773,ENSG00000015413,0.99782985474706,0.0414989720617579,0.0414989720617579,1.0,0.5423644120015334,0.5443067641311571,nerve_tibial:16:8,5
nerve_tibial,ENSG00000187741,ENSG00000204991,0.9999937415122986,0.449398090877274,0.449398090877274,1.0,0.6794390583615688,0.6021299614917397,nerve_tibial:16:8,7
nerve_tibial,ENSG00000272636,ENSG00000273172,0.9726503653830534,0.0873091056243361,0.0873091056243361,1.0,0.3871056383405519,0.4234084671677802,nerve_tibial:17:0,6
nerve_tibial,ENSG00000221882,ENSG00000280268,0.9780471109164496,0.0728392947820291,0.0728392947820292,1.0,0.3372202432592338,0.3583305594585126,nerve_tibial:17:0,6
nerve_tibial,ENSG00000108381,ENSG00000167723,0.7184381311470744,0.0403530794638632,0.0403530794638632,1.0,0.4629204052266599,0.6687018827713701,nerve_tibial:17:0,5
nerve_tibial,ENSG00000167723,ENSG00000196689,0.2966802619135364,0.010214121835819,0.0102326444999511,1.0,0.4623168186406106,0.5700717626334428,nerve_tibial:17:0,3
nerve_tibial,ENSG00000182853,ENSG00000280254,0.6424434537140655,0.0217163826141731,0.0217163826141731,1.0,0.4324865886445566,0.4823383164167086,nerve_tibial:17:0,4
nerve_tibial,ENSG00000234327,ENSG00000129204,1.0,0.1829426005447887,0.1829426005447887,1.0,0.4921563019861399,0.4130613916135618,nerve_tibial:17:0,7
nerve_tibial,ENSG00000129204,ENSG00000180626,0.9998559951782228,0.0467082423558101,0.0467082423558101,1.0,0.2367386781552796,0.2417471634637794,nerve_tibial:17:0,6
nerve_tibial,ENSG00000265519,ENSG00000276855,0.1887283474780474,0.016596648112236,0.0165034326522888,1.0,0.5558935192145443,0.6303192972884066,nerve_tibial:17:1,4
nerve_tibial,ENSG00000170160,ENSG00000288235,0.9981124971506574,0.0332791119869544,0.0332791119869544,1.0,0.8873710113763968,0.88585660942818,nerve_tibial:17:1,5
nerve_tibial,ENSG00000007171,ENSG00000232859,1.0,-0.2374449803762434,-0.2374449803762434,1.0,-0.5509849959933556,0.1389768986494227,nerve_tibial:17:2,0
nerve_tibial,ENSG00000205045,ENSG00000267369,0.1780117920184558,0.004094886069692,0.0041795108455158,1.0,0.546001308648547,0.6679655952747863,nerve_tibial:17:3,2
nerve_tibial,ENSG00000276409,ENSG00000274736,0.2813081645548223,-0.0432684448262651,-0.0432889169837453,1.0,0.0144104774568279,0.3362845038133002,nerve_tibial:17:3,0
nerve_tibial,ENSG00000275720,ENSG00000275613,0.1087731796740172,0.0062013974159765,0.0061633639017533,1.0,0.1297851613305731,0.1610779454341928,nerve_tibial:17:3,2
nerve_tibial,ENSG00000108349,ENSG00000108352,0.1625485788286695,0.0013962554160858,0.0025744384874772,0.5423533803109389,0.0655361898037786,0.2410359935280777,nerve_tibial:17:4,1
nerve_tibial,ENSG00000161692,ENSG00000073670,0.1374968681367754,0.0162664720873488,0.0163280326788559,1.0,0.5822431169970224,0.3461670929142013,nerve_tibial:17:4,4
nerve_tibial,ENSG00000266918,ENSG00000267198,0.9999998807907104,0.2416043626716469,0.2418414421595428,1.0,0.5959230223497903,0.5915032965949859,nerve_tibial:17:4,7
nerve_tibial,ENSG00000285668,ENSG00000280022,0.2543886555666468,0.0619804619510115,0.0620462426401923,1.0,0.4789983083751749,0.5743059133822446,nerve_tibial:17:4,6
nerve_tibial,ENSG00000280022,ENSG00000263503,0.8820769651475047,0.3575063456966508,0.3575063456966508,1.0,0.6424209324563749,0.5894220344335732,nerve_tibial:17:4,7
nerve_tibial,ENSG00000176681,ENSG00000238083,0.9582684959471166,3.218759046099348e-05,3.216179364732015e-05,8.111355343909256e-05,0.7479871989521384,0.7766413390377733,nerve_tibial:17:4,1
nerve_tibial,ENSG00000274565,ENSG00000011028,0.999999463558197,-0.0100120543790213,-0.0100120543790213,1.0,0.4130027024041385,0.8421402044616835,nerve_tibial:17:6,0
nerve_tibial,ENSG00000265912,ENSG00000232457,1.0,0.1485644205588955,0.1485644205588955,1.0,0.4390724032050011,0.500781730541273,nerve_tibial:17:6,7
nerve_tibial,ENSG00000278740,ENSG00000267731,0.2632151773436675,0.0394159672453126,0.0394159672453126,1.0,0.4899080952769721,0.6364253280092748,nerve_tibial:17:6,5
nerve_tibial,ENSG00000257949,ENSG00000250506,0.2609553216442464,0.0333068509463893,0.0334566907298203,1.0,0.7037679494773841,0.5679636093097132,nerve_tibial:17:7,5
nerve_tibial,ENSG00000267506,ENSG00000267466,0.7881996277306058,0.0272875134127289,0.0272875134127289,1.0,0.6260521701781749,0.781616048004861,nerve_tibial:17:7,5
nerve_tibial,ENSG00000177337,ENSG00000262001,0.1804383899077919,0.0068068171182484,0.0068162444332637,1.0,0.4552235895662516,0.5766614746770726,nerve_tibial:18:0,3
nerve_tibial,ENSG00000141391,ENSG00000267108,1.0,0.2344104014275414,0.2344104014275414,1.0,0.7184814988052393,0.7953519652594566,nerve_tibial:18:1,7
nerve_tibial,ENSG00000267108,ENSG00000267199,0.901724636554718,0.1378599599495528,0.1378599599495528,1.0,0.6667284105956409,0.7366265474027829,nerve_tibial:18:1,7
nerve_tibial,ENSG00000154065,ENSG00000053747,0.1146771824107411,0.0023759086041876,0.0023843173748866,1.0,0.4598269289863768,0.1055936783923382,nerve_tibial:18:2,1
nerve_tibial,ENSG00000277534,ENSG00000260372,0.6659451127052307,0.0545733030175491,0.0545733030175491,1.0,0.2403960789319698,0.4376145385625095,nerve_tibial:18:2,6
nerve_tibial,ENSG00000180011,ENSG00000179981,0.3388868278833286,0.004195924709542,0.004195924709542,1.0,0.3413120196461218,0.0695468343919572,nerve_tibial:18:7,2
nerve_tibial,ENSG00000105556,ENSG00000183186,0.1023892256291958,0.0040644905485675,0.0040644905485675,1.0,0.4478001346706355,0.3473319457350705,nerve_tibial:19:0,2
nerve_tibial,ENSG00000197766,ENSG00000175221,0.3663455899532906,0.0035605805185182,0.0035294670425971,1.0,0.1627417862799271,0.3016079572513755,nerve_tibial:19:0,2
nerve_tibial,ENSG00000105248,ENSG00000105255,0.1762718319727056,0.0040644976845956,0.0040851813520304,1.0,0.0155620018699944,0.0167819969292355,nerve_tibial:19:0,2
nerve_tibial,ENSG00000187650,ENSG00000267571,0.1616561081491028,0.0043700601002714,0.0043759901483016,1.0,0.6301781865010729,0.762096815349714,nerve_tibial:19:0,2
nerve_tibial,ENSG00000270614,ENSG00000188629,0.9963167905807496,0.0675244412462207,0.0675244412462207,1.0,0.3175497747682317,0.5576581993509307,nerve_tibial:19:0,6
nerve_tibial,ENSG00000220201,ENSG00000267673,0.2251329341934465,0.0019498578382521,0.0019536229421563,1.0,0.2305168577575972,0.5520799749394716,nerve_tibial:19:1,1
nerve_tibial,ENSG00000240616,ENSG00000161860,0.5246445736006287,-0.0128453009116489,-0.0128453009116489,1.0,0.1882009084462704,0.6463442469908258,nerve_tibial:19:1,0
nerve_tibial,ENSG00000267056,ENSG00000171903,1.0,0.5585467651531201,0.5585467651531201,1.0,0.8910166446376837,0.8786711241201443,nerve_tibial:19:1,7
nerve_tibial,ENSG00000064547,ENSG00000089639,0.1415114064274263,0.0034167775261343,0.0034167775261343,1.0,0.5508412287104743,0.573976798403707,nerve_tibial:19:1,2
nerve_tibial,ENSG00000181896,ENSG00000105708,0.5332443819751553,-0.0308600926653396,-0.0308546678142096,1.0,0.1405270747715858,0.2626569334339216,nerve_tibial:19:1,0
nerve_tibial,ENSG00000268081,ENSG00000268555,0.1048499781532328,0.0434805733285742,0.0435017613917366,1.0,0.5337125144448588,0.4635571016563564,nerve_tibial:19:2,5
nerve_tibial,ENSG00000268947,ENSG00000105698,0.19712639620667,0.0025758551335102,0.0026391952910325,1.0,0.1241088693736014,-0.0079496468454262,nerve_tibial:19:3,1
nerve_tibial,ENSG00000011590,ENSG00000272333,0.1071517886286628,0.0070446896619812,0.0070369752876782,1.0,0.1111829501987795,0.1422735367771462,nerve_tibial:19:3,3
nerve_tibial,ENSG00000161277,ENSG00000075702,0.1581616853310237,0.0038533595177377,0.0038000429129825,1.0,0.2366955641096446,-0.0996291165732086,nerve_tibial:19:3,2
nerve_tibial,ENSG00000105245,ENSG00000123815,0.9486085160594904,0.0462604801836578,0.0462604801836578,1.0,0.5092401831626142,0.5775792634650667,nerve_tibial:19:4,6
nerve_tibial,ENSG00000248098,ENSG00000177191,0.4912493543138794,-0.0096749145417445,-0.0097028678724879,1.0,0.0094161010361411,0.2133604748244263,nerve_tibial:19:4,0
nerve_tibial,ENSG00000231412,ENSG00000204936,0.9926602244377136,0.2038752225258164,0.2038752225258164,1.0,0.594428409062474,0.6009624156649473,nerve_tibial:19:4,7
nerve_tibial,ENSG00000130203,ENSG00000130208,1.0,0.1291413281366244,0.1291413281366244,1.0,0.7286403754382982,0.7492157055071812,nerve_tibial:19:4,7
nerve_tibial,ENSG00000268047,ENSG00000269352,0.3478880645054545,-0.0114852179584017,-0.0114765486003146,1.0,0.0525371143695107,0.3206630689568131,nerve_tibial:19:4,0
nerve_tibial,ENSG00000269352,ENSG00000039650,0.3509877366297758,0.0099505075551542,0.0099178508208162,1.0,0.5265988563951142,0.5833491521146689,nerve_tibial:19:4,3
nerve_tibial,ENSG00000167755,ENSG00000169035,0.9999825954437256,0.0904910955559631,0.0904910955559631,1.0,0.7826429831286549,0.8646005301240697,nerve_tibial:19:5,6
nerve_tibial,ENSG00000129455,ENSG00000129451,0.7581043273257393,0.0716711503862494,0.0716711503862494,1.0,0.6402077155586653,0.5749793893748368,nerve_tibial:19:5,6
nerve_tibial,ENSG00000129451,ENSG00000167757,0.9696786657382716,0.0325448069621087,0.0325448069621087,1.0,0.3476103495618363,0.4311452510698033,nerve_tibial:19:5,5
nerve_tibial,ENSG00000167757,ENSG00000167759,0.999987661870172,0.0530634374623458,0.0530634374623458,1.0,0.4078837821626538,0.4119942650168886,nerve_tibial:19:5,6
nerve_tibial,ENSG00000167759,ENSG00000129437,0.9999963641166688,0.05788607118487,0.05788607118487,1.0,0.4561605727405162,0.5223193550846861,nerve_tibial:19:5,6
nerve_tibial,ENSG00000129450,ENSG00000168995,0.9987671971321106,0.0169499997555398,0.0169499997555398,1.0,0.4349534503129427,0.7961640036065909,nerve_tibial:19:5,4
nerve_tibial,ENSG00000167555,ENSG00000198633,0.9999628663063048,-0.1479457230520245,-0.1479457230520245,1.0,-0.4148381291447435,0.0255754240803181,nerve_tibial:19:5,0
nerve_tibial,ENSG00000088053,ENSG00000160439,0.3310510516166687,0.0361392315300343,0.0361392315300343,1.0,0.3003639330811383,0.2640110705060118,nerve_tibial:19:5,5
nerve_tibial,ENSG00000186230,ENSG00000276449,0.2497783567225866,-0.025756236318783,-0.025756236318783,1.0,-0.02555032136402,0.1295167118366675,nerve_tibial:19:5,0
nerve_tibial,ENSG00000269054,ENSG00000152475,0.794210453850912,0.0835108689819376,0.0835108689819376,1.0,0.3329206893959411,0.4947980282877038,nerve_tibial:19:5,6
nerve_tibial,ENSG00000235688,ENSG00000172554,0.4126774097180998,0.0285679788413246,0.0285679788413246,1.0,0.5217369920472468,0.4554489319229002,nerve_tibial:2:0,5
nerve_tibial,ENSG00000115705,ENSG00000228613,0.5496853584123258,0.0214066234344371,0.0215919882811567,1.0,0.5832227625624211,0.6253593943872536,nerve_tibial:2:0,4
nerve_tibial,ENSG00000171863,ENSG00000118004,0.1961712389457801,-0.0033533073070136,-0.0033533073070136,1.0,0.110725338182317,0.04449710745175,nerve_tibial:2:0,1
nerve_tibial,ENSG00000205837,ENSG00000225964,1.0,0.1261569253083542,0.1261569253083542,1.0,0.5068418956581962,0.5839005647087966,nerve_tibial:2:0,7
nerve_tibial,ENSG00000115750,ENSG00000269973,0.3106427468341408,0.0495086749515764,0.0495086749515764,1.0,0.5528889408560905,0.4569903298378226,nerve_tibial:2:0,6
nerve_tibial,ENSG00000269973,ENSG00000134317,0.3455414716116536,-0.0211188057489777,-0.0210244709167768,1.0,-0.0238282818388373,0.1051592551278304,nerve_tibial:2:0,0
nerve_tibial,ENSG00000118965,ENSG00000227210,0.2882763273737581,0.0033343671810893,0.0033817730076782,0.9801227866735442,0.1363792486632747,0.2379316714921468,nerve_tibial:2:1,2
nerve_tibial,ENSG00000235072,ENSG00000138101,0.9911785634089334,0.0203782037368573,0.0203654405835219,1.0,0.2009568327260938,0.1957620209091324,nerve_tibial:2:2,4
nerve_tibial,ENSG00000084774,ENSG00000138100,0.1572181550646476,0.0020212241215562,0.0020555273074952,1.0,0.036371585536436,-0.0478214821063311,nerve_tibial:2:2,1
nerve_tibial,ENSG00000214711,ENSG00000013016,0.8532120085250625,0.0476472973845704,0.0476472973845704,1.0,0.2824191003473629,0.3795303525213546,nerve_tibial:2:3,6
nerve_tibial,ENSG00000119787,ENSG00000231367,0.4146548184692058,0.0171482637103872,0.01719662964784,1.0,0.1477580809234888,0.017724226568973,nerve_tibial:2:3,4
nerve_tibial,ENSG00000162881,ENSG00000162882,0.3990957073715506,0.0009841542459955,0.0009823995408059,0.0532282661280501,0.1926194531598178,0.5149152991365683,nerve_tibial:2:4,1
nerve_tibial,ENSG00000119878,ENSG00000279254,0.2338882763853824,0.0166901634035164,0.016599048000193,1.0,0.4036067260758142,0.4934493114323842,nerve_tibial:2:4,4
nerve_tibial,ENSG00000225889,ENSG00000223935,0.2259924795191921,-0.0066208821359623,-0.006675248900047,1.0,-0.0425044705357871,0.1889413670667333,nerve_tibial:2:6,0
nerve_tibial,ENSG00000152672,ENSG00000116031,0.9999998807907104,0.170371133764609,0.1703808424256913,1.0,0.7396782524779334,0.7353881361290253,nerve_tibial:2:7,7
nerve_tibial,ENSG00000257800,ENSG00000217702,0.1129027319524098,0.0265449082299857,0.0265449065695885,1.0,0.4182132548277359,0.4348113799079843,nerve_tibial:2:7,5
nerve_tibial,ENSG00000188687,ENSG00000204843,0.438911935193488,-0.0134472494183873,-0.0134472494183873,1.0,-0.3057051234016282,-0.5169987507374391,nerve_tibial:2:7,0
nerve_tibial,ENSG00000204792,ENSG00000115350,0.9987214207649232,-0.1246395773651384,-0.1246395773651384,1.0,-0.253173865460746,-0.1291428177932797,nerve_tibial:2:7,0
nerve_tibial,ENSG00000222041,ENSG00000234231,0.1113194848021486,-0.0037611144849395,-0.0037828506785854,1.0,0.1686011960741522,0.2838173050632724,nerve_tibial:2:8,1
nerve_tibial,ENSG00000174501,ENSG00000186281,0.5697528055167282,-0.0070626425030308,-0.0070626425030308,1.0,-0.0143245383554191,-0.2129897729173871,nerve_tibial:2:9,0
nerve_tibial,ENSG00000228486,ENSG00000115085,0.2614487409591675,0.0,0.0,0.0,0.0282161777963368,0.2498180379634,nerve_tibial:2:9,1
nerve_tibial,ENSG00000230650,ENSG00000175772,0.957273964726383,0.0737726921504968,0.0737726921504968,1.0,0.6242980676422568,0.6957014957074523,nerve_tibial:2:11,6
nerve_tibial,ENSG00000144152,ENSG00000278962,0.1102785991343182,0.0041118538304175,0.0041239253909201,1.0,0.5889832725443445,0.7882739830079432,nerve_tibial:2:11,2
nerve_tibial,ENSG00000237753,ENSG00000144136,0.1138601513247792,-0.0096576843547145,-0.0096950481375663,1.0,-0.0362130344164884,-0.1164593385198542,nerve_tibial:2:11,0
nerve_tibial,ENSG00000136710,ENSG00000136718,0.1230162870638267,0.0005310848957462,0.0005337910286181,1.0,0.1249294208184713,-0.0763748849957167,nerve_tibial:2:13,1
nerve_tibial,ENSG00000236485,ENSG00000287414,0.499696671962738,0.1002054937199211,0.1002054937199211,1.0,0.4908498166463205,0.6119757294763433,nerve_tibial:2:13,7
nerve_tibial,ENSG00000115339,ENSG00000235192,0.9427625581373568,0.1681892364701056,0.1681892364701056,1.0,0.5746055259005941,0.6607732223274424,nerve_tibial:2:16,7
nerve_tibial,ENSG00000228509,ENSG00000115419,0.2236467895064606,-0.0098369163884869,-0.0098369163884869,1.0,-0.0922313255703253,0.0021616130812779,nerve_tibial:2:19,0
nerve_tibial,ENSG00000138378,ENSG00000227542,0.1984056028981058,-0.0145971923307189,-0.0145971923307189,1.0,0.0245313063468843,0.4232889420541836,nerve_tibial:2:19,0
nerve_tibial,ENSG00000279348,ENSG00000260804,0.8020796297565909,0.0687160238710534,0.0687160238710534,1.0,0.5669348704522471,0.6448576826139488,nerve_tibial:2:21,6
nerve_tibial,ENSG00000283312,ENSG00000181798,0.9999982714653016,0.1479855674624973,0.1479855674624973,1.0,0.4810631261546304,0.6138184631933995,nerve_tibial:2:23,7
nerve_tibial,ENSG00000066248,ENSG00000168918,0.398944876428061,0.0404773175595958,0.0404773212482473,1.0,0.549298785816555,0.5416213397560007,nerve_tibial:2:23,5
nerve_tibial,ENSG00000144488,ENSG00000168427,0.114058620388036,0.0084087396582389,0.0084087392323711,1.0,0.1951398761216084,0.2920256119911873,nerve_tibial:2:23,3
nerve_tibial,ENSG00000286307,ENSG00000287405,0.4256116671338823,0.0142348227680981,0.0142748974127596,1.0,0.4438218869241189,0.5710217223145274,nerve_tibial:2:23,4
nerve_tibial,ENSG00000280119,ENSG00000226423,0.9999716878367052,0.0830646008416756,0.0830646008416756,1.0,0.7342700490858497,0.7899812499528871,nerve_tibial:2:24,6
nerve_tibial,ENSG00000226423,ENSG00000287971,0.9999669195924524,0.0769715914680283,0.0769715914680283,1.0,0.180639586534989,0.285893222723815,nerve_tibial:2:24,6
nerve_tibial,ENSG00000287971,ENSG00000261186,0.993501346986168,0.0527914742167469,0.0527914742167469,1.0,0.0680371154697884,0.1205584983269246,nerve_tibial:2:24,6
nerve_tibial,ENSG00000101282,ENSG00000286787,0.5461118579446165,-0.0153993745600374,-0.0154163377581756,1.0,0.0632223048447481,0.3969631677065588,nerve_tibial:20:0,0
nerve_tibial,ENSG00000132646,ENSG00000101290,0.118014834498247,-0.0018758775676678,-0.0018866167290497,1.0,-0.0380907506343183,-0.1039052036535368,nerve_tibial:20:0,1
nerve_tibial,ENSG00000089050,ENSG00000101310,0.1683412384311466,0.0092300638802134,0.0092300638802134,1.0,0.1605317237921961,0.2636888979903792,nerve_tibial:20:1,3
nerve_tibial,ENSG00000088298,ENSG00000101000,0.2601487698322486,0.0099719591337829,0.0099821361736066,1.0,0.5079939841952261,0.6355899045278433,nerve_tibial:20:3,3
nerve_tibial,ENSG00000101079,ENSG00000149636,0.1307743719865257,0.0010455495086983,0.0010479463604262,1.0,-0.0188442813121534,-0.0401465122224143,nerve_tibial:20:3,1
nerve_tibial,ENSG00000184617,ENSG00000198185,0.1250415113771339,0.0157719428412971,0.0157824502172692,1.0,0.5033718261350625,0.6826512120688911,nerve_tibial:20:4,4
nerve_tibial,ENSG00000230226,ENSG00000125534,0.9528164863586426,0.071148216271947,0.071148216271947,1.0,0.263389326454638,0.3440175313797565,nerve_tibial:20:6,6
nerve_tibial,ENSG00000101213,ENSG00000125508,0.998477339744568,0.0397544058882313,0.0397544058882313,1.0,0.2963351647319315,0.6584909357422554,nerve_tibial:20:6,5
nerve_tibial,ENSG00000197457,ENSG00000258366,0.1612403492231706,0.0018920199606394,0.0019071248228424,1.0,0.234444381743137,0.2755977942972855,nerve_tibial:20:6,1
nerve_tibial,ENSG00000130590,ENSG00000101161,0.2581097674120407,0.0051244038934947,0.0051523973576775,1.0,0.0937558179658599,-0.2023558609413291,nerve_tibial:20:6,2
nerve_tibial,ENSG00000280071,ENSG00000275464,1.0,0.2395337257936954,0.2395337257936954,1.0,0.7681730401865254,0.6499656398321566,nerve_tibial:21:0,7
nerve_tibial,ENSG00000275464,ENSG00000280433,1.0,0.1695756649871666,0.1695756649871666,1.0,0.6237822586515593,0.4219175000038676,nerve_tibial:21:0,7
nerve_tibial,ENSG00000230965,ENSG00000215559,0.3333334128061977,0.063118899022065,0.0630093696569409,1.0,0.7537964194338058,0.8165388535771652,nerve_tibial:21:1,6
nerve_tibial,ENSG00000224905,ENSG00000185272,0.1421512473719204,0.0025220960014003,0.00255732680819,1.0,0.6353580152162271,0.4684892061788721,nerve_tibial:21:1,1
nerve_tibial,ENSG00000185433,ENSG00000229962,0.186864273493672,0.006659811252742,0.006659811252742,1.0,0.2651826173173788,0.3621647884830511,nerve_tibial:21:2,2
nerve_tibial,ENSG00000227256,ENSG00000170262,0.9401846528053284,0.0435850340266986,0.0435850340266986,1.0,0.0998400748530697,0.0309618041950435,nerve_tibial:21:3,5
nerve_tibial,ENSG00000223799,ENSG00000243646,0.9992104172706604,0.0565151871826895,0.0565151871826895,1.0,0.5332155795180471,0.5315962718412437,nerve_tibial:21:3,6
nerve_tibial,ENSG00000159231,ENSG00000142197,0.1827519750885748,-0.0083786782360788,-0.008429064673409,1.0,-0.1383087322326536,0.023170449830109,nerve_tibial:21:3,0
nerve_tibial,ENSG00000185808,ENSG00000182670,0.999357521533966,-0.1417126142394292,-0.1417126142394292,1.0,-0.3881896763383455,-0.2056440061594922,nerve_tibial:21:3,0
nerve_tibial,ENSG00000226496,ENSG00000182240,0.9527001976966858,0.0278347811001831,0.0278347811001831,1.0,0.3456560138524457,0.2244329455036063,nerve_tibial:21:4,5
nerve_tibial,ENSG00000235776,ENSG00000215012,0.7191649517237018,0.0528982958497495,0.0529282533718592,1.0,0.0832911044108821,0.0235591699957273,nerve_tibial:22:1,6
nerve_tibial,ENSG00000272829,ENSG00000099949,0.2468527732701275,0.0102518409491637,0.0102012063699307,1.0,0.2502006528285134,0.0327653396184345,nerve_tibial:22:2,3
nerve_tibial,ENSG00000272779,ENSG00000211643,0.9730073809623718,0.0966288244694954,0.0966288244694954,1.0,0.6596162219981124,0.6022757863316456,nerve_tibial:22:2,6
nerve_tibial,ENSG00000272733,ENSG00000189269,0.4173083948397647,0.1349272622647215,0.1349272622647215,1.0,0.6625450719898928,0.6819150716315647,nerve_tibial:22:2,7
nerve_tibial,ENSG00000218537,ENSG00000273295,0.4999999701976776,0.310426546213468,0.3104265462134679,1.0,0.8842760278777827,0.860778183467998,nerve_tibial:22:2,7
nerve_tibial,ENSG00000273295,ENSG00000133433,0.4924684762954712,-0.1882015005567614,-0.1882015005567614,1.0,-0.56256635867,-0.433060800182514,nerve_tibial:22:2,0
nerve_tibial,ENSG00000272977,ENSG00000100077,0.9409967064857484,0.1598836820262858,0.1598836820262858,1.0,0.4221968641950397,0.1061746588344852,nerve_tibial:22:2,7
nerve_tibial,ENSG00000225465,ENSG00000100285,0.135819437910257,0.0084431225048856,0.0084431225048856,1.0,0.4673098969556242,0.4551367321798721,nerve_tibial:22:2,3
nerve_tibial,ENSG00000133488,ENSG00000214491,0.3427447691212251,0.0348308770111693,0.0348308770111693,1.0,0.5209843619931838,0.7280263612861942,nerve_tibial:22:3,5
nerve_tibial,ENSG00000221963,ENSG00000100320,0.9999698400497437,0.0251109272556865,0.0251109272556865,1.0,0.130417173295512,0.3338067682090664,nerve_tibial:22:3,5
nerve_tibial,ENSG00000100151,ENSG00000100156,0.2281357890877373,0.0110941986769476,0.0109672643596414,1.0,0.4587559924860804,0.5339932708256709,nerve_tibial:22:3,3
nerve_tibial,ENSG00000100156,ENSG00000128298,0.204649326766706,0.0145896379494285,0.014673250638337,1.0,0.8204481205060975,0.8331447939707137,nerve_tibial:22:3,4
nerve_tibial,ENSG00000244509,ENSG00000243811,0.4397570276247506,0.0205562397529571,0.0205562397529571,1.0,0.456679747331457,0.5572996888019051,nerve_tibial:22:3,4
nerve_tibial,ENSG00000100197,ENSG00000227370,0.997460599825871,0.0,0.0,0.0,0.5183117758275019,0.6765817990960336,nerve_tibial:22:4,1
nerve_tibial,ENSG00000227370,ENSG00000281538,0.9996247029258,0.1856866048710805,0.1856866048710805,1.0,0.5124726692197291,0.6140917266858453,nerve_tibial:22:4,7
nerve_tibial,ENSG00000279933,ENSG00000280011,0.4885267367487813,0.032971584342091,0.032971584342091,1.0,0.5211183619241277,0.6139806852635341,nerve_tibial:22:4,5
nerve_tibial,ENSG00000219438,ENSG00000205632,0.3990760682248719,0.0,0.0,0.0,0.1734073107202979,0.1990981996903581,nerve_tibial:22:4,1
nerve_tibial,ENSG00000205560,ENSG00000100288,0.9999924302101136,0.089564824351503,0.089564824351503,1.0,0.4579682816078203,0.5737122344973429,nerve_tibial:22:5,6
nerve_tibial,ENSG00000175928,ENSG00000287720,0.3883933223820044,0.0219961507078931,0.0220117862240412,1.0,0.51204145551509,0.3201651169943484,nerve_tibial:3:0,4
nerve_tibial,ENSG00000270207,ENSG00000227110,0.9998089676739356,0.0513171586301898,0.0513171586301898,1.0,0.3246277227319767,0.5885218223906011,nerve_tibial:3:0,6
nerve_tibial,ENSG00000163702,ENSG00000163703,0.9996972680091858,0.0,0.0,0.0,0.1562549011011725,0.3777337324812579,nerve_tibial:3:0,1
nerve_tibial,ENSG00000206560,ENSG00000287042,0.1523141734311579,0.002249060182251,0.0022688159781437,1.0,0.2834909472823839,0.1443134878068396,nerve_tibial:3:1,1
nerve_tibial,ENSG00000178567,ENSG00000076242,0.4566463448186226,0.0059127555795786,0.0059127552791989,1.0,0.1127126105258934,-0.2286712611364248,nerve_tibial:3:3,2
nerve_tibial,ENSG00000196653,ENSG00000186446,0.99984645860766,0.1254832533039871,0.1254832533039871,1.0,0.5591221003276929,0.5854145817000993,nerve_tibial:3:4,7
nerve_tibial,ENSG00000016391,ENSG00000056736,0.9529975661050614,0.123969188023162,0.123969188023162,1.0,0.7231396683897066,0.7937421808143331,nerve_tibial:3:5,7
nerve_tibial,ENSG00000241218,ENSG00000272597,0.9999985694885254,0.0178818188228956,0.0178818188228956,1.0,0.4890811952959967,0.8416000311815633,nerve_tibial:3:10,4
nerve_tibial,ENSG00000138463,ENSG00000273033,0.969954307021375,-0.034517560192043,-0.034517560192043,1.0,0.2296338454077733,0.2510716352559334,nerve_tibial:3:12,0
nerve_tibial,ENSG00000240006,ENSG00000260633,0.1207010066571285,0.0134856878671433,0.013514764513378,1.0,0.3168428404330836,0.4313823228507484,nerve_tibial:3:13,4
nerve_tibial,ENSG00000158163,ENSG00000118017,0.7114628150847224,-0.0822398105687041,-0.0822790403871831,1.0,-0.0445293736844823,0.1451172375948363,nerve_tibial:3:13,0
nerve_tibial,ENSG00000287706,ENSG00000169860,0.3713242468492375,0.0213835429182968,0.0214072118333583,1.0,0.5011909824970452,0.7440163382342295,nerve_tibial:3:15,4
nerve_tibial,ENSG00000136603,ENSG00000013297,0.1260097731371416,-0.0042401571610468,-0.0042513450423248,1.0,0.2180256128183053,0.3022836982324982,nerve_tibial:3:17,1
nerve_tibial,ENSG00000224769,ENSG00000229178,0.2745676631094795,0.0718630215336249,0.0718853803413069,1.0,0.4563985752388834,0.4460985634583747,nerve_tibial:3:19,6
nerve_tibial,ENSG00000229178,ENSG00000242086,0.2462688632790914,0.0443938188284648,0.0443938188284648,1.0,0.4586633071483171,0.4347511893498437,nerve_tibial:3:19,5
nerve_tibial,ENSG00000232065,ENSG00000174004,0.1036369522209703,0.0053400298732576,0.0053400298732576,1.0,0.0929237678769122,0.0675565046359705,nerve_tibial:3:19,2
nerve_tibial,ENSG00000230732,ENSG00000114503,0.2254666663674385,-0.0044680407504346,-0.0044843554635928,1.0,0.003824641703772,0.0016548836996604,nerve_tibial:3:19,1
nerve_tibial,ENSG00000273308,ENSG00000286909,0.9847393769729252,0.1586832690993282,0.1586832690993282,1.0,0.4628392571576541,0.5810328530382757,nerve_tibial:3:19,7
nerve_tibial,ENSG00000170801,ENSG00000251615,0.1791364281066663,0.0,0.0,0.0,0.0895725745281394,-0.1059527860470041,nerve_tibial:4:0,1
nerve_tibial,ENSG00000251615,ENSG00000087008,0.9934751485980088,-0.0932459521969113,-0.0932459521969113,1.0,-0.2435961036503098,-0.1981628639363287,nerve_tibial:4:0,0
nerve_tibial,ENSG00000273257,ENSG00000134851,0.7621231991724358,0.0,0.0,0.0,0.06285038004789,-0.1348867262811202,nerve_tibial:4:5,1
nerve_tibial,ENSG00000170509,ENSG00000198189,1.0,-0.0365383639983049,-0.0365383639983049,1.0,-0.0628128628337016,0.1613287499358547,nerve_tibial:4:8,0
nerve_tibial,ENSG00000145423,ENSG00000280241,0.4136596690507055,0.008173108563572,0.0082031031270309,1.0,0.5676440498363818,0.3158008382270397,nerve_tibial:4:15,3
nerve_tibial,ENSG00000287822,ENSG00000250604,0.490821349614805,0.0539703616108669,0.0539703616108669,1.0,0.3870509756377664,0.6388397975365102,nerve_tibial:4:15,6
nerve_tibial,ENSG00000250604,ENSG00000164124,0.4990172386169433,0.0748597359200882,0.0748597359200882,1.0,0.6668564350876922,0.7866572660492751,nerve_tibial:4:15,6
nerve_tibial,ENSG00000164124,ENSG00000286558,0.4999811053276062,0.0706524848559599,0.0706524848559599,1.0,0.5416844894258522,0.6236899049108552,nerve_tibial:4:15,6
nerve_tibial,ENSG00000205572,ENSG00000205571,0.9994457960789304,0.049449250294554,0.049449250294554,1.0,0.3458043958812563,0.3402716301439333,nerve_tibial:5:7,6
nerve_tibial,ENSG00000205571,ENSG00000179978,0.8230967732552443,0.0269374286315558,0.0269374286315558,1.0,0.2573291874068102,0.1500323042735546,nerve_tibial:5:7,5
nerve_tibial,ENSG00000164291,ENSG00000178015,0.1228878143917988,0.0071656194730964,0.0071715114324106,1.0,0.4304117157661754,0.5713615261804589,nerve_tibial:5:9,3
nerve_tibial,ENSG00000113621,ENSG00000132570,0.352964707121167,-0.0097394929764475,-0.0099179536222904,1.0,-0.1308793077716902,-0.1699616853763325,nerve_tibial:5:13,0
nerve_tibial,ENSG00000145839,ENSG00000254239,0.8834945102340441,0.0325567372151428,0.0325686925863986,1.0,0.6698670024495812,0.8347912757782919,nerve_tibial:5:13,5
nerve_tibial,ENSG00000250343,ENSG00000169302,0.999809503555298,0.0122805887626203,0.0122805887626203,1.0,0.5508203957614348,0.8827335053248255,nerve_tibial:5:14,3
nerve_tibial,ENSG00000070808,ENSG00000183876,0.5198707975556793,0.0254054709967525,0.0254054709967525,1.0,0.5788308899483674,0.5049192875320634,nerve_tibial:5:15,5
nerve_tibial,ENSG00000271795,ENSG00000288081,0.1151680135885158,0.0040409306541436,0.0040409306541436,1.0,0.1576918040127556,0.4462791176226861,nerve_tibial:5:15,2
nerve_tibial,ENSG00000277039,ENSG00000155508,0.1206492736527877,0.0060324897218138,0.0060368694834226,1.0,0.3039534436153071,0.1210272685735682,nerve_tibial:5:15,2
nerve_tibial,ENSG00000146067,ENSG00000272459,0.1249436642357864,0.0019547301883118,0.0020045297426926,1.0,0.0761336619029327,0.2270083678696529,nerve_tibial:5:17,1
nerve_tibial,ENSG00000214113,ENSG00000145982,0.99997740983963,0.0162642719664829,0.0162642719664829,1.0,0.1802167508400297,0.553108369491356,nerve_tibial:6:0,4
nerve_tibial,ENSG00000272221,ENSG00000204520,0.8478594170679621,0.0,0.0,0.0,0.4547725187685253,0.4124373810980297,nerve_tibial:6:3,1
nerve_tibial,ENSG00000241106,ENSG00000204267,0.499999970190629,-0.0515143209125822,-0.0515143209125822,1.0,0.0937732608313586,0.1328733044342832,nerve_tibial:6:3,0
nerve_tibial,ENSG00000231500,ENSG00000235863,0.2791596055030823,-0.0079157490448013,-0.0079157490448013,1.0,-0.3258157638653675,0.1260559931458736,nerve_tibial:6:3,0
nerve_tibial,ENSG00000095970,ENSG00000124731,0.8580367090066829,0.0150290517806496,0.0150290517806496,1.0,0.2275131853776463,0.1582028903104904,nerve_tibial:6:4,4
nerve_tibial,ENSG00000112624,ENSG00000146223,0.1339724219113023,-0.0010455107273538,-0.0010538471184645,1.0,0.0037605736924689,-0.041907859673722,nerve_tibial:6:4,1
nerve_tibial,ENSG00000153291,ENSG00000180113,0.3589350018984873,-0.055342273855383,-0.055342273855383,0.5866837683090972,-0.372188091425286,0.3140656910455963,nerve_tibial:6:4,0
nerve_tibial,ENSG00000261366,ENSG00000172469,0.946111306896512,0.0126026699903107,0.0125907019349668,0.9987422988848238,0.4640896341100824,0.435165816116307,nerve_tibial:6:9,4
nerve_tibial,ENSG00000187189,ENSG00000111817,0.1171316030688807,0.0019543780660496,0.001963586863365,1.0,0.1254452140231545,0.1738215382054963,nerve_tibial:6:11,1
nerve_tibial,ENSG00000286452,ENSG00000259828,0.5508001281257435,0.0553736806156722,0.0555004411089784,0.8795394287379095,0.8838773848456973,0.920155477506732,nerve_tibial:6:14,6
nerve_tibial,ENSG00000216906,ENSG00000203722,0.5788189532283425,0.0822829480131513,0.0822829480131513,1.0,0.2928861582684018,0.3728360468967838,nerve_tibial:6:14,6
nerve_tibial,ENSG00000203722,ENSG00000131015,0.320072349081272,0.0149093301756483,0.0149093301756483,1.0,0.1575176149898273,0.1900277687134828,nerve_tibial:6:14,4
nerve_tibial,ENSG00000231178,ENSG00000234777,1.0,0.075067143621396,0.075067143621396,1.0,0.628819013446398,0.7588687134867096,nerve_tibial:6:15,6
nerve_tibial,ENSG00000112110,ENSG00000146453,0.1660698652267456,0.0,0.0,0.0,0.067778186054988,0.1318606626083203,nerve_tibial:6:15,1
nerve_tibial,ENSG00000176381,ENSG00000198818,0.1859667526804287,0.0095161650558914,0.0095027548855482,1.0,0.1966941293978233,0.1620608445699749,nerve_tibial:6:16,3
nerve_tibial,ENSG00000273151,ENSG00000105963,1.0,0.0497226110686693,0.0497226110686693,1.0,0.3320120752530255,0.339968834864884,nerve_tibial:7:0,6
nerve_tibial,ENSG00000273230,ENSG00000164880,0.9677098393440248,0.0708920214174881,0.0708920214174881,1.0,0.239890750338331,0.3516473349047653,nerve_tibial:7:0,6
nerve_tibial,ENSG00000196204,ENSG00000146587,0.3323193717349966,-0.0389563954899623,-0.0389563954899623,1.0,-0.3558673793252427,-0.4716351335758361,nerve_tibial:7:0,0
nerve_tibial,ENSG00000272361,ENSG00000106524,0.1024470427532691,-0.0035904630100874,-0.0035640251153457,1.0,0.0136797540898307,0.2744336860809886,nerve_tibial:7:1,1
nerve_tibial,ENSG00000214870,ENSG00000122548,0.5956705555878372,0.073126101784398,0.0731387945625394,1.0,0.4523609802313785,0.6195140120576835,nerve_tibial:7:2,6
nerve_tibial,ENSG00000006625,ENSG00000196295,0.1353899379298582,0.0110298756181839,0.0110298762030277,1.0,0.245709272548028,-0.2797963001465922,nerve_tibial:7:3,3
nerve_tibial,ENSG00000227172,ENSG00000241127,0.4259690737901138,0.0134303602828339,0.0134557683520758,1.0,0.0457164479261676,0.0279487075722838,nerve_tibial:7:3,4
nerve_tibial,ENSG00000136271,ENSG00000158604,0.2471744206085055,0.0038665020362686,0.0038987165099097,1.0,0.2562545520696428,-0.120011921317493,nerve_tibial:7:4,2
nerve_tibial,ENSG00000232956,ENSG00000136280,0.316896743907634,0.0014696912159119,0.0014696912159119,1.0,0.0134025050576462,0.2961946599773346,nerve_tibial:7:4,1
nerve_tibial,ENSG00000127946,ENSG00000006606,0.1533579314902766,0.0055647993546861,0.0055688260119272,1.0,0.15609046235229,0.0713073732275326,nerve_tibial:7:7,2
nerve_tibial,ENSG00000005486,ENSG00000127948,0.1306049869712957,0.0017853359038436,0.0018011789878664,1.0,0.3332128105696199,0.4662290310467337,nerve_tibial:7:7,1
nerve_tibial,ENSG00000186704,ENSG00000242435,0.1553953829088996,0.0089433232127333,0.0089487186873325,1.0,0.4879538665419136,0.7226507955845143,nerve_tibial:7:7,3
nerve_tibial,ENSG00000241350,ENSG00000233448,0.94478591726034,0.2463205098405481,0.2463205098405481,1.0,0.4705284387712267,0.5744682517881926,nerve_tibial:7:7,7
nerve_tibial,ENSG00000177409,ENSG00000004766,0.129905266745034,0.003422343869042,0.003423428471423,1.0,0.1826215937402392,0.1995307983912094,nerve_tibial:7:9,2
nerve_tibial,ENSG00000284981,ENSG00000285437,0.1601516022622746,0.0089749912137167,0.0089749912137167,1.0,0.5587799824780327,0.5146808440934701,nerve_tibial:7:10,3
nerve_tibial,ENSG00000242588,ENSG00000243302,0.9999631646563784,0.2530411690483958,0.2530411690483958,1.0,0.8555602350935447,0.8998533368721467,nerve_tibial:7:12,7
nerve_tibial,ENSG00000243302,ENSG00000230715,0.8577826219243434,0.2271987043923712,0.2271266443088574,1.0,0.8726259978617322,0.9037980085957332,nerve_tibial:7:12,7
nerve_tibial,ENSG00000230715,ENSG00000229413,0.8575948252911303,0.2597902941190756,0.2597902941190756,1.0,0.7895509438794629,0.8382645349273476,nerve_tibial:7:12,7
nerve_tibial,ENSG00000243679,ENSG00000281490,0.9999816418536652,0.3211791745321808,0.3211791745321808,1.0,0.7239460141811914,0.4546021155182397,nerve_tibial:7:12,7
nerve_tibial,ENSG00000198074,ENSG00000227471,0.1858416941584977,0.0030067671404722,0.002966999133857,1.0,0.498597032074771,0.6443710171793966,nerve_tibial:7:13,2
nerve_tibial,ENSG00000227471,ENSG00000172331,0.1229292025854249,0.0031509203273994,0.0031689152098343,1.0,0.2839331944869069,0.2330676851366804,nerve_tibial:7:13,2
nerve_tibial,ENSG00000122778,ENSG00000146858,0.1032323782240318,0.0044515032566525,0.0044283097726612,1.0,0.2191748447533548,0.2635860235124172,nerve_tibial:7:13,2
nerve_tibial,ENSG00000212807,ENSG00000243896,0.4911818958999525,0.0217947444401636,0.0218557996301513,1.0,0.4344739740471667,0.4665700882535715,nerve_tibial:7:14,4
nerve_tibial,ENSG00000171130,ENSG00000241449,0.965336799621582,0.0879406142941847,0.0879406142941847,1.0,0.1886209205881304,0.1724581056645097,nerve_tibial:7:14,6
nerve_tibial,ENSG00000271743,ENSG00000249898,0.8588585159894926,0.0097621681402682,0.0097621681402682,0.9291868353296752,0.4185439157063083,0.5293138326794194,nerve_tibial:8:0,3
nerve_tibial,ENSG00000253641,ENSG00000253649,0.1779424079141307,0.011350623319691,0.011350623319691,1.0,0.3429572419641031,0.51383617961077,nerve_tibial:8:1,3
nerve_tibial,ENSG00000186523,ENSG00000227888,0.1574383654956932,0.0190393984979963,0.0190922993521026,1.0,0.6218205022639732,0.6159312586170311,nerve_tibial:8:1,4
nerve_tibial,ENSG00000168476,ENSG00000168481,1.0,0.0254496853276036,0.0254496853276036,1.0,0.3206116125931628,0.8029344281322587,nerve_tibial:8:2,5
nerve_tibial,ENSG00000253290,ENSG00000253397,0.9193734294791868,0.0959701845861515,0.0959701845861515,0.950335079851664,0.6876075242143611,0.737063237519762,nerve_tibial:8:2,6
nerve_tibial,ENSG00000167910,ENSG00000137575,0.1553152521729472,0.0041378995657222,0.0041223531791625,1.0,0.5101188458465489,0.5314829032385379,nerve_tibial:8:5,2
nerve_tibial,ENSG00000286984,ENSG00000251136,0.9397956156488192,0.0689021805671551,0.0689021805671551,1.0,0.1797842893733591,0.4348556197782519,nerve_tibial:8:8,6
nerve_tibial,ENSG00000008513,ENSG00000261220,0.8255422245735957,0.0239926117625947,0.0239926117625947,1.0,0.3037647832217761,0.2793412571421169,nerve_tibial:8:13,5
nerve_tibial,ENSG00000014164,ENSG00000287576,0.4608987491069456,0.1465146756176374,0.1465586254992736,1.0,0.7172810331077187,0.6608791564361269,nerve_tibial:8:14,7
nerve_tibial,ENSG00000204839,ENSG00000255050,0.6368731795781599,0.0481187702810058,0.0481332578427015,1.0,0.2203827072335744,0.4109575690125137,nerve_tibial:8:14,6
nerve_tibial,ENSG00000254812,ENSG00000183309,0.7794229519711138,0.0571937504176534,0.0571937504176534,1.0,0.2185381177256258,-0.153851066647436,nerve_tibial:8:14,6
nerve_tibial,ENSG00000281769,ENSG00000173253,0.9999994039535522,0.0732821954898029,0.0732821954898029,1.0,0.5512345083789257,0.5787600159749667,nerve_tibial:9:0,6
nerve_tibial,ENSG00000120158,ENSG00000096968,0.7091171606539071,0.0249156360402549,0.0249156360402549,1.0,0.5243174377633627,0.6974440084693484,nerve_tibial:9:0,5
nerve_tibial,ENSG00000186638,ENSG00000164978,0.2614130211798056,-0.0184476266846489,-0.0184476266846489,1.0,-0.1313357403216748,0.002934115607564,nerve_tibial:9:3,0
nerve_tibial,ENSG00000070610,ENSG00000107185,0.1646662725800602,0.0019106831733935,0.0019345224557854,1.0,0.1167143245572297,0.1358789073548241,nerve_tibial:9:3,1
nerve_tibial,ENSG00000204860,ENSG00000106714,0.1463031444263087,0.0184131700520256,0.0185123522442891,1.0,0.3917794912362604,0.4011933271959999,nerve_tibial:9:3,4
nerve_tibial,ENSG00000172014,ENSG00000287329,0.3753358130037156,0.0098748297757774,0.0098748297757774,1.0,0.3631128206980804,0.3299019346176924,nerve_tibial:9:6,3
nerve_tibial,ENSG00000165105,ENSG00000286451,0.6469591349746224,0.032623508467393,0.0326421492107065,1.0,0.8932816539549366,0.9641111010912724,nerve_tibial:9:8,5
nerve_tibial,ENSG00000288062,ENSG00000275318,0.1563064737447277,0.0374606216354687,0.0379418571957955,1.0,0.4525536448344143,0.4293642497773517,nerve_tibial:9:9,5
nerve_tibial,ENSG00000127084,ENSG00000157303,0.1787969378009108,0.0,0.0,0.0,0.3046370991410713,0.4667824302512769,nerve_tibial:9:9,1
nerve_tibial,ENSG00000254876,ENSG00000197816,0.9989338517189026,0.0356878732248691,0.035687873225093,1.0,0.3005461095071289,0.4096584701134414,nerve_tibial:9:9,5
nerve_tibial,ENSG00000136870,ENSG00000136872,0.6450457679338939,0.0275044817992475,0.0275044817992475,1.0,0.1570810970410333,0.280385968499395,nerve_tibial:9:10,5
nerve_tibial,ENSG00000259953,ENSG00000106868,0.9455717996696932,0.0917455049554788,0.0917455049554788,1.0,0.5513263923987931,0.565663553500488,nerve_tibial:9:11,6
nerve_tibial,ENSG00000136802,ENSG00000175287,0.1264141634393532,0.0026480636106003,0.0026671890299737,1.0,0.3104937387223638,0.1487065579596932,nerve_tibial:9:12,2
nerve_tibial,ENSG00000050555,ENSG00000126878,0.364488084370123,0.0105925909810862,0.0105944323158702,1.0,0.1437617571454669,0.362746066241133,nerve_tibial:9:13,3
nerve_tibial,ENSG00000187616,ENSG00000197859,0.25,0.0132707561009593,0.013270756666619,1.0,0.5529609601048362,0.7608157573658992,nerve_tibial:9:13,4
nerve_tibial,ENSG00000197859,ENSG00000196990,0.25,0.0212180055357991,0.0212180087860951,1.0,0.5429009232631922,0.6355521060259692,nerve_tibial:9:13,4
nerve_tibial,ENSG00000196990,ENSG00000123454,0.2477659583091735,0.0274266903233134,0.027426690028588,1.0,0.6391662106938216,0.7495117677893842,nerve_tibial:9:13,5
nerve_tibial,ENSG00000225756,ENSG00000123453,0.9985488653182985,0.0422477109936269,0.0422223434735927,1.0,0.6332169304440506,0.7856523143954611,nerve_tibial:9:13,5
nerve_tibial,ENSG00000262075,ENSG00000160360,0.9999999403953552,0.0168948828052251,0.0168948828052251,1.0,0.1841318021219314,0.2265169818551597,nerve_tibial:9:13,4
nerve_tibial,ENSG00000148400,ENSG00000237886,0.2202066613527122,0.0012391863836494,0.0012391863836494,1.0,0.2113600428057353,0.176869203125139,nerve_tibial:9:13,1
nerve_tibial,ENSG00000130653,ENSG00000182154,0.992182433605194,-0.0525388877455628,-0.0525388877455628,0.9999378916337778,0.0869753193438337,0.2894001365275688,nerve_tibial:9:13,0
nerve_tibial,ENSG00000236871,ENSG00000236017,0.7974322572001711,0.0376354206348559,0.0376190153392776,1.0,0.8096634233995518,0.8199032111655238,nerve_tibial:X:0,5
nerve_tibial,ENSG00000165197,ENSG00000087842,0.5528450549588371,0.0292365991470148,0.0292456772250564,1.0,0.4370360714051847,0.42352433264859,nerve_tibial:X:1,5
nerve_tibial,ENSG00000102225,ENSG00000102226,1.0,0.0081782415259163,0.0081803823374628,1.0,0.3790431000140473,0.4272904699179759,nerve_tibial:X:4,3
nerve_tibial,ENSG00000147162,ENSG00000147174,0.3662722915247514,-0.0036315478576535,-0.0036315478576535,1.0,0.1265211150416035,0.3464731535742584,nerve_tibial:X:7,1
nerve_tibial,ENSG00000228492,ENSG00000271533,0.2856259488946442,0.0016238003043849,0.0016205991664067,1.0,0.2834249893978999,0.4721332937232457,nerve_tibial:X:7,1
nerve_tibial,ENSG00000233680,ENSG00000182489,0.2213129650168177,0.0215577911589786,0.0215631560916496,1.0,0.3407787784128736,0.3656059048265249,nerve_tibial:X:10,4
nerve_tibial,ENSG00000182489,ENSG00000188917,0.2270927687498414,-0.0255582364493851,-0.0255582364493851,1.0,-0.2584380152760777,-0.2351329354043846,nerve_tibial:X:10,0
nerve_tibial,ENSG00000281091,ENSG00000172476,0.9999906420718716,0.0381691182218161,0.0381691182218161,1.0,0.672320718433845,0.7873311032692116,nerve_tibial:X:10,5
nerve_tibial,ENSG00000182890,ENSG00000260585,0.1662024420348373,0.0076763707729597,0.0077305183720354,1.0,0.4250554820594478,0.366494726865203,nerve_tibial:X:12,3
nerve_tibial,ENSG00000238039,ENSG00000241769,0.9999825358390808,0.1922799135486011,0.1922799135486011,1.0,0.6975163457876331,0.7525118364506143,nerve_tibial:X:14,7
nerve_tibial,ENSG00000102181,ENSG00000029993,1.0,0.0515879987162727,0.0515879987162727,1.0,0.583702337486632,0.6530408591393757,nerve_tibial:X:15,6
thyroid,ENSG00000272141,ENSG00000162571,0.7629136436891741,0.0646525154979142,0.0646472509488087,1.0,0.3658417653682682,0.4053113967156486,thyroid:1:0,6
thyroid,ENSG00000162572,ENSG00000131584,0.1708066777443164,0.001574723576474,0.0016608148577177,0.9481632279217204,0.1586646141078642,0.3271781235956692,thyroid:1:0,1
thyroid,ENSG00000215915,ENSG00000160072,0.1945699337381157,0.0215721199564961,0.0215721182047757,1.0,0.2970965557063756,0.0973689064725795,thyroid:1:0,4
thyroid,ENSG00000228594,ENSG00000286989,0.247577379519015,0.0063742747543632,0.0063742747543632,1.0,0.7958409768472703,0.8362683527083541,thyroid:1:0,2
thyroid,ENSG00000008128,ENSG00000227775,1.0,0.2012363840487891,0.2012363840487891,1.0,0.5582914373248612,0.3907087886792979,thyroid:1:0,7
thyroid,ENSG00000271806,ENSG00000182873,1.0,0.1420575350497538,0.1420575350497538,1.0,0.5035495985745813,0.7135885666097956,thyroid:1:0,7
thyroid,ENSG00000287727,ENSG00000130940,0.1191850630818045,-0.0026902234650434,-0.0026974665563505,1.0,-0.1007089969557222,0.1929223852221513,thyroid:1:1,1
thyroid,ENSG00000184908,ENSG00000185519,0.1726247914668306,0.012310668905587,0.012310668905587,1.0,0.3856749613851446,0.5155100092390226,thyroid:1:1,3
thyroid,ENSG00000219481,ENSG00000186301,0.9999504685401917,-0.1098457401150116,-0.1098457401150116,1.0,-0.0390251044195885,0.0983739796320883,thyroid:1:1,0
thyroid,ENSG00000211454,ENSG00000162482,0.5000003576278189,0.0318243637125373,0.0318243611957468,1.0,0.5021970108664595,0.6362798324869071,thyroid:1:1,5
thyroid,ENSG00000162482,ENSG00000270728,0.499097883808858,0.0247946141940488,0.0247946116817937,1.0,0.2683931679159301,0.2513506227795981,thyroid:1:1,5
thyroid,ENSG00000270728,ENSG00000053371,0.4990979433059692,-0.0111863014364689,-0.0111863003030436,1.0,0.0047980089093447,-0.2014299390008674,thyroid:1:1,0
thyroid,ENSG00000272432,ENSG00000261349,0.7706318736067033,-0.1327624410691373,-0.1328298505072349,1.0,-0.2171105108326965,-0.1796209004811109,thyroid:1:2,0
thyroid,ENSG00000261349,ENSG00000187010,0.929257072146541,0.4532669348436023,0.4532669348436023,1.0,0.7730130707667178,0.7918683842722606,thyroid:1:2,7
thyroid,ENSG00000225828,ENSG00000160058,0.9659512606374108,0.0105682291793526,0.0105682291793526,1.0,0.0817941779491916,0.2001726384556237,thyroid:1:3,3
thyroid,ENSG00000171812,ENSG00000054116,0.1260153290504746,0.0037866483967887,0.003809130792286,1.0,0.3909309953252412,0.2852401051369914,thyroid:1:3,2
thyroid,ENSG00000171357,ENSG00000085999,0.2751400058530535,0.0132605971641159,0.01333441719522,1.0,0.2356426825494631,0.0858125988012423,thyroid:1:4,4
thyroid,ENSG00000117480,ENSG00000232022,0.3759416361948311,-0.0083979541629367,-0.0083968285570135,1.0,0.2551345720665502,0.3381559699710056,thyroid:1:4,0
thyroid,ENSG00000162385,ENSG00000226754,0.3945445718351834,0.0161186411979641,0.0161845284965923,1.0,0.3634563313782583,0.4927541699692185,thyroid:1:5,4
thyroid,ENSG00000234578,ENSG00000225675,0.3558865208157442,0.0413460573935518,0.041476125320158,1.0,0.4281324113551101,0.3131812512164355,thyroid:1:5,5
thyroid,ENSG00000225675,ENSG00000143006,0.498176781892969,0.039175256780522,0.0390996620393319,1.0,0.3024827516102534,0.2195013328845902,thyroid:1:5,5
thyroid,ENSG00000211452,ENSG00000081870,0.175076616036268,0.0,0.0,0.0,0.6802105669580288,0.6905393348832236,thyroid:1:5,1
thyroid,ENSG00000280378,ENSG00000116205,0.4155093208886313,-0.0161527403506909,-0.0161527403506909,1.0,-0.0140092220181211,0.1400486115721675,thyroid:1:5,0
thyroid,ENSG00000184313,ENSG00000243725,0.1494217134217663,0.0104084115399363,0.0104621253165114,1.0,0.7919579699913475,0.6431096801932028,thyroid:1:5,3
thyroid,ENSG00000228852,ENSG00000287919,0.9063148091653872,0.0294835931503309,0.029479454082169,1.0,0.0198941009366268,0.0494921773170356,thyroid:1:9,5
thyroid,ENSG00000224965,ENSG00000116396,0.330895957049357,0.0129321919721227,0.0129725631662556,1.0,0.627881228780321,0.7163719377501425,thyroid:1:11,4
thyroid,ENSG00000064886,ENSG00000134216,0.4412155158038082,0.0002472477036397,0.0,0.0310540773959892,0.3346504246924515,0.259639706939559,thyroid:1:11,1
thyroid,ENSG00000188761,ENSG00000134262,0.9504392432141522,0.0265281073168658,0.0265281073168658,1.0,0.285471739061706,0.2417984026186948,thyroid:1:11,5
thyroid,ENSG00000273213,ENSG00000270872,0.4453339757202741,0.0292836275186629,0.0297247479440608,1.0,0.3479137282294774,0.2917729688502087,thyroid:1:14,5
thyroid,ENSG00000266338,ENSG00000196369,0.4938705463022685,0.0168507689054134,0.0169526320234345,1.0,0.0784366581036545,0.1692925136453881,thyroid:1:14,4
thyroid,ENSG00000276975,ENSG00000268043,0.3513978206689039,0.0265207988223786,0.0265464226319943,1.0,0.314178658703021,0.2323535375729243,thyroid:1:14,5
thyroid,ENSG00000286219,ENSG00000271383,0.9999712109565736,0.0646455333874247,0.0646455333874247,1.0,0.5682264525061591,0.4743958890385616,thyroid:1:14,6
thyroid,ENSG00000143363,ENSG00000163141,0.2012499421872462,0.0059605083845095,0.0059605090819757,1.0,0.2303296432492495,0.1480111294094621,thyroid:1:15,2
thyroid,ENSG00000249602,ENSG00000182134,0.1318025280654211,0.0099077389967766,0.0099077389967766,1.0,0.2883357089228555,0.5306500151046495,thyroid:1:15,3
thyroid,ENSG00000236427,ENSG00000197915,0.2000000119209275,-0.0728123118308926,-0.0727906043777423,1.0,-0.2147186216643431,-0.1269369815663621,thyroid:1:15,0
thyroid,ENSG00000197915,ENSG00000143631,0.1999998569710825,-0.0574441033069784,-0.0574238455155502,1.0,-0.157405182294577,-0.0550247537319033,thyroid:1:15,0
thyroid,ENSG00000160678,ENSG00000160679,0.2072766596981985,-0.0132537896372924,-0.0132597597794026,1.0,-0.0412101876733681,0.0250627904367887,thyroid:1:15,0
thyroid,ENSG00000163354,ENSG00000163357,0.3566352975878573,0.0091900664534436,0.0091900664534436,1.0,0.4130884917105407,0.5451437045055743,thyroid:1:15,3
thyroid,ENSG00000157181,ENSG00000229739,0.4999493364398972,-0.0084606945849259,-0.0084606942974847,1.0,-0.1229016341637425,-0.0790913419884956,thyroid:1:18,0
thyroid,ENSG00000117280,ENSG00000285521,0.1131186232197514,0.0062672835464672,0.0063041073871496,1.0,0.3467721275825388,0.1587197335939894,thyroid:1:20,2
thyroid,ENSG00000082497,ENSG00000054392,0.1903464763846862,0.0017412619034355,0.0017412619034355,1.0,-0.0206640205540597,0.4717781068777723,thyroid:1:21,1
thyroid,ENSG00000198468,ENSG00000162769,0.4239212134363725,0.0,0.0,0.0,-0.0803310936170585,-0.1127733333052632,thyroid:1:21,1
thyroid,ENSG00000276997,ENSG00000143512,0.5820159316062927,0.0976381267913932,0.0976381269495192,1.0,0.693779105815129,0.6408844281144828,thyroid:1:22,6
thyroid,ENSG00000185420,ENSG00000162851,0.999766767024994,0.1509001098979304,0.1509001092846449,1.0,0.5427092743882875,0.4777530174143614,thyroid:1:24,7
thyroid,ENSG00000162851,ENSG00000162852,0.9952190398816896,0.1029395558289663,0.1029395558289663,1.0,0.4242399946610696,0.2436681461671046,thyroid:1:24,7
thyroid,ENSG00000162852,ENSG00000260698,0.304851688570551,0.0187717136661064,0.0187717136661064,1.0,0.2514019351106847,-0.0063026715436346,thyroid:1:24,4
thyroid,ENSG00000260855,ENSG00000227953,0.6361712453667359,0.0261481294292833,0.0261883278020787,1.0,0.6572688185768838,0.6116465702875857,thyroid:1:24,5
thyroid,ENSG00000182010,ENSG00000138311,0.3423180061706219,0.0105554418650845,0.0105777152678373,1.0,0.3998278928232211,0.311693252505906,thyroid:10:6,3
thyroid,ENSG00000099282,ENSG00000287306,0.1432458960015878,-0.0119347048335055,-0.0119347048335055,1.0,0.2314133319579711,0.2640148324298935,thyroid:10:6,0
thyroid,ENSG00000184923,ENSG00000224914,0.9970404505729676,0.0,0.0,0.0,0.2796237448998797,0.3829244388110048,thyroid:10:8,1
thyroid,ENSG00000184719,ENSG00000204022,0.2969053407576254,-0.0088955478468358,-0.0089965372993848,1.0,-0.2343277708271452,-0.0506764535519427,thyroid:10:8,0
thyroid,ENSG00000269609,ENSG00000138111,0.1601439407373064,0.0034118784066556,0.0034117173715222,1.0,0.3452985220179749,0.4434927627014599,thyroid:10:10,2
thyroid,ENSG00000107669,ENSG00000276742,0.9987277388572692,-0.0854615665788747,-0.0854615665788747,1.0,-0.1739216189105014,-0.1779696525228846,thyroid:10:12,0
thyroid,ENSG00000177951,ENSG00000177963,0.1839188208260793,-0.0023677453650988,-0.0023677453650988,1.0,0.2034099350452527,0.3230041391054309,thyroid:11:0,1
thyroid,ENSG00000255026,ENSG00000142102,0.3119315352921816,0.0177464291423794,0.0177464291423794,1.0,0.93053343443179,0.9209438437627316,thyroid:11:0,4
thyroid,ENSG00000187486,ENSG00000006071,0.3537028073391539,0.0042400855176619,0.0042421038657086,1.0,0.3609920408177223,0.339820498140918,thyroid:11:1,2
thyroid,ENSG00000006071,ENSG00000006611,0.4642149209976196,0.040969635064959,0.040969635064959,1.0,0.2285572723125131,0.2129687934158027,thyroid:11:1,5
thyroid,ENSG00000246225,ENSG00000255418,0.3622972217497029,0.0223536811775261,0.0223611082560479,1.0,0.2657487723432263,0.4025267125679824,thyroid:11:2,4
thyroid,ENSG00000110455,ENSG00000151348,1.0,0.1006716865959157,0.1006716865959157,1.0,0.2038032892926741,-0.0140784414452289,thyroid:11:4,7
thyroid,ENSG00000019485,ENSG00000019505,0.8911670358142487,0.1266881280564792,0.1266881280564792,1.0,0.470259775814375,0.4173720220015625,thyroid:11:4,7
thyroid,ENSG00000134802,ENSG00000186907,0.9905467815693924,0.0265981386123335,0.0265981386123335,1.0,0.4920112784151483,0.5388748471889073,thyroid:11:5,5
thyroid,ENSG00000167985,ENSG00000162148,0.1778174798258192,-0.0029234119206612,-0.0029234119206612,1.0,-0.2180917980611146,-0.5634504460332886,thyroid:11:6,1
thyroid,ENSG00000149503,ENSG00000124939,0.9999973177909852,0.2880656319400199,0.2879986877088766,0.991745297517324,0.5891037134061464,0.3938215120005002,thyroid:11:6,7
thyroid,ENSG00000214756,ENSG00000204922,0.1051279117233434,-0.0015555350856001,-0.0015614582740815,1.0,-0.0033955879274048,0.4606384363463917,thyroid:11:6,1
thyroid,ENSG00000175550,ENSG00000175513,0.4959420094580622,0.0117920401795763,0.0117920401795763,1.0,0.4679012742588144,0.5131683928649619,thyroid:11:6,3
thyroid,ENSG00000162341,ENSG00000284713,0.6597224623146758,-0.0685260868439829,-0.0685260868439829,1.0,-0.2547731512403937,0.0153767649359112,thyroid:11:6,0
thyroid,ENSG00000212961,ENSG00000255440,0.3287613736642427,0.0489007483296707,0.049040047922529,1.0,0.6209385784218817,0.7123466032319713,thyroid:11:7,6
thyroid,ENSG00000179240,ENSG00000255135,0.1612875129223709,0.0046022093293528,0.0046022093293528,1.0,0.1417138560440784,0.3330603343014335,thyroid:11:7,2
thyroid,ENSG00000159063,ENSG00000246174,0.1882854864326049,-0.0151730632137238,-0.0151857322725816,1.0,-0.0324224889082503,-0.258052143287158,thyroid:11:7,0
thyroid,ENSG00000149196,ENSG00000149201,0.2842727622080474,-0.0041716037740136,-0.0041783331255853,1.0,0.0863748282867613,0.0756638027328734,thyroid:11:8,1
thyroid,ENSG00000250519,ENSG00000123901,0.1453310091710875,0.0,0.0,0.0,0.216378781108648,0.224283892211961,thyroid:11:9,1
thyroid,ENSG00000197580,ENSG00000150787,0.1088608934539294,0.0030364624444827,0.0030869773263125,1.0,0.0950153360179565,0.0798776905534292,thyroid:11:11,2
thyroid,ENSG00000287238,ENSG00000110367,0.1150440214473533,0.0,0.0,0.0,0.0250787647762714,-0.0786338626012527,thyroid:11:11,1
thyroid,ENSG00000151704,ENSG00000120457,0.3727562633103076,0.0161320430601217,0.0161320430601217,1.0,0.4326515710076285,0.5563474052635,thyroid:11:12,4
thyroid,ENSG00000275476,ENSG00000257176,0.9999775887497117,0.3802887565451755,0.3802887565451755,1.0,0.7509640518463496,0.7947634710751357,thyroid:12:2,7
thyroid,ENSG00000205426,ENSG00000287051,0.9999928474434654,0.0302961358659616,0.0302961358659616,1.0,0.4937389559749245,0.6358540807057936,thyroid:12:5,5
thyroid,ENSG00000287051,ENSG00000257829,0.9999928474434654,0.0538792918964929,0.0538792918964929,1.0,0.7766545302666497,0.8373695759968864,thyroid:12:5,6
thyroid,ENSG00000274560,ENSG00000111666,0.780624508857727,0.0646091499753597,0.0646091499753597,1.0,0.25672508439248,0.203851006594158,thyroid:12:10,6
thyroid,ENSG00000257681,ENSG00000111696,0.9939017288425164,0.1172175368911876,0.1172175368911876,1.0,0.597255819059734,0.562078103385784,thyroid:12:10,7
thyroid,ENSG00000089250,ENSG00000171435,1.0,0.1022845714021388,0.1022845714021388,1.0,0.3135521229805511,0.371692758679194,thyroid:12:11,7
thyroid,ENSG00000249345,ENSG00000286791,0.5193317224264717,0.0656626442045874,0.0655551253386236,1.0,0.6016884401394602,0.6371316193128043,thyroid:12:12,6
thyroid,ENSG00000280002,ENSG00000256151,0.1261960829475583,0.0026310795332159,0.0026310795332159,1.0,0.658952671870769,0.8263843871419485,thyroid:12:13,2
thyroid,ENSG00000139505,ENSG00000139496,0.1399025931654485,0.0038109738814205,0.0038208423550594,1.0,0.3562652509654384,0.1896922884207033,thyroid:13:2,2
thyroid,ENSG00000102781,ENSG00000238121,0.1122377782115755,0.0,0.0,0.0,0.1323919345469163,0.3136709793431784,thyroid:13:3,1
thyroid,ENSG00000120669,ENSG00000242715,0.8155921871463363,0.1553086828686387,0.1553117575932522,1.0,0.3371500147726855,0.4790520670967076,thyroid:13:3,7
thyroid,ENSG00000267868,ENSG00000235280,0.8615559969215241,-0.0365860691520299,-0.0365860691520299,1.0,0.4081543996403288,0.6544234357691586,thyroid:13:11,0
thyroid,ENSG00000155463,ENSG00000155465,0.1443203800669934,0.0036293751415401,0.0036563814304089,1.0,0.2333314108012232,0.2050884975029993,thyroid:14:2,2
thyroid,ENSG00000155465,ENSG00000172590,0.2363190405910273,0.0037859255241472,0.0038019248823916,1.0,0.1044255492522377,0.0193665713486872,thyroid:14:2,2
thyroid,ENSG00000278784,ENSG00000139908,0.154063963626605,0.0027788354203938,0.0027832644432565,1.0,0.3618278593003893,0.4919237205415019,thyroid:14:2,2
thyroid,ENSG00000258636,ENSG00000165379,0.1304915627845915,0.007265862065411,0.0072904000231922,1.0,0.577278981162474,0.5639220083015236,thyroid:14:4,3
thyroid,ENSG00000258487,ENSG00000258633,0.1574005542464505,0.0164201909052805,0.0164842647760028,1.0,0.8318895941512502,0.8271521035848535,thyroid:14:4,4
thyroid,ENSG00000139998,ENSG00000257365,0.3967337426061164,-0.0164294124835214,-0.0165079246189535,1.0,-0.1001458406613195,-0.0715065645393443,thyroid:14:6,0
thyroid,ENSG00000119673,ENSG00000279026,1.0,0.0620437484278607,0.0620437484278607,1.0,0.3143821313084309,0.2468136703994584,thyroid:14:7,6
thyroid,ENSG00000270000,ENSG00000119655,0.1227990166718235,-0.0067688099426428,-0.0067837124935455,1.0,0.0197558412333439,-0.1411470012195693,thyroid:14:7,0
thyroid,ENSG00000188488,ENSG00000196136,0.1320152544718382,0.0,0.0,0.0,0.5068237267451156,0.4289110809054528,thyroid:14:9,1
thyroid,ENSG00000133937,ENSG00000285205,0.9980448490246694,0.0320645772693328,0.0320645772693328,1.0,0.5914278386271874,0.6408531592042981,thyroid:14:9,5
thyroid,ENSG00000131323,ENSG00000166126,0.419777886360265,0.0134045247965301,0.0134045247965301,1.0,0.2540515327803379,0.1686495432767136,thyroid:14:10,4
thyroid,ENSG00000142208,ENSG00000179627,0.5893439735223893,0.0636246024872818,0.0636246024872818,1.0,0.3359942936018112,0.5247508848802401,thyroid:14:10,6
thyroid,ENSG00000183484,ENSG00000257556,0.9999999403953552,0.0883931228900531,0.0883931228900531,1.0,0.4139879689850156,0.398445081690345,thyroid:14:10,6
thyroid,ENSG00000166664,ENSG00000186399,0.1914123962606169,0.0020708360230815,0.0020819706119751,0.0948249940864937,0.4550144506219398,0.4851554418429518,thyroid:15:3,1
thyroid,ENSG00000259917,ENSG00000261559,0.9988519664288908,0.0889524765308176,0.0890045634953241,1.0,0.7072832762968935,0.7537109368051148,thyroid:15:3,6
thyroid,ENSG00000261559,ENSG00000215252,0.8562195818068119,0.0559071912183191,0.0559071912183191,1.0,0.3909138288290882,0.3237017660214404,thyroid:15:3,6
thyroid,ENSG00000243789,ENSG00000243708,0.1392246372239398,0.0077685464762505,0.0077687991161412,1.0,0.6716873651696981,0.6088800872838916,thyroid:15:4,3
thyroid,ENSG00000280362,ENSG00000137766,0.9999999403953552,0.1247450417216593,0.1247450417216593,1.0,0.5998457049694348,0.6448793491957888,thyroid:15:5,7
thyroid,ENSG00000259495,ENSG00000172379,0.397928658972404,0.0063649436109545,0.0063945451343083,1.0,0.6971791578463667,0.5790783352909241,thyroid:15:8,2
thyroid,ENSG00000166965,ENSG00000198901,0.1163927454461202,-0.0025102756185275,-0.0025102756185275,1.0,0.0279169342257768,-0.3367886734500127,thyroid:15:9,1
thyroid,ENSG00000258647,ENSG00000258676,0.7777250272810363,0.0464094734050935,0.0464210810017442,1.0,0.7540851085771514,0.7020144358073395,thyroid:15:9,6
thyroid,ENSG00000270127,ENSG00000259205,0.9998108148574828,0.5279102694459084,0.5279102694459084,1.0,0.9121050569497552,0.862224832230103,thyroid:15:10,7
thyroid,ENSG00000161980,ENSG00000161981,0.3047156426065172,0.0047365875917298,0.0047365875917298,1.0,0.423590331381541,0.6503848713266337,thyroid:16:0,2
thyroid,ENSG00000260403,ENSG00000259910,0.9800463945153836,0.0105016949655252,0.0105016949655252,1.0,0.8550601639414742,0.9172000266327036,thyroid:16:0,3
thyroid,ENSG00000261663,ENSG00000205937,0.1266771666773571,0.0011356188396676,0.0011616007729688,1.0,-0.025639840375397,-0.1906936899164024,thyroid:16:0,1
thyroid,ENSG00000185739,ENSG00000262468,0.1387024922310509,0.0022972949705673,0.0023028307192683,1.0,0.3001515004318354,0.1481437484790975,thyroid:16:0,1
thyroid,ENSG00000103184,ENSG00000103174,0.2149765409236543,0.0043439504626106,0.0043536214928469,1.0,0.0710273264334573,0.1562278677550221,thyroid:16:0,2
thyroid,ENSG00000183426,ENSG00000179889,0.8725996895921639,0.0289407273450488,0.0289407273450488,1.0,0.0567641254761862,-0.0541045423356255,thyroid:16:1,5
thyroid,ENSG00000261819,ENSG00000275910,0.9999219179385256,0.1259688710461264,0.1259688710461264,0.9877313810087316,0.6623048418213172,0.6805906888082004,thyroid:16:1,7
thyroid,ENSG00000103226,ENSG00000183889,0.936036555486357,0.1389005624925184,0.1389005624925184,1.0,0.1965583668623731,0.0028025317549823,thyroid:16:1,7
thyroid,ENSG00000103528,ENSG00000103534,0.9469331386213328,0.2175985075696894,0.2175985075696894,1.0,0.6347020966871383,0.6456840872499685,thyroid:16:1,7
thyroid,ENSG00000271105,ENSG00000263326,0.2534866478040101,0.0127736099967621,0.0127473236818714,1.0,0.3234310838563297,0.6132677892572503,thyroid:16:2,4
thyroid,ENSG00000103472,ENSG00000259807,0.9830753803253174,0.0331792928477415,0.0331792928477415,1.0,0.4430819128795735,0.6211964970816402,thyroid:16:2,5
thyroid,ENSG00000103496,ENSG00000260911,0.1169701522059902,0.0040817388677298,0.0040892198110028,1.0,0.3317057400867463,0.4370689006300204,thyroid:16:3,2
thyroid,ENSG00000278133,ENSG00000052344,0.1230040685495872,0.0014482394097473,0.0014880011384477,1.0,0.0707454274489218,0.1320010462583393,thyroid:16:3,1
thyroid,ENSG00000177508,ENSG00000287885,0.4107114554246891,0.0120984337601385,0.0120984337601385,1.0,0.87131004920925,0.7816346460248912,thyroid:16:5,3
thyroid,ENSG00000205364,ENSG00000205362,0.1084233350613246,0.0018659025897468,0.0018682650081534,1.0,0.7174404327295888,0.8753933973186574,thyroid:16:5,1
thyroid,ENSG00000159648,ENSG00000166188,0.7291838780905131,0.0,0.0,0.0,0.5653781410479954,0.4334744197875477,thyroid:16:5,1
thyroid,ENSG00000103168,ENSG00000140955,0.999997615814209,0.1009468830593381,0.1009468830593381,1.0,0.35981408575111,0.3695408092064421,thyroid:16:8,7
thyroid,ENSG00000270020,ENSG00000103248,0.4998124836129136,-0.061325379617047,-0.0613253775620097,1.0,-0.1972052435671704,-0.0145052340674652,thyroid:16:8,0
thyroid,ENSG00000226180,ENSG00000104731,1.0,0.1051144657416555,0.1051144657416555,1.0,0.448451207261534,0.4783848503131992,thyroid:16:8,7
thyroid,ENSG00000167523,ENSG00000275734,0.2629329438770469,0.0,0.0,0.0,0.1955909920355602,0.2966118573530649,thyroid:16:8,1
thyroid,ENSG00000262061,ENSG00000262294,0.1129507880053424,0.0,0.0,0.0,0.0393820453298502,0.0046142464108435,thyroid:17:0,1
thyroid,ENSG00000185561,ENSG00000186594,0.2961588928215057,-0.0024384062883197,-0.0024651854199823,1.0,0.1562124458170744,0.2862284201461823,thyroid:17:0,1
thyroid,ENSG00000262903,ENSG00000213977,0.2373922110266662,-0.0067354825963495,-0.0067310688584076,1.0,0.0722391493645375,-0.0466471373226642,thyroid:17:0,0
thyroid,ENSG00000196388,ENSG00000129250,0.2250708940332337,0.003786539728836,0.0037891756290511,1.0,0.2053504022421833,0.3163108456137465,thyroid:17:0,2
thyroid,ENSG00000234327,ENSG00000129204,1.0,0.1964244766607313,0.1964244766607313,1.0,0.6330308138456832,0.4808903572055765,thyroid:17:0,7
thyroid,ENSG00000179277,ENSG00000265519,0.1301888137616238,0.0043632613951673,0.0043809359847449,1.0,0.6049241586389025,0.8099604608208884,thyroid:17:1,2
thyroid,ENSG00000141026,ENSG00000108551,0.3466160786167904,0.0068346638736143,0.0068346642493605,1.0,0.3431956778909878,0.5692847342681288,thyroid:17:1,3
thyroid,ENSG00000007171,ENSG00000232859,0.1195311228729778,-0.0072358018463443,-0.0072536148203633,1.0,-0.139737365930073,0.1481512211195439,thyroid:17:2,0
thyroid,ENSG00000167549,ENSG00000141298,0.930982232093811,0.1525063491869789,0.1525063491869789,1.0,0.536531545077988,0.2615835125573872,thyroid:17:2,7
thyroid,ENSG00000276409,ENSG00000274736,0.132189277504608,-0.0052303715109483,-0.0052250995904073,1.0,0.1092543586566297,0.4310598154230878,thyroid:17:3,0
thyroid,ENSG00000274767,ENSG00000276070,0.9999998807907104,0.1346885471038469,0.13450991453129,1.0,0.5881078881207066,0.6655893654161708,thyroid:17:3,7
thyroid,ENSG00000161692,ENSG00000073670,0.1479032653153495,0.0098639640191301,0.0102759350425503,0.7644586328159896,0.3425740854569622,0.5790105399803634,thyroid:17:4,3
thyroid,ENSG00000266918,ENSG00000267198,0.7673803567886353,0.1880747971283538,0.1880747971283538,1.0,0.5293291355430394,0.5648909358175526,thyroid:17:4,7
thyroid,ENSG00000214401,ENSG00000228696,0.9999461777280344,0.0,0.0,0.0,-0.0529364594455745,-0.0524511524571759,thyroid:17:4,1
thyroid,ENSG00000265912,ENSG00000232457,1.0,0.2834147972333802,0.2834147972333802,1.0,0.4896423588393012,0.5793305240582702,thyroid:17:6,7
thyroid,ENSG00000277476,ENSG00000278740,0.1617691188602243,0.0094959180167966,0.009518592746057,1.0,0.1621324087744736,0.2611696621001552,thyroid:17:6,3
thyroid,ENSG00000257949,ENSG00000250506,0.5526194262629751,0.0920901997358249,0.0920698483441158,1.0,0.7690864810421477,0.5972520845795309,thyroid:17:7,6
thyroid,ENSG00000185168,ENSG00000185332,0.4101078871040791,0.1046402137724681,0.1046402137724681,1.0,0.4638837612322027,0.3495336059548055,thyroid:17:8,7
thyroid,ENSG00000229848,ENSG00000186765,0.2922770954320661,0.0106363279155239,0.0108058064882449,1.0,0.5916287044650139,0.7834999966149274,thyroid:17:8,3
thyroid,ENSG00000181408,ENSG00000260011,0.8904938283113779,0.1893485703300439,0.1893485703300439,1.0,0.7766976998180908,0.6941852484758586,thyroid:17:8,7
thyroid,ENSG00000260011,ENSG00000181396,0.2828617326637186,0.0374240232852691,0.0374077360996353,1.0,0.7939968400700536,0.6678871294242084,thyroid:17:8,5
thyroid,ENSG00000101605,ENSG00000272688,0.9412920774125836,0.013299339231156,0.013299339231156,1.0,0.0922753742120651,0.24758140736915,thyroid:18:0,4
thyroid,ENSG00000141391,ENSG00000267108,0.9884483548607363,0.2135828658040486,0.2135828658040486,1.0,0.5881743248141442,0.6712627346554698,thyroid:18:1,7
thyroid,ENSG00000267108,ENSG00000267199,0.6564578959632996,0.2011368074056507,0.2011368074056507,1.0,0.6043439797486713,0.6831616694237175,thyroid:18:1,7
thyroid,ENSG00000277534,ENSG00000275805,0.9996251463890076,0.0622020105866965,0.0622020105866965,1.0,0.0660109428421627,0.0836693499832448,thyroid:18:2,6
thyroid,ENSG00000275805,ENSG00000260372,1.0,0.2634185090992956,0.2634185090992956,1.0,0.2947400961899598,0.3290769608932499,thyroid:18:2,7
thyroid,ENSG00000275512,ENSG00000267583,0.2096412873770283,0.0032778332579648,0.0033554856519002,1.0,0.4922776990220651,0.489115919507931,thyroid:18:3,2
thyroid,ENSG00000280212,ENSG00000267724,0.4966408955775137,0.0087489356096434,0.0087489356096434,1.0,0.3861517284319374,0.5055782890505539,thyroid:18:4,3
thyroid,ENSG00000141934,ENSG00000105556,0.9889715271899746,0.0454318446025581,0.0454318446025581,1.0,0.1949135154574459,0.1312729285269753,thyroid:19:0,6
thyroid,ENSG00000105556,ENSG00000183186,0.9932516297664478,0.0575327698075876,0.0575327698075876,1.0,0.3850073333335873,0.4273377971855363,thyroid:19:0,6
thyroid,ENSG00000197561,ENSG00000197766,0.9485965493686734,0.0162240846270041,0.0162240846270041,1.0,0.5328358535936355,0.5523335396944358,thyroid:19:0,4
thyroid,ENSG00000125910,ENSG00000125912,0.1290895727162109,0.0037572247327331,0.0037339735847962,1.0,0.2258475875724421,0.3963627443795277,thyroid:19:0,2
thyroid,ENSG00000187650,ENSG00000267571,0.1113324593798665,0.0042959317928076,0.0042904093831875,1.0,0.7683972130263372,0.7841222008137194,thyroid:19:0,2
thyroid,ENSG00000269680,ENSG00000125731,0.5618121741461657,0.0728517211094862,0.0728882176207743,1.0,0.5665919409959619,0.603001628004673,thyroid:19:0,6
thyroid,ENSG00000270614,ENSG00000188629,0.855421245098114,0.0636859225039576,0.0636859225039576,1.0,0.300163406446551,0.3733003249045906,thyroid:19:0,6
thyroid,ENSG00000105376,ENSG00000220201,0.1068917274364622,0.0016709956532976,0.0016782245561889,1.0,0.1782795621489174,0.1567339557872192,thyroid:19:1,1
thyroid,ENSG00000220201,ENSG00000267673,0.9388336122931163,0.0199815485797354,0.0200037450944289,1.0,0.6018193519631081,0.7033442177579011,thyroid:19:1,4
thyroid,ENSG00000129354,ENSG00000129353,0.3407264713913278,0.0041664854696252,0.0041713710569445,1.0,0.2127288077525084,0.537551649045238,thyroid:19:1,2
thyroid,ENSG00000240616,ENSG00000161860,0.6916388941883618,-0.0276408913109958,-0.0276408913109958,1.0,0.1714541463942135,0.5286605116561877,thyroid:19:1,0
thyroid,ENSG00000267056,ENSG00000171903,0.9999858140945436,0.3457331178350175,0.3457331178350175,1.0,0.8909399616742634,0.8928330856989022,thyroid:19:1,7
thyroid,ENSG00000269044,ENSG00000267904,0.4695178228351189,0.0068892217021675,0.0068972779219457,1.0,0.3460443917846658,0.5929295784847055,thyroid:19:1,3
thyroid,ENSG00000130517,ENSG00000130513,0.999974012374878,0.0,0.0,0.0,0.1501098402354196,-0.0383913256672683,thyroid:19:1,1
thyroid,ENSG00000064547,ENSG00000089639,0.9327126393779572,0.0177470696411965,0.0177470696411965,1.0,0.6234203503069659,0.5087645898532424,thyroid:19:1,4
thyroid,ENSG00000105695,ENSG00000012124,1.0,0.3424857289046847,0.3424857289046847,1.0,0.8761115215997684,0.6517503339272468,thyroid:19:3,7
thyroid,ENSG00000105677,ENSG00000105675,0.6381010007288523,0.0090496741854405,0.0090496741854405,1.0,0.3988674971896318,0.5650601718752439,thyroid:19:3,3
thyroid,ENSG00000268047,ENSG00000269352,0.4064972014804091,-0.0214326975562414,-0.0214326975562414,1.0,-0.0034098878332892,0.3316894867715662,thyroid:19:4,0
thyroid,ENSG00000269352,ENSG00000039650,0.9774110265707848,0.0348701053092154,0.0348701053092154,1.0,0.6681372483800655,0.6852948460359106,thyroid:19:4,5
thyroid,ENSG00000161640,ENSG00000161643,0.1483998197859755,0.010367327275313,0.0103870623236132,1.0,0.5352292066562997,0.4467394798575788,thyroid:19:4,3
thyroid,ENSG00000213023,ENSG00000235034,0.3929406415075078,0.0266585027843988,0.0266585027843988,1.0,0.5788154163031454,0.5497279573927264,thyroid:19:5,5
thyroid,ENSG00000167748,ENSG00000174562,0.325888768962514,0.0154229383021071,0.0154915883599883,1.0,0.5913642605588663,0.5213610262075363,thyroid:19:5,4
thyroid,ENSG00000174562,ENSG00000142515,0.2321980784995361,0.01182118598936,0.0117778450251082,1.0,0.3105382163421729,0.3696484046727096,thyroid:19:5,3
thyroid,ENSG00000142515,ENSG00000167751,0.4273248590560143,0.0363530774785411,0.0363778291974329,1.0,0.552502451967331,0.594672424728505,thyroid:19:5,5
thyroid,ENSG00000167751,ENSG00000167749,0.4747504998503302,0.0643099173825478,0.0643256881231012,1.0,0.6532690629383104,0.5995029556909783,thyroid:19:5,6
thyroid,ENSG00000198093,ENSG00000176024,0.960632324595025,-0.0163444029240837,-0.0163444029240837,1.0,0.3206531067132827,0.5042818177417491,thyroid:19:5,0
thyroid,ENSG00000167555,ENSG00000198633,0.1336337086314358,-0.0244930566770545,-0.0244930566770545,1.0,-0.237630380073974,0.0047665111051799,thyroid:19:5,0
thyroid,ENSG00000167562,ENSG00000123870,0.1947733017907467,0.0,0.0,0.0,0.3587220366861552,0.7086590475421832,thyroid:19:5,1
thyroid,ENSG00000167608,ENSG00000125505,0.9540174110823044,-0.0157317413478797,-0.0157317413478797,1.0,0.0165374148078005,0.2776314277072078,thyroid:19:5,0
thyroid,ENSG00000267649,ENSG00000180089,0.467633135047123,0.0404065791671551,0.0403309709416843,1.0,0.4337554036667636,0.38979947774598,thyroid:19:5,5
thyroid,ENSG00000180089,ENSG00000105063,0.4386459686101602,0.0178035198044175,0.0177818785313279,1.0,0.5338890256086762,0.3374143568935909,thyroid:19:5,4
thyroid,ENSG00000131845,ENSG00000152433,0.3508495052736151,0.0,0.0,0.0,0.3414980850459962,0.2548121593947919,thyroid:19:5,1
thyroid,ENSG00000186230,ENSG00000276449,0.9945139141247488,-0.1927922501411369,-0.1927922501411369,1.0,-0.1922350717748513,0.0973167787619705,thyroid:19:5,0
thyroid,ENSG00000198466,ENSG00000269867,0.2981886307966022,0.0113590429514064,0.0115234126879977,1.0,0.5484231361106533,0.5422666151578631,thyroid:19:5,3
thyroid,ENSG00000279611,ENSG00000174586,0.3342148019825686,0.0169679636981863,0.0169755410204161,1.0,0.3258882388243767,0.2344699982078652,thyroid:19:5,4
thyroid,ENSG00000269054,ENSG00000152475,0.1495160356225966,0.0047880268351711,0.0048371017386138,1.0,0.2926305594143643,0.5009110170990442,thyroid:19:5,2
thyroid,ENSG00000268912,ENSG00000131849,0.2906668095356046,0.0207263015818845,0.0207217188312941,1.0,0.4574404554703458,0.5883968572157472,thyroid:19:5,4
thyroid,ENSG00000223751,ENSG00000237667,0.3200685176999798,0.049516152490159,0.0496605765134625,1.0,0.4874979397612423,0.5091627123404299,thyroid:2:0,6
thyroid,ENSG00000115705,ENSG00000228613,0.999992609024048,0.0782799728924527,0.0782799728924527,1.0,0.6526290306750471,0.6966386860982542,thyroid:2:0,6
thyroid,ENSG00000205837,ENSG00000225964,1.0,0.0955070025356124,0.0955070025356124,1.0,0.5868287973826093,0.7053717015361137,thyroid:2:0,6
thyroid,ENSG00000115750,ENSG00000269973,0.8547534261719925,0.0579265549989738,0.0579344311815005,1.0,0.4288166815430056,0.3091561941601816,thyroid:2:0,6
thyroid,ENSG00000115226,ENSG00000084734,0.7927173022764009,0.04600564693508,0.04600564693508,0.9970501436992624,0.5170000813091254,0.7364148887898895,thyroid:2:2,6
thyroid,ENSG00000115282,ENSG00000179528,0.1470655798912048,0.0090600596442352,0.0090600596442352,1.0,0.0992212813379488,0.3026826009415905,thyroid:2:7,3
thyroid,ENSG00000272183,ENSG00000257702,0.25,0.0429585016630579,0.0429584986286791,1.0,0.5727690121261593,0.5913296599124297,thyroid:2:7,5
thyroid,ENSG00000232931,ENSG00000174501,0.8985371805907612,0.0285445507477003,0.0285431850351251,1.0,0.6024419452156727,0.8139399669506857,thyroid:2:9,5
thyroid,ENSG00000174501,ENSG00000186281,0.7752986651589815,-0.0226631947618901,-0.022671629413884,1.0,0.081819747612137,-0.0424058453329562,thyroid:2:9,0
thyroid,ENSG00000230650,ENSG00000175772,0.8189070055713614,0.0182522847638396,0.0182522847638396,1.0,0.4810003890434943,0.6046103567282459,thyroid:2:11,4
thyroid,ENSG00000227992,ENSG00000271590,0.9998776912689208,0.0664645547427803,0.0664645547427803,1.0,0.4785512118633777,0.6293717608973846,thyroid:2:11,6
thyroid,ENSG00000234997,ENSG00000272563,0.1803814933753074,0.0523520097788674,0.0523040406187244,1.0,0.7107048179057314,0.6917589350193316,thyroid:2:11,6
thyroid,ENSG00000272563,ENSG00000136682,0.3088084316732988,0.0352604057908464,0.0352679406066846,0.9572784631301512,0.4214395907396829,0.1673837837628675,thyroid:2:11,5
thyroid,ENSG00000169507,ENSG00000153253,0.9974077343940736,0.0942141364135201,0.0942141364135201,1.0,0.2892350151039571,0.3910304709919859,thyroid:2:16,6
thyroid,ENSG00000138378,ENSG00000227542,0.6658903079872047,-0.0310438165220374,-0.0310438165220374,1.0,0.0320241761787768,0.3902145817517367,thyroid:2:19,0
thyroid,ENSG00000213938,ENSG00000226124,0.3538679595061573,-0.0458474137474394,-0.0458993779016588,1.0,-0.1688323279614193,0.3256549118888917,thyroid:2:19,0
thyroid,ENSG00000138376,ENSG00000229267,0.1252044860827368,0.0088287611526,0.0088287611526,1.0,0.1591549162545386,0.0556284010129913,thyroid:2:21,3
thyroid,ENSG00000279348,ENSG00000260804,0.4888928344380048,0.0298958321015505,0.0298958321015505,1.0,0.5324641107702606,0.8064707741055173,thyroid:2:21,5
thyroid,ENSG00000169047,ENSG00000272622,0.2785607165521355,0.0031161369843981,0.0031708625036331,1.0,0.5490208046366325,0.6332898690083459,thyroid:2:22,2
thyroid,ENSG00000081052,ENSG00000169031,0.9558929870463472,0.0187368627992384,0.0187368627992384,1.0,0.7698986584467343,0.7582058615206617,thyroid:2:22,4
thyroid,ENSG00000283312,ENSG00000181798,1.0,0.2070927980792364,0.2070927980792364,1.0,0.6650620400386863,0.6618875675279731,thyroid:2:23,7
thyroid,ENSG00000144488,ENSG00000168427,0.1948167511240157,0.0228656448776278,0.0228656448776278,1.0,0.2830360914132627,0.1984858841160402,thyroid:2:23,4
thyroid,ENSG00000279484,ENSG00000178752,0.9494075991009864,0.1996397896252743,0.1996397896252743,1.0,0.7770716295191751,0.7674112667348036,thyroid:2:23,7
thyroid,ENSG00000229996,ENSG00000225521,0.2331385444414593,0.0095794566807069,0.0096469045731608,1.0,0.6052276058259689,0.7176801049226443,thyroid:2:24,3
thyroid,ENSG00000280119,ENSG00000226423,0.998028817258394,0.0477610999872785,0.0477610999872785,1.0,0.864369288710455,0.825879045658392,thyroid:2:24,6
thyroid,ENSG00000088881,ENSG00000088882,0.9997910261154176,0.0235518218838479,0.0235518218838479,1.0,0.3516057376357615,0.1996167967844802,thyroid:20:0,4
thyroid,ENSG00000088836,ENSG00000277287,0.2421974175290202,0.013065067496426,0.0130612677916134,1.0,0.7844509292580254,0.8227716023970574,thyroid:20:0,4
thyroid,ENSG00000125885,ENSG00000275632,0.2509239697228196,-0.0172488082921029,-0.0172488082921029,1.0,0.0401844755039882,0.0963404868129666,thyroid:20:0,0
thyroid,ENSG00000259974,ENSG00000125798,0.1140621375647796,0.0070045046999764,0.0070085611511008,1.0,0.6507968132166397,0.7858394032208059,thyroid:20:2,3
thyroid,ENSG00000125798,ENSG00000237396,0.2266362007783016,0.0232770995409962,0.0234197520579175,1.0,0.6734945092276425,0.7545518711827889,thyroid:20:2,4
thyroid,ENSG00000088298,ENSG00000101000,0.1680539066245288,0.0037762593194916,0.003820729471263,1.0,0.4136082874907011,0.4591268109105641,thyroid:20:3,2
thyroid,ENSG00000243543,ENSG00000101448,0.2922836104032917,0.0091419299987687,0.0091615756478403,1.0,0.7331415041501571,0.8127637744755277,thyroid:20:4,3
thyroid,ENSG00000184617,ENSG00000198185,0.1197491147509133,0.0045233079553508,0.0045330371832538,1.0,0.4554550480939826,0.688179037826901,thyroid:20:4,2
thyroid,ENSG00000277117,ENSG00000280071,0.999964475631714,-0.0816391592020119,-0.0816391592020119,1.0,-0.1012790185549168,-0.097857725676028,thyroid:21:0,0
thyroid,ENSG00000280071,ENSG00000275464,1.0,0.2487985998786792,0.2487985998786792,0.6763257489177992,0.7646585362895791,0.6263356849748959,thyroid:21:0,7
thyroid,ENSG00000275464,ENSG00000280433,1.0,0.158468413540033,0.158468413540033,1.0,0.612582691317586,0.5276072353873054,thyroid:21:0,7
thyroid,ENSG00000274276,ENSG00000275895,0.9925349950790404,-0.0247296756809955,-0.0247296756809955,1.0,-0.1551019956887634,-0.1378658237828712,thyroid:21:0,0
thyroid,ENSG00000188992,ENSG00000185272,0.7426612436924174,0.0694551059664883,0.0694551059664883,1.0,0.4254485178816181,0.3657133676495832,thyroid:21:1,6
thyroid,ENSG00000184809,ENSG00000183067,0.2095366371245717,0.0533802578528053,0.0533796690389998,1.0,0.7122824421411701,0.7124623763856704,thyroid:21:3,6
thyroid,ENSG00000226496,ENSG00000182240,0.999466061592102,0.0297646404083858,0.0297646404083858,1.0,0.4171483312967344,0.3691617653757336,thyroid:21:4,5
thyroid,ENSG00000160180,ENSG00000160181,0.1666147153189356,0.0152842073820458,0.0152842073820458,1.0,0.6553840649719133,0.6893999003456632,thyroid:21:4,4
thyroid,ENSG00000160181,ENSG00000160182,1.0,0.0594855362103206,0.0594855362103206,1.0,0.8550906645212237,0.7568323342574985,thyroid:21:4,6
thyroid,ENSG00000160182,ENSG00000160183,0.1387287670463735,0.0070687971673994,0.0070687971673994,1.0,0.4194456721656303,0.410460322769366,thyroid:21:4,3
thyroid,ENSG00000184441,ENSG00000232969,0.1128368215578419,-0.008098496527617,-0.008098496527617,1.0,-0.122657455642316,0.0095363127889544,thyroid:21:4,0
thyroid,ENSG00000160282,ENSG00000160284,1.0,0.2576539078337835,0.2576539078337835,1.0,0.7081524171685855,0.6751029440182499,thyroid:21:4,7
thyroid,ENSG00000272829,ENSG00000099949,0.9842110752546772,0.0562394715214331,0.0562394715214331,1.0,0.1872269828987241,0.1465405531125996,thyroid:22:2,6
thyroid,ENSG00000234928,ENSG00000280623,0.7541298118172364,0.0718466535991546,0.0718928956190311,1.0,0.3550806298239005,0.3965182128689079,thyroid:22:2,6
thyroid,ENSG00000272733,ENSG00000189269,0.939060017960074,0.0157712863326305,0.0157712863326305,0.3215881481128859,0.8164252417634835,0.7988398000681987,thyroid:22:2,4
thyroid,ENSG00000218537,ENSG00000273295,0.4492066563121426,0.2691769205998253,0.2691769348797022,1.0,0.8734205662454877,0.8490052075509634,thyroid:22:2,7
thyroid,ENSG00000273295,ENSG00000225282,0.4999893307698499,0.2863432982095332,0.2863432982095332,1.0,0.7769232678235698,0.6762915673860902,thyroid:22:2,7
thyroid,ENSG00000225282,ENSG00000133433,0.4999874830650697,-0.190020302095242,-0.190020302095242,1.0,-0.5095032714532097,-0.4072577495466285,thyroid:22:2,0
thyroid,ENSG00000133433,ENSG00000099974,0.4502456297975641,0.0456012307684712,0.0456012260193596,1.0,0.2997792283684892,0.2912030326169625,thyroid:22:2,6
thyroid,ENSG00000279110,ENSG00000203280,0.1412424432071617,0.0095959799644075,0.0096487762048518,1.0,0.2306412169464547,0.2770441529765755,thyroid:22:2,3
thyroid,ENSG00000100053,ENSG00000236641,0.9984099864959716,0.062702308971439,0.062702308971439,1.0,0.3750625655298594,0.1993987401079754,thyroid:22:2,6
thyroid,ENSG00000244509,ENSG00000243811,0.393525718346126,0.010335261902525,0.0103006351171084,1.0,0.3781056632099148,0.5186565404665875,thyroid:22:3,3
thyroid,ENSG00000227370,ENSG00000281538,0.1612566009520719,0.0102764744060286,0.0102764744060286,1.0,0.4106786755037112,0.5758409277120228,thyroid:22:4,3
thyroid,ENSG00000075275,ENSG00000234869,1.0,0.3213695242010317,0.3213695242010317,1.0,0.7255086365214082,0.6889356342849396,thyroid:22:4,7
thyroid,ENSG00000100426,ENSG00000182858,0.1404656676256763,0.0015683239199347,0.0015699440500958,1.0,0.186548168965755,0.3621339791659897,thyroid:22:4,1
thyroid,ENSG00000196576,ENSG00000205593,0.1408645636248238,0.0031533803116104,0.0031614916645996,1.0,0.2705167406043068,0.1891768548035194,thyroid:22:5,2
thyroid,ENSG00000206561,ENSG00000131373,0.1980295810647554,-0.002416261825926,-0.0024258765029619,1.0,0.0282479278030282,0.0600782894742888,thyroid:3:1,1
thyroid,ENSG00000197385,ENSG00000152642,1.0,0.113672293647776,0.113672293647776,1.0,0.3912375617213053,0.140860509670892,thyroid:3:3,7
thyroid,ENSG00000234617,ENSG00000160746,0.3194558395504998,0.0074277204738275,0.0074291243494868,1.0,0.672455117434606,0.2853863121076498,thyroid:3:4,3
thyroid,ENSG00000196653,ENSG00000186446,0.9372591112700022,0.0552913888800781,0.0552913888800781,1.0,0.4996835030290694,0.5903911944990233,thyroid:3:4,6
thyroid,ENSG00000283706,ENSG00000188086,0.9947733879089355,0.0732541365242054,0.0732541365242054,1.0,0.5915406758527758,0.74979009163558,thyroid:3:4,6
thyroid,ENSG00000188086,ENSG00000226074,0.9999924302101136,0.0666208452778761,0.0666208452778761,1.0,0.4546986817884153,0.6809538677884266,thyroid:3:4,6
thyroid,ENSG00000016391,ENSG00000056736,0.2675021922394549,0.0052510290925255,0.0052801141879426,1.0,0.6216254898117137,0.7764957043016479,thyroid:3:5,2
thyroid,ENSG00000236138,ENSG00000242516,0.5,0.2489946807292344,0.2489946807292344,1.0,0.8116111317484318,0.7749956442320906,thyroid:3:7,7
thyroid,ENSG00000114021,ENSG00000154174,0.2264430402477444,0.0030984206341191,0.0031008321825395,1.0,0.1311512471773136,0.2759414408080425,thyroid:3:10,2
thyroid,ENSG00000144847,ENSG00000121578,0.3321932305050694,0.0149240407919117,0.0149240407919117,1.0,0.1468651961599655,-0.0146963047248965,thyroid:3:11,4
thyroid,ENSG00000121594,ENSG00000144843,0.7084026648044102,0.0232088394061436,0.0232237534349823,1.0,0.3107766553721892,0.2807954748913052,thyroid:3:11,4
thyroid,ENSG00000066405,ENSG00000158163,0.3992952813677419,0.0263260063974613,0.0263497045500958,1.0,0.4640273918510605,0.4362512050087319,thyroid:3:13,5
thyroid,ENSG00000269984,ENSG00000171757,0.5708912647935449,0.0275484639971457,0.0275484639971457,1.0,0.2491200659255152,0.2508787169315672,thyroid:3:16,5
thyroid,ENSG00000114859,ENSG00000163882,0.138976250995249,0.0012397353386736,0.0012528383035983,1.0,0.2289465663699285,0.3094441498285362,thyroid:3:18,1
thyroid,ENSG00000073849,ENSG00000163923,0.1649076482612486,0.0045073446650497,0.0045426754191919,1.0,0.3191226981079054,0.5537030778303159,thyroid:3:18,2
thyroid,ENSG00000187527,ENSG00000127249,0.1427276303800582,0.0013739977595057,0.0013739977595057,1.0,0.5145868849302417,0.7196667797079599,thyroid:3:19,1
thyroid,ENSG00000176945,ENSG00000145113,0.999973475933075,0.1097940122127572,0.1097940122127572,1.0,0.4055396940204719,0.4363377224732633,thyroid:3:19,7
thyroid,ENSG00000251624,ENSG00000249866,0.1510851399970079,0.0377585674896255,0.0376347752997011,1.0,0.7190458475544952,0.7792022235030348,thyroid:4:0,5
thyroid,ENSG00000259959,ENSG00000170448,0.284775744112494,0.0095983560057371,0.0096145426628532,1.0,0.3406669466660864,0.5784966012806133,thyroid:4:4,3
thyroid,ENSG00000151623,ENSG00000287292,0.1397775594242212,0.016162274939091,0.0161659128154796,1.0,0.4908417251090299,0.6300411544491317,thyroid:4:14,4
thyroid,ENSG00000182552,ENSG00000168538,0.1234056202771043,0.0014809624304063,0.0014829905309435,1.0,0.2654504721579204,0.3836309966552737,thyroid:4:18,1
thyroid,ENSG00000206077,ENSG00000188818,0.9999916553497314,0.0839698877104846,0.0839698877104846,1.0,0.658226786694053,0.7533846037272323,thyroid:5:0,6
thyroid,ENSG00000152939,ENSG00000197822,0.1163975997464064,0.0028371319040366,0.002843234918041,1.0,0.4253489996812452,0.714171259964947,thyroid:5:6,2
thyroid,ENSG00000197822,ENSG00000183474,0.6785804033279419,0.0,0.0,0.0,0.2300307901575298,0.4209450034172735,thyroid:5:6,1
thyroid,ENSG00000251634,ENSG00000145734,0.9994714879884016,0.0498766305157893,0.0498766305157893,1.0,0.2809112552934723,0.1911951683373661,thyroid:5:7,6
thyroid,ENSG00000250802,ENSG00000113231,0.1326767111551134,0.0071868093913036,0.0071935593241917,1.0,0.338743797919702,0.3834080620863956,thyroid:5:7,3
thyroid,ENSG00000286882,ENSG00000249476,0.1520438203223086,0.020418474001348,0.020418474001348,1.0,0.3525435581856239,0.4405029386231064,thyroid:5:10,4
thyroid,ENSG00000272265,ENSG00000271918,0.2329132650892411,0.0050111207919736,0.0050228787970277,1.0,0.2029295204126436,0.4719534684249463,thyroid:5:11,2
thyroid,ENSG00000263432,ENSG00000168938,0.3909175703961054,0.0202550901027215,0.0202550901027215,1.0,0.4194616152718715,0.512952427224452,thyroid:5:12,4
thyroid,ENSG00000120322,ENSG00000272674,0.9585295588609846,-0.2241047587026402,-0.2241047587026402,1.0,-0.1433375255281539,0.1492103724409345,thyroid:5:14,0
thyroid,ENSG00000251405,ENSG00000248544,0.4094146746733784,0.0292429222304698,0.0293520417983992,1.0,0.2788019578770415,0.4053237758208777,thyroid:5:15,5
thyroid,ENSG00000253968,ENSG00000253141,0.32241957561763,0.0084791637128657,0.0085332430759781,1.0,0.7196093863255135,0.805962189634927,thyroid:5:17,3
thyroid,ENSG00000113303,ENSG00000168903,0.9999982118606568,-0.3032056909321605,-0.3032056909321605,1.0,-0.2666154028887886,-0.0584410212750013,thyroid:5:18,0
thyroid,ENSG00000146054,ENSG00000248514,0.6637502457839375,0.103894179292856,0.103948895546885,1.0,0.7016154118838561,0.7305915769423268,thyroid:5:18,7
thyroid,ENSG00000281809,ENSG00000137273,0.9999101170611766,0.0334300861071435,0.0334300861071435,1.0,0.7027835445689886,0.7592775107306272,thyroid:6:0,5
thyroid,ENSG00000111843,ENSG00000272097,0.995147168636322,0.0140930830619323,0.0140930830619323,1.0,-0.0444017715241337,-0.2135643833723827,thyroid:6:1,4
thyroid,ENSG00000281706,ENSG00000287252,0.1086531397972976,0.002080370482471,0.0021649246590556,1.0,0.3828094995451654,0.50479155815747,thyroid:6:2,1
thyroid,ENSG00000241106,ENSG00000204267,0.4999065101399047,-0.0266062956197871,-0.0266062972023895,1.0,0.1551208662925875,0.4828448114698587,thyroid:6:3,0
thyroid,ENSG00000197261,ENSG00000279127,0.3793260291487108,-0.0117965790743815,-0.0118506336515715,1.0,0.4187482294231522,0.555502703264751,thyroid:6:4,0
thyroid,ENSG00000228506,ENSG00000123552,0.1246114156912767,0.0090819421848997,0.009081941872818,1.0,0.2128826707427109,0.177394786045398,thyroid:6:9,3
thyroid,ENSG00000111885,ENSG00000287100,0.7647102647654549,0.013841901032684,0.013841901032684,1.0,0.2421759589446061,0.1019121708621609,thyroid:6:11,4
thyroid,ENSG00000189367,ENSG00000214338,0.9997570531680644,0.0365878908932504,0.0366333773327334,1.0,0.5385472737519561,0.6842824858965041,thyroid:6:12,5
thyroid,ENSG00000216906,ENSG00000203722,0.8327376806613742,0.0925643829263891,0.0925643829263891,1.0,0.28882589324976,0.3829552283564502,thyroid:6:14,6
thyroid,ENSG00000131015,ENSG00000111981,0.1053630283996867,0.0108977576230914,0.0109032620007082,1.0,0.6193624212865129,0.6372285678029804,thyroid:6:14,3
thyroid,ENSG00000112110,ENSG00000146453,0.7249953746795654,0.0,0.0,0.0,0.1126703797998777,0.2457990483207023,thyroid:6:15,1
thyroid,ENSG00000273230,ENSG00000164880,0.991663694381714,0.1312292852991024,0.1312292852991024,1.0,0.3395382798457466,0.4574921065567746,thyroid:7:0,7
thyroid,ENSG00000122687,ENSG00000106268,0.1716773876585051,-0.0031609624784732,-0.0031609624784732,1.0,-0.0309264368247873,0.1743074007088437,thyroid:7:0,1
thyroid,ENSG00000231359,ENSG00000215045,0.1988808133244326,0.0042508318376268,0.0042531432940284,1.0,0.3840402314891694,0.5707284537875811,thyroid:7:0,2
thyroid,ENSG00000106077,ENSG00000165215,0.1810821919871656,0.0067387834175937,0.0067465699014229,1.0,0.4423649855741508,0.4240215754253436,thyroid:7:7,2
thyroid,ENSG00000241350,ENSG00000233448,0.5804113736192384,0.0,0.0,0.0,0.4673161325985949,0.5855561767979152,thyroid:7:7,1
thyroid,ENSG00000242588,ENSG00000243302,0.9967707758870858,0.2482942561315719,0.2482942561315719,1.0,0.8380608679712713,0.8777181349236844,thyroid:7:12,7
thyroid,ENSG00000243302,ENSG00000230715,0.994266809100413,0.2193213980469371,0.2193213980469371,1.0,0.8924850343160198,0.9348829994660892,thyroid:7:12,7
thyroid,ENSG00000230715,ENSG00000229413,0.9630543472870876,0.2447636050622018,0.2447636050622018,1.0,0.8716389807748506,0.9262853293761932,thyroid:7:12,7
thyroid,ENSG00000243679,ENSG00000281490,0.9611840118354742,0.2394347381721584,0.2394347381721584,1.0,0.6515412894633738,0.3705820736433089,thyroid:7:12,7
thyroid,ENSG00000158457,ENSG00000128602,0.3109149858631781,0.0151226596082939,0.0151233493026175,1.0,0.4116415890360437,0.4806720585554206,thyroid:7:12,4
thyroid,ENSG00000106123,ENSG00000165125,0.8115428686141968,0.0608908485100743,0.0608908485100743,1.0,0.4732472572109783,0.6654899057473569,thyroid:7:14,6
thyroid,ENSG00000221836,ENSG00000221858,0.3318590326645108,0.1187766484887084,0.1187766484887084,1.0,0.6404249699565533,0.6186123514395052,thyroid:7:14,7
thyroid,ENSG00000212807,ENSG00000243896,0.5813253836994114,0.0372628764684208,0.0372747406132861,1.0,0.609123132205933,0.7314499422244842,thyroid:7:14,5
thyroid,ENSG00000221970,ENSG00000050327,0.9894412588166688,0.0157456231580705,0.0157456231580705,1.0,0.3841246160196599,0.4829659175066811,thyroid:7:14,4
thyroid,ENSG00000196456,ENSG00000284691,0.8608161211013794,0.0146931904848941,0.0146931904848941,1.0,0.2500013810208676,0.4041564741595993,thyroid:7:15,4
thyroid,ENSG00000275342,ENSG00000254153,0.9990562200546264,0.167560211786932,0.167560211786932,1.0,0.4904472701421378,0.5978479355923362,thyroid:8:0,7
thyroid,ENSG00000253641,ENSG00000253649,0.830961727218579,0.0440413185032671,0.0440271007090282,1.0,0.4422269476507426,0.5862857272937488,thyroid:8:1,5
thyroid,ENSG00000269918,ENSG00000255310,0.2005090339735389,0.0164624273522956,0.0164624273522956,1.0,0.7211852366265147,0.4892268203052447,thyroid:8:1,4
thyroid,ENSG00000283674,ENSG00000154359,0.2320675588180165,0.0055810626252065,0.0055828124340736,1.0,0.1678744739149912,0.1736075669874948,thyroid:8:1,2
thyroid,ENSG00000003987,ENSG00000003989,0.9999964237213136,0.1069255318404949,0.1069255318404949,1.0,0.3875751638948196,0.3461838359716354,thyroid:8:1,7
thyroid,ENSG00000003989,ENSG00000104213,0.1429855823516845,0.0059691320729791,0.0059691320729791,1.0,0.1229408769737398,-0.0726435211253634,thyroid:8:1,2
thyroid,ENSG00000120885,ENSG00000168077,0.5231797715422601,0.0155148398616402,0.0155295277391226,1.0,0.5426524713433017,0.6718523452942577,thyroid:8:2,4
thyroid,ENSG00000168077,ENSG00000279302,0.7475395294701066,0.0225321214906405,0.0225456271646056,1.0,0.6061520379133701,0.5780990067448921,thyroid:8:2,4
thyroid,ENSG00000214050,ENSG00000104290,0.9775744030652334,0.0654492099220898,0.0654492099220898,1.0,0.4250469731687637,0.1462441601284408,thyroid:8:2,6
thyroid,ENSG00000272479,ENSG00000165061,0.4912137236291869,0.0224958946142452,0.02256769879802,1.0,0.5981606875191394,0.6605060598526167,thyroid:8:4,4
thyroid,ENSG00000204839,ENSG00000255050,0.4753912115276364,0.0,0.0,0.0,0.139228800995846,0.397785339526289,thyroid:8:14,1
thyroid,ENSG00000137090,ENSG00000064218,0.3760709120285099,0.0254460689638086,0.0254323612631424,1.0,0.5644204366552557,0.6005070797919069,thyroid:9:0,5
thyroid,ENSG00000178445,ENSG00000236924,1.0,0.2996430447171122,0.2996430447171122,1.0,0.821980142714287,0.6980380874846545,thyroid:9:0,7
thyroid,ENSG00000229029,ENSG00000175893,0.9865217861142526,0.0471683498560697,0.0471683498560697,1.0,0.2291794949168042,0.3032372809973631,thyroid:9:1,6
thyroid,ENSG00000137124,ENSG00000137142,0.949197050522006,0.0417225512576094,0.0417225512576094,1.0,0.3351069302837451,0.3877552917130197,thyroid:9:3,5
thyroid,ENSG00000187742,ENSG00000187764,0.1396145887824538,-0.0014026798904464,-0.0014194961063309,1.0,-0.0191816611747473,0.1259173756967606,thyroid:9:8,1
thyroid,ENSG00000228038,ENSG00000213612,0.3175447744359374,0.0962005237338861,0.096223333376736,1.0,0.5860989568349708,0.5909950418509963,thyroid:9:9,6
thyroid,ENSG00000213612,ENSG00000203279,0.1193076419993239,0.0179419338292319,0.0180236520687169,1.0,0.258299024887454,0.13762190224582,thyroid:9:9,4
thyroid,ENSG00000254876,ENSG00000197816,0.98283985097936,0.0148291439669233,0.0148291439669233,1.0,0.2089462133888897,0.4375031075387974,thyroid:9:9,4
thyroid,ENSG00000241697,ENSG00000170681,0.1104296369370629,0.0040807830031748,0.0040876442694683,1.0,0.546628879884201,0.5653314241288516,thyroid:9:10,2
thyroid,ENSG00000059769,ENSG00000242616,0.1600511015543162,0.0,0.0,0.0,-0.0222909473998338,0.443991261487327,thyroid:9:11,1
thyroid,ENSG00000259953,ENSG00000106868,0.3285337513617605,0.0297813488196437,0.0298086248986709,1.0,0.661267716003429,0.6045551297109222,thyroid:9:11,5
thyroid,ENSG00000126878,ENSG00000126883,0.2339271941557648,0.0048973916646595,0.0048581087826687,1.0,0.4319638935858619,0.4076171236251421,thyroid:9:13,2
thyroid,ENSG00000225756,ENSG00000123453,0.999971866607666,0.05743423320999,0.05743423320999,1.0,0.6659513857010314,0.7015826555317511,thyroid:9:13,6
thyroid,ENSG00000130653,ENSG00000182154,0.9021138499786474,-0.0396875105355864,-0.0396875105355864,1.0,0.02914688424146,0.0878387386953212,thyroid:9:13,0
thyroid,ENSG00000236871,ENSG00000236017,0.999977171543982,0.1848384585040185,0.1848384585040185,1.0,0.8745790367807387,0.7819505907486078,thyroid:X:0,7
thyroid,ENSG00000165197,ENSG00000087842,0.5288251094279346,0.0188694028547941,0.0188694028547941,1.0,0.5211878022562212,0.6018298795217243,thyroid:X:1,4
thyroid,ENSG00000182220,ENSG00000185753,0.257376476635109,0.0050175162713537,0.0050568606577162,1.0,0.2768159958584448,0.0874309808591522,thyroid:X:4,2
thyroid,ENSG00000224975,ENSG00000102225,0.9995253682136536,0.0099188288132421,0.0099188288132421,1.0,0.4310560385798954,0.0806495403619919,thyroid:X:4,3
thyroid,ENSG00000228492,ENSG00000271533,0.1639028268901334,0.0008743633037196,0.0008882276465975,1.0,0.39636524601597,0.6188990978047498,thyroid:X:7,1
thyroid,ENSG00000182489,ENSG00000188917,0.2024422021656207,-0.0086086813158848,-0.0086125416375211,1.0,-0.1290791417954968,0.1112439265765233,thyroid:X:10,0
thyroid,ENSG00000184905,ENSG00000204071,0.1227852571100243,0.0079302314691919,0.00793023162388,1.0,0.5726083272683329,0.6517175250403713,thyroid:X:10,3
thyroid,ENSG00000182195,ENSG00000277215,0.1400769460270865,0.002529657276292,0.002529657276292,1.0,0.5001080894866324,0.5825229940054261,thyroid:X:14,1
thyroid,ENSG00000238039,ENSG00000241769,0.3407347319184666,0.0254151124912042,0.0254198423837821,1.0,0.5811114297259733,0.6573060737366605,thyroid:X:14,5
cells_cultured_fibroblasts,ENSG00000187961,ENSG00000187583,0.7466338872909546,0.0282362078923236,0.0282362078923236,1.0,0.4272678000699452,0.8015626938873683,cells_cultured_fibroblasts:1:0,5
cells_cultured_fibroblasts,ENSG00000008128,ENSG00000227775,1.0,0.1451433906708395,0.1451433906708395,1.0,0.4011249117841652,0.0726670333142069,cells_cultured_fibroblasts:1:0,7
cells_cultured_fibroblasts,ENSG00000142583,ENSG00000180758,0.8994329619073369,0.0537116149719162,0.0537116149719162,1.0,0.2865606987366011,-0.0505208732515459,cells_cultured_fibroblasts:1:0,6
cells_cultured_fibroblasts,ENSG00000288398,ENSG00000132881,0.9136155729850728,0.060062305585588,0.060062305585588,1.0,0.5400600657273676,0.6802472621309635,cells_cultured_fibroblasts:1:1,6
cells_cultured_fibroblasts,ENSG00000211454,ENSG00000162482,0.4999037936738659,0.0357132829736557,0.0357132805246934,1.0,0.2628932287494885,0.5183726347212066,cells_cultured_fibroblasts:1:1,5
cells_cultured_fibroblasts,ENSG00000162482,ENSG00000270728,0.5000170468460396,0.027871901209586,0.027871901209586,1.0,0.263155424876663,0.3825969510042551,cells_cultured_fibroblasts:1:1,5
cells_cultured_fibroblasts,ENSG00000270728,ENSG00000053371,0.4999975562108432,-0.0121122922685245,-0.0121122922685245,1.0,0.0550385539062483,0.1431872419890404,cells_cultured_fibroblasts:1:1,0
cells_cultured_fibroblasts,ENSG00000117245,ENSG00000189410,0.575006824310087,0.0065435421663619,0.0065435421663619,1.0,0.4865140096159496,0.5041285557537738,cells_cultured_fibroblasts:1:2,2
cells_cultured_fibroblasts,ENSG00000187010,ENSG00000183726,0.999938428401947,0.2632292946110836,0.2632292946110836,1.0,0.7202372812326691,0.5781583609138442,cells_cultured_fibroblasts:1:2,7
cells_cultured_fibroblasts,ENSG00000200087,ENSG00000279443,0.882560596984689,-0.0133396546297301,-0.0133429672351924,1.0,0.1100014790304955,0.22957024098163,cells_cultured_fibroblasts:1:2,0
cells_cultured_fibroblasts,ENSG00000116898,ENSG00000119535,0.2125323336407305,0.0076089310426318,0.0076143505217827,1.0,0.229268057791513,-0.3053071885009296,cells_cultured_fibroblasts:1:3,3
cells_cultured_fibroblasts,ENSG00000183386,ENSG00000183520,0.3239957141822707,0.0064621775316701,0.006543787337361,1.0,0.2928869327842318,-0.081491931367645,cells_cultured_fibroblasts:1:3,2
cells_cultured_fibroblasts,ENSG00000187801,ENSG00000260920,0.4503322066826953,0.0028632169457399,0.0028689559452597,1.0,0.5867828363256211,0.739168536221237,cells_cultured_fibroblasts:1:4,2
cells_cultured_fibroblasts,ENSG00000086015,ENSG00000117461,0.105416665745885,0.0065876985441739,0.0065922330910874,1.0,0.084144908790363,0.1311785342372865,cells_cultured_fibroblasts:1:4,2
cells_cultured_fibroblasts,ENSG00000203995,ENSG00000121310,0.1523217552778071,0.0020121192779388,0.0020868814382098,1.0,0.3814847291644938,-0.4774522061655326,cells_cultured_fibroblasts:1:5,1
cells_cultured_fibroblasts,ENSG00000121310,ENSG00000116171,0.2146325057577272,0.0034824125138078,0.003480349384631,1.0,0.4024958673003111,0.5532718721168617,cells_cultured_fibroblasts:1:5,2
cells_cultured_fibroblasts,ENSG00000248458,ENSG00000152760,0.2304008541535154,0.020980563762424,0.0207868328115454,1.0,0.3083011520082285,0.2033819649376471,cells_cultured_fibroblasts:1:6,4
cells_cultured_fibroblasts,ENSG00000228852,ENSG00000287919,0.9994769901586124,0.0224007568592784,0.0223999768453642,1.0,-0.0317791708711856,0.2816834594919487,cells_cultured_fibroblasts:1:9,4
cells_cultured_fibroblasts,ENSG00000225938,ENSG00000170989,0.2651460824938354,0.0449324573225389,0.0449324573225389,1.0,0.840297943802297,0.8436666489319472,cells_cultured_fibroblasts:1:10,5
cells_cultured_fibroblasts,ENSG00000198890,ENSG00000162631,0.9999979734420776,0.0394940143305873,0.0394940143305873,1.0,0.3929838081363487,0.2974556998155762,cells_cultured_fibroblasts:1:10,5
cells_cultured_fibroblasts,ENSG00000134186,ENSG00000116266,0.1508703208278561,0.0018110656220937,0.0018110656220937,1.0,0.227511024735617,0.0806972392577355,cells_cultured_fibroblasts:1:10,1
cells_cultured_fibroblasts,ENSG00000134255,ENSG00000162777,0.9965935888787704,0.0699740551087732,0.0699740551087732,1.0,0.3873088646596934,0.3450754663910313,cells_cultured_fibroblasts:1:11,6
cells_cultured_fibroblasts,ENSG00000270231,ENSG00000275131,0.157069830348604,-0.0047419155037336,-0.004739249201572,1.0,-0.3472722536892645,0.1643263910152907,cells_cultured_fibroblasts:1:12,0
cells_cultured_fibroblasts,ENSG00000273213,ENSG00000263513,0.9999940395444042,0.070836473892716,0.070836473892716,1.0,0.4919427996560935,0.3234386990090622,cells_cultured_fibroblasts:1:14,6
cells_cultured_fibroblasts,ENSG00000263513,ENSG00000270872,0.9980054557072222,0.0448991720841974,0.0448991720841974,1.0,0.3282551658004849,0.2842035283764901,cells_cultured_fibroblasts:1:14,5
cells_cultured_fibroblasts,ENSG00000162825,ENSG00000117262,0.2517877915876774,0.0067371830137223,0.0067338999045019,1.0,0.23810469754793,0.4981997582140697,cells_cultured_fibroblasts:1:14,2
cells_cultured_fibroblasts,ENSG00000269713,ENSG00000274265,0.1651331087867547,0.0302708365987153,0.0302708365987153,1.0,0.3403219561894948,0.2325714961385029,cells_cultured_fibroblasts:1:14,5
cells_cultured_fibroblasts,ENSG00000286219,ENSG00000271383,1.0,0.0932600800867032,0.0932600800867032,1.0,0.6941086862430118,0.7232767535752044,cells_cultured_fibroblasts:1:14,6
cells_cultured_fibroblasts,ENSG00000236427,ENSG00000197915,0.2123913785386122,-0.0688877771413487,-0.0688877771413487,1.0,-0.1846597283932632,-0.0424930283899435,cells_cultured_fibroblasts:1:15,0
cells_cultured_fibroblasts,ENSG00000197915,ENSG00000143631,0.2117449241630709,-0.0618687927693778,-0.0618687927693778,1.0,-0.1536267687994525,0.0327668463494506,cells_cultured_fibroblasts:1:15,0
cells_cultured_fibroblasts,ENSG00000143631,ENSG00000143520,0.1950483193837726,0.038311780739684,0.038311780739684,1.0,0.5313486429199561,0.5241265505240796,cells_cultured_fibroblasts:1:15,5
cells_cultured_fibroblasts,ENSG00000282386,ENSG00000273026,0.975624472609784,0.0304268586433568,0.0304268586433568,1.0,0.1425867534000622,0.3614382233532556,cells_cultured_fibroblasts:1:15,5
cells_cultured_fibroblasts,ENSG00000158769,ENSG00000215845,1.0,0.5051035478744103,0.5051035478744103,1.0,0.6814455572271827,0.6674886860014564,cells_cultured_fibroblasts:1:16,7
cells_cultured_fibroblasts,ENSG00000158850,ENSG00000158859,0.9999822974225978,0.1504868219923193,0.1504891094330479,1.0,0.7367309618760602,0.4076287958722506,cells_cultured_fibroblasts:1:16,7
cells_cultured_fibroblasts,ENSG00000158864,ENSG00000158869,0.1774006798123295,0.0037464859082861,0.0037464859082861,1.0,0.1264012388107553,-0.1240132629478875,cells_cultured_fibroblasts:1:16,2
cells_cultured_fibroblasts,ENSG00000132185,ENSG00000162746,0.9375426769256592,0.0319036836532486,0.0319036836532486,1.0,0.4724295053898056,0.7977771099212544,cells_cultured_fibroblasts:1:16,5
cells_cultured_fibroblasts,ENSG00000185860,ENSG00000117152,0.1807688187083513,0.0059190267852882,0.0059328294943946,1.0,0.5726181730246637,0.8003323871457112,cells_cultured_fibroblasts:1:16,2
cells_cultured_fibroblasts,ENSG00000157181,ENSG00000229739,0.4972019644515058,-0.0048703328213101,-0.0048703328213101,1.0,-0.1354079855314184,0.0252519632405918,cells_cultured_fibroblasts:1:18,0
cells_cultured_fibroblasts,ENSG00000054392,ENSG00000143473,0.4564015477702128,0.0110993877961965,0.011068707790032,1.0,0.4239558764769113,0.799001306506791,cells_cultured_fibroblasts:1:21,3
cells_cultured_fibroblasts,ENSG00000082512,ENSG00000153363,0.8636498846805978,0.0110286238086397,0.0110286238086397,1.0,-0.0017572715144654,-0.1715584956188325,cells_cultured_fibroblasts:1:21,3
cells_cultured_fibroblasts,ENSG00000238078,ENSG00000257551,0.1758782267570495,0.0127688671782573,0.0127688671782573,1.0,0.3181139482009197,0.672881674873642,cells_cultured_fibroblasts:1:22,4
cells_cultured_fibroblasts,ENSG00000143742,ENSG00000143819,0.2688074879949944,0.0006290063290035,0.0006339455582794,1.0,0.0458251511509557,-0.505293934003177,cells_cultured_fibroblasts:1:22,1
cells_cultured_fibroblasts,ENSG00000182901,ENSG00000286496,0.9871506982116712,0.0637519350237288,0.0637519350237288,1.0,0.6267171304321492,0.6600163137380219,cells_cultured_fibroblasts:1:24,6
cells_cultured_fibroblasts,ENSG00000286496,ENSG00000287516,0.9872685074806212,0.0910942213786299,0.0910942213786299,1.0,0.4635712920087133,0.4796810724458399,cells_cultured_fibroblasts:1:24,6
cells_cultured_fibroblasts,ENSG00000287516,ENSG00000091483,0.1624965071678161,0.0038117296142732,0.0038117296142732,1.0,0.2843261562392793,0.4110087218801422,cells_cultured_fibroblasts:1:24,2
cells_cultured_fibroblasts,ENSG00000151632,ENSG00000196139,0.1421644164015099,0.0057280980455403,0.0057280980455403,1.0,0.4056907239684315,0.4416446215146276,cells_cultured_fibroblasts:10:0,2
cells_cultured_fibroblasts,ENSG00000152465,ENSG00000148468,0.6732799662862377,0.0179918668629927,0.0179990830507918,1.0,0.5727036589686222,0.3578477924496538,cells_cultured_fibroblasts:10:1,4
cells_cultured_fibroblasts,ENSG00000095787,ENSG00000095739,0.2940735816955566,-0.0085846817046244,-0.0085846817046244,1.0,-0.0451419098226589,-0.1191442778119728,cells_cultured_fibroblasts:10:2,0
cells_cultured_fibroblasts,ENSG00000148834,ENSG00000065621,0.9999596476602832,-0.0171165864929614,-0.0171165864929614,1.0,-0.1758819301746455,0.4689857401604937,cells_cultured_fibroblasts:10:10,0
cells_cultured_fibroblasts,ENSG00000107669,ENSG00000107672,0.986573223348742,0.0116175632072041,0.0116175632072041,1.0,0.2926726938504364,0.5684472419099821,cells_cultured_fibroblasts:10:12,3
cells_cultured_fibroblasts,ENSG00000142102,ENSG00000185201,0.3796391246597466,0.002844153354448,0.0028571533171755,1.0,0.1070968065862011,0.6103615110765052,cells_cultured_fibroblasts:11:0,2
cells_cultured_fibroblasts,ENSG00000177685,ENSG00000177697,0.9653554886036916,0.1041073178951781,0.1041073178951781,1.0,0.3442536469657817,0.4387323446675969,cells_cultured_fibroblasts:11:0,7
cells_cultured_fibroblasts,ENSG00000005801,ENSG00000166492,0.1189010279657623,0.0165761532888299,0.01657615328883,1.0,0.4771901928141302,0.0493168377177651,cells_cultured_fibroblasts:11:0,4
cells_cultured_fibroblasts,ENSG00000110436,ENSG00000149090,0.7515274938698404,0.013067382548093,0.013067382548093,1.0,0.5900797968130752,0.5285351484380371,cells_cultured_fibroblasts:11:3,4
cells_cultured_fibroblasts,ENSG00000149090,ENSG00000179431,0.8700646281952196,0.0213930990204102,0.0213930990204102,1.0,0.4170072005911152,0.1160128002633705,cells_cultured_fibroblasts:11:3,4
cells_cultured_fibroblasts,ENSG00000167985,ENSG00000162148,0.2487678527832031,-0.0022324896437393,-0.0022324896437393,1.0,-0.2520204107747644,-0.3528905422152639,cells_cultured_fibroblasts:11:6,1
cells_cultured_fibroblasts,ENSG00000162341,ENSG00000284713,0.4810781968250168,-0.0304364160056818,-0.0304364160056818,1.0,-0.3346085014065371,-0.0519732110364478,cells_cultured_fibroblasts:11:6,0
cells_cultured_fibroblasts,ENSG00000278989,ENSG00000151376,0.1290621608266633,0.0042978555245525,0.0042566214895045,1.0,0.5910699421677964,0.6781243795861468,cells_cultured_fibroblasts:11:8,2
cells_cultured_fibroblasts,ENSG00000109861,ENSG00000288018,0.4996452521711205,0.0173964501041339,0.0173964501041339,1.0,0.4179847356588015,0.3213934320895405,cells_cultured_fibroblasts:11:8,4
cells_cultured_fibroblasts,ENSG00000110172,ENSG00000280367,0.1338487981955722,-0.003809295088698,-0.0037457899862585,1.0,-0.0692989486011174,-0.258940643910298,cells_cultured_fibroblasts:11:9,1
cells_cultured_fibroblasts,ENSG00000076053,ENSG00000076043,0.4145035754647672,0.0066503303357603,0.0066732077359393,1.0,0.2351390963776634,0.174298591171858,cells_cultured_fibroblasts:11:11,2
cells_cultured_fibroblasts,ENSG00000139194,ENSG00000256967,0.9937698098210248,0.0980753512795639,0.0980509425560791,1.0,0.8353396101166163,0.9482528931389111,cells_cultured_fibroblasts:12:0,7
cells_cultured_fibroblasts,ENSG00000284634,ENSG00000257027,1.0,0.093893311463059,0.093893311463059,1.0,0.6474461653439896,0.7524621438124441,cells_cultured_fibroblasts:12:0,6
cells_cultured_fibroblasts,ENSG00000257027,ENSG00000069493,1.0,0.0448324813446671,0.0448173139954663,1.0,0.528604192823794,0.5450621913815508,cells_cultured_fibroblasts:12:0,5
cells_cultured_fibroblasts,ENSG00000110888,ENSG00000285517,0.999934196472168,0.0202088855665307,0.0202088855665307,1.0,0.4473462290721892,0.5372792994477039,cells_cultured_fibroblasts:12:3,4
cells_cultured_fibroblasts,ENSG00000123364,ENSG00000123407,0.1259212339261282,0.0034127700046908,0.0034472698409141,1.0,0.663042894186233,0.7298891738807828,cells_cultured_fibroblasts:12:5,2
cells_cultured_fibroblasts,ENSG00000166225,ENSG00000166226,0.1793215477928811,0.0007627460974357,0.000764495265613,1.0,0.1601881668338427,-0.584182141709559,cells_cultured_fibroblasts:12:6,1
cells_cultured_fibroblasts,ENSG00000180263,ENSG00000028203,0.2499996422739059,0.0231177895564176,0.0231177895564176,1.0,0.6117484724465287,0.3640546360405129,cells_cultured_fibroblasts:12:9,4
cells_cultured_fibroblasts,ENSG00000110906,ENSG00000151148,0.1163537175634843,0.0,0.0,0.0,0.2956070476681152,0.6574179476802803,cells_cultured_fibroblasts:12:10,1
cells_cultured_fibroblasts,ENSG00000176915,ENSG00000090615,0.1301037390863584,-0.0060307789602221,-0.0060537826481062,1.0,-0.1798315502582647,0.3003710195175362,cells_cultured_fibroblasts:12:13,0
cells_cultured_fibroblasts,ENSG00000120675,ENSG00000120658,0.4590330734343695,0.0244844157653543,0.0244844157653543,1.0,0.2155076503694875,0.0895499516918158,cells_cultured_fibroblasts:13:4,5
cells_cultured_fibroblasts,ENSG00000174032,ENSG00000136152,0.138722515352633,0.0,0.0,0.0,0.1016673151581462,0.1380267143065223,cells_cultured_fibroblasts:13:4,1
cells_cultured_fibroblasts,ENSG00000136147,ENSG00000136144,0.1331826090347263,0.0,0.0,0.0,0.0766319012256293,-0.2317356025326894,cells_cultured_fibroblasts:13:4,1
cells_cultured_fibroblasts,ENSG00000102753,ENSG00000123178,0.9999990463256836,0.0058990978597839,0.0058995766317828,1.0,0.3114227100183004,0.8583719612054342,cells_cultured_fibroblasts:13:4,2
cells_cultured_fibroblasts,ENSG00000088387,ENSG00000260992,0.1038193751488059,0.0082342801723219,0.0082342801723219,1.0,0.3725930014068505,0.2588892648862341,cells_cultured_fibroblasts:13:9,3
cells_cultured_fibroblasts,ENSG00000102452,ENSG00000198542,0.2597640245612638,0.0046043423081742,0.0046043423081742,1.0,0.5502547017788589,0.622577977203363,cells_cultured_fibroblasts:13:10,2
cells_cultured_fibroblasts,ENSG00000258515,ENSG00000100823,0.4087688676985124,0.0,0.0,0.0,0.0759905553434089,-0.2442008928174041,cells_cultured_fibroblasts:14:2,1
cells_cultured_fibroblasts,ENSG00000129465,ENSG00000100968,0.9627836607802074,0.0060102706541285,0.0060102706541285,1.0,0.1591359760516691,0.5953956934016258,cells_cultured_fibroblasts:14:2,2
cells_cultured_fibroblasts,ENSG00000259091,ENSG00000139874,0.2212044577243155,0.0074896369116387,0.0075804279517583,1.0,0.3728034201505663,0.4539509172559957,cells_cultured_fibroblasts:14:3,3
cells_cultured_fibroblasts,ENSG00000139874,ENSG00000176435,0.2207787611702301,0.0113895522357984,0.0113525601729969,1.0,0.2222286469112591,0.4340501008697718,cells_cultured_fibroblasts:14:3,3
cells_cultured_fibroblasts,ENSG00000258636,ENSG00000165379,0.935339331626892,0.1669495516910699,0.1669495516910699,1.0,0.7303861878926223,0.2570925959243682,cells_cultured_fibroblasts:14:4,7
cells_cultured_fibroblasts,ENSG00000165527,ENSG00000214900,0.9937521580595784,0.0096512505020324,0.0096512505020324,1.0,0.3708325565763506,0.4414564810003502,cells_cultured_fibroblasts:14:4,3
cells_cultured_fibroblasts,ENSG00000205683,ENSG00000119599,0.7047239897014421,0.0718747391116836,0.0718747391116836,1.0,0.3231559243809923,0.3949745400732585,cells_cultured_fibroblasts:14:7,6
cells_cultured_fibroblasts,ENSG00000119673,ENSG00000279026,0.9999995827674866,0.0456235159220106,0.0456235159220106,1.0,0.2423047020120207,0.5906285518452355,cells_cultured_fibroblasts:14:7,6
cells_cultured_fibroblasts,ENSG00000009830,ENSG00000100577,0.4566823883184305,0.0,0.0,0.0,0.0028145849043697,-0.6528633044818399,cells_cultured_fibroblasts:14:7,1
cells_cultured_fibroblasts,ENSG00000183648,ENSG00000165934,0.1703393857196999,0.0031973178642748,0.003200271213216,1.0,0.2168019769109875,0.2566910587206847,cells_cultured_fibroblasts:14:9,2
cells_cultured_fibroblasts,ENSG00000205476,ENSG00000182218,0.987005054950714,0.0329703790573675,0.0329703790573675,1.0,0.2265468333461399,-0.1203394733989195,cells_cultured_fibroblasts:14:9,5
cells_cultured_fibroblasts,ENSG00000182218,ENSG00000036530,0.8999164700508118,0.0745197980691606,0.0745197980691606,1.0,0.2681637020120004,0.5253224723492773,cells_cultured_fibroblasts:14:9,6
cells_cultured_fibroblasts,ENSG00000088808,ENSG00000258735,0.4330925154680578,0.03057446701719,0.030180779235835,1.0,0.1387141901469678,-0.01319163768868,cells_cultured_fibroblasts:14:10,5
cells_cultured_fibroblasts,ENSG00000186399,ENSG00000261794,0.13606738376604,-0.0033713291934035,-0.0034013111229097,1.0,-0.0497616452375848,0.3555848343322267,cells_cultured_fibroblasts:15:3,1
cells_cultured_fibroblasts,ENSG00000276107,ENSG00000278621,0.1588520298101805,0.0019740105638179,0.002031700519159,1.0,0.6734989881761597,0.7828611588933558,cells_cultured_fibroblasts:15:3,1
cells_cultured_fibroblasts,ENSG00000188549,ENSG00000140323,0.1356996893882751,0.0046884311207644,0.0046884311207644,1.0,0.1760742212050479,0.2756695561810883,cells_cultured_fibroblasts:15:4,2
cells_cultured_fibroblasts,ENSG00000185088,ENSG00000166128,0.4004040081542044,0.0030244730332492,0.0030109157490137,1.0,0.3531951014157509,0.2266452712048199,cells_cultured_fibroblasts:15:6,2
cells_cultured_fibroblasts,ENSG00000074410,ENSG00000259459,0.4161424615328712,-0.0327914088184766,-0.0327914088184766,1.0,-0.0281039600784743,0.2206622260816719,cells_cultured_fibroblasts:15:6,0
cells_cultured_fibroblasts,ENSG00000178718,ENSG00000198794,0.1076332046306305,0.0128439527813618,0.0128439527813618,1.0,0.3675667022135844,0.0184948789277272,cells_cultured_fibroblasts:15:7,4
cells_cultured_fibroblasts,ENSG00000270127,ENSG00000259205,0.1832375803962236,0.0341726196127213,0.0341707681707718,1.0,0.7595416778037324,0.8457592154819116,cells_cultured_fibroblasts:15:10,5
cells_cultured_fibroblasts,ENSG00000140990,ENSG00000140988,0.161510055648101,-0.0013371024992629,-0.001339872217544,1.0,0.002898758848322,0.3269838596069754,cells_cultured_fibroblasts:16:0,1
cells_cultured_fibroblasts,ENSG00000127561,ENSG00000167962,0.52355101914657,0.0,0.0,0.0,0.1853264822743632,0.075519701220542,cells_cultured_fibroblasts:16:0,1
cells_cultured_fibroblasts,ENSG00000183426,ENSG00000179889,0.1399623391689175,0.0027384684065137,0.0027384684065137,1.0,0.0686758487088698,-0.2153566800995185,cells_cultured_fibroblasts:16:1,2
cells_cultured_fibroblasts,ENSG00000261819,ENSG00000275910,0.9288462753861992,0.0406977066630368,0.0407131901867191,1.0,0.4549804094163297,0.5102747313642315,cells_cultured_fibroblasts:16:1,5
cells_cultured_fibroblasts,ENSG00000103226,ENSG00000183889,0.5148194432258606,0.0930327296705789,0.0930327296705789,1.0,0.291601750238358,0.1853427647541567,cells_cultured_fibroblasts:16:1,6
cells_cultured_fibroblasts,ENSG00000205746,ENSG00000254681,1.0,0.0582082627206934,0.0582082627206934,1.0,0.7369596568125844,0.7945707662568404,cells_cultured_fibroblasts:16:1,6
cells_cultured_fibroblasts,ENSG00000167371,ENSG00000280789,0.8734882473945618,0.0267023870679882,0.0267023870679882,1.0,0.4229841664125576,-0.3355220078367531,cells_cultured_fibroblasts:16:2,5
cells_cultured_fibroblasts,ENSG00000151006,ENSG00000167397,1.0,0.0618324250546988,0.0618324250546988,1.0,0.5033758790728098,0.4929345407838409,cells_cultured_fibroblasts:16:3,6
cells_cultured_fibroblasts,ENSG00000140853,ENSG00000140848,0.5207461719905204,0.0221459043780874,0.0221513975175057,1.0,0.2240048633532451,-0.3237314699112424,cells_cultured_fibroblasts:16:5,4
cells_cultured_fibroblasts,ENSG00000159720,ENSG00000270049,0.2037361185582469,-0.002852555764537,-0.0028648369492467,1.0,-0.0569952029897612,-0.0952576337421287,cells_cultured_fibroblasts:16:6,1
cells_cultured_fibroblasts,ENSG00000258429,ENSG00000132603,0.11326932567016,0.000766676861013,0.0007708895670077,1.0,-0.0184942280971599,0.7133767074949342,cells_cultured_fibroblasts:16:6,1
cells_cultured_fibroblasts,ENSG00000223496,ENSG00000090861,0.1338874410771922,-0.0036314370082565,-0.0036314370082565,1.0,0.1259645955155509,0.4187854053422818,cells_cultured_fibroblasts:16:7,1
cells_cultured_fibroblasts,ENSG00000140943,ENSG00000260018,0.9126067219619358,0.033958824416754,0.033958824416754,1.0,0.1335113003007736,0.0148039294856391,cells_cultured_fibroblasts:16:8,5
cells_cultured_fibroblasts,ENSG00000275393,ENSG00000287125,0.8670922084994004,0.0192142867630245,0.0192142867630245,1.0,0.4734276258439387,0.5890487881226332,cells_cultured_fibroblasts:16:8,4
cells_cultured_fibroblasts,ENSG00000226180,ENSG00000104731,0.995791441260053,0.0,0.0,0.0,0.2139049389956115,0.1040258091625675,cells_cultured_fibroblasts:16:8,1
cells_cultured_fibroblasts,ENSG00000185561,ENSG00000186594,0.1503389901057765,0.0025014286644695,0.0024983498646449,1.0,0.2047123763622725,0.5328624407020834,cells_cultured_fibroblasts:17:0,1
cells_cultured_fibroblasts,ENSG00000265519,ENSG00000276855,0.1607689898993456,0.0030216735032161,0.0030227265027055,1.0,0.5693499262163979,0.7923661687397645,cells_cultured_fibroblasts:17:1,2
cells_cultured_fibroblasts,ENSG00000170160,ENSG00000288235,0.9998679178227654,0.1230726377754088,0.1230726377754088,1.0,0.9012243868565606,0.9051966587437856,cells_cultured_fibroblasts:17:1,7
cells_cultured_fibroblasts,ENSG00000267547,ENSG00000267648,0.8563417400896043,0.1432961505921738,0.1432961505921738,1.0,0.7691665667314457,0.7210698697790143,cells_cultured_fibroblasts:17:3,7
cells_cultured_fibroblasts,ENSG00000267648,ENSG00000172123,0.99756927137269,0.3148538008247831,0.3148538008247831,1.0,0.8454740532919945,0.63943065157636,cells_cultured_fibroblasts:17:3,7
cells_cultured_fibroblasts,ENSG00000277791,ENSG00000276293,0.6657907349596144,0.0072320583318842,0.0072320583318842,1.0,0.0877237411992876,-0.5344733323302802,cells_cultured_fibroblasts:17:3,3
cells_cultured_fibroblasts,ENSG00000030582,ENSG00000161682,0.1435542000612812,-0.0007654472439404,-0.0007727297171931,1.0,-0.0177285395573323,0.2701899874522379,cells_cultured_fibroblasts:17:4,1
cells_cultured_fibroblasts,ENSG00000006283,ENSG00000108846,0.2453376384867809,0.0,0.0,0.0,0.2105075704402158,0.2624747344414062,cells_cultured_fibroblasts:17:5,1
cells_cultured_fibroblasts,ENSG00000264364,ENSG00000279207,0.1636362573213503,-0.0017251553642119,-0.0017465268756898,1.0,0.2596326522802472,0.4591806218827259,cells_cultured_fibroblasts:17:5,1
cells_cultured_fibroblasts,ENSG00000274565,ENSG00000011028,0.9999996423721312,-0.0348038226434208,-0.0348038226434208,1.0,0.1492680787383136,0.4165943541071006,cells_cultured_fibroblasts:17:6,0
cells_cultured_fibroblasts,ENSG00000274561,ENSG00000277476,0.1076139883717246,0.0176165960827908,0.0176288058192923,1.0,0.5681345821934378,0.7917943207978502,cells_cultured_fibroblasts:17:6,4
cells_cultured_fibroblasts,ENSG00000129646,ENSG00000161542,0.113001979479435,0.001229536225417,0.0011730480909764,0.9580939465214146,0.2072455501425084,-0.0849174288204069,cells_cultured_fibroblasts:17:7,1
cells_cultured_fibroblasts,ENSG00000070495,ENSG00000181038,0.1170750902728308,0.0009759569542495,0.0010086823483683,1.0,0.2174445301113861,-0.0543760043559852,cells_cultured_fibroblasts:17:7,1
cells_cultured_fibroblasts,ENSG00000262580,ENSG00000181523,0.7036323321797369,-0.0157694561846894,-0.0157872092338191,1.0,-0.0322298274008216,0.0493713463704308,cells_cultured_fibroblasts:17:8,0
cells_cultured_fibroblasts,ENSG00000177337,ENSG00000262001,0.110606590503707,0.0030913692790021,0.0033369931890129,0.9266184365467092,0.4246244713696587,0.6097207335081972,cells_cultured_fibroblasts:18:0,2
cells_cultured_fibroblasts,ENSG00000141458,ENSG00000154065,0.9869676232337952,0.0695778344608202,0.0695945419936304,1.0,0.6199008141942495,0.3064331127092796,cells_cultured_fibroblasts:18:2,6
cells_cultured_fibroblasts,ENSG00000154065,ENSG00000053747,0.1954436112359943,0.0057498651197281,0.0057823168951664,1.0,0.5195503308970397,0.4387582979124076,cells_cultured_fibroblasts:18:2,2
cells_cultured_fibroblasts,ENSG00000267414,ENSG00000152217,0.3282958192283018,0.0142475993298838,0.0142600465328266,1.0,0.5279370652686716,0.6403971889591085,cells_cultured_fibroblasts:18:4,4
cells_cultured_fibroblasts,ENSG00000152223,ENSG00000152229,0.3409204063056386,0.020464133790844,0.020464133790844,1.0,0.4015400945876655,0.4168066726361095,cells_cultured_fibroblasts:18:4,4
cells_cultured_fibroblasts,ENSG00000104953,ENSG00000065717,0.2533074112108124,0.0034074557587605,0.0034074557587605,1.0,0.5155295926714896,0.8274174440142872,cells_cultured_fibroblasts:19:0,2
cells_cultured_fibroblasts,ENSG00000188321,ENSG00000188629,0.9999865293502808,0.0541846302705848,0.0541846302705848,1.0,0.3063042954135442,0.7528696117526795,cells_cultured_fibroblasts:19:0,6
cells_cultured_fibroblasts,ENSG00000105088,ENSG00000080573,0.9756471164313468,0.0098078412929462,0.0098078412929462,1.0,0.458239970458311,0.5316348241864028,cells_cultured_fibroblasts:19:0,3
cells_cultured_fibroblasts,ENSG00000269044,ENSG00000267904,0.9973205730444156,0.0176848730735978,0.0176849333815023,1.0,0.3631268522224161,0.4834991355557602,cells_cultured_fibroblasts:19:1,4
cells_cultured_fibroblasts,ENSG00000180884,ENSG00000089351,0.901592493057251,0.0321653344451436,0.0321653344451436,1.0,0.3633839321352703,0.4743137075132145,cells_cultured_fibroblasts:19:3,5
cells_cultured_fibroblasts,ENSG00000271032,ENSG00000105711,0.9578469395637512,0.0779740405510226,0.0779740405510226,1.0,0.2724522748569954,0.252683628751198,cells_cultured_fibroblasts:19:3,6
cells_cultured_fibroblasts,ENSG00000161249,ENSG00000189001,0.985947656299544,0.0186360816340871,0.0186360816340871,1.0,0.7052234967191593,0.6790144577854714,cells_cultured_fibroblasts:19:3,4
cells_cultured_fibroblasts,ENSG00000126247,ENSG00000161281,1.0,0.0220567319693906,0.0220567319693906,1.0,0.22517362415662,-0.1441829623481433,cells_cultured_fibroblasts:19:3,4
cells_cultured_fibroblasts,ENSG00000269486,ENSG00000269190,0.3516350005007318,0.0377655344402099,0.0377886107272349,1.0,0.2878755717971709,-0.1304452822043456,cells_cultured_fibroblasts:19:3,5
cells_cultured_fibroblasts,ENSG00000278917,ENSG00000286613,0.1210485450738474,0.004932115593227,0.004932115593227,1.0,0.2133190025267714,0.4804766983806418,cells_cultured_fibroblasts:19:4,2
cells_cultured_fibroblasts,ENSG00000182310,ENSG00000105509,0.1105106314156216,0.0049713438283337,0.0049890339072608,1.0,0.249296841463842,0.1336758918949843,cells_cultured_fibroblasts:19:5,2
cells_cultured_fibroblasts,ENSG00000105509,ENSG00000171051,0.1315159671477204,0.0142414514074187,0.0143150392210441,1.0,0.5921982852657927,0.4760640977464837,cells_cultured_fibroblasts:19:5,4
cells_cultured_fibroblasts,ENSG00000160336,ENSG00000198346,0.7206150966229963,0.0138787984898739,0.0138865235815607,1.0,0.3523250618025851,0.4096189019246363,cells_cultured_fibroblasts:19:5,4
cells_cultured_fibroblasts,ENSG00000160439,ENSG00000131037,0.9144685976337356,0.0571857157659036,0.0571857157659036,1.0,0.2712987096455665,0.1644658127094013,cells_cultured_fibroblasts:19:5,6
cells_cultured_fibroblasts,ENSG00000180089,ENSG00000105063,0.3274947181324279,-0.0031303404279513,-0.0031303404279513,1.0,-0.0405087236476534,0.0723524295729234,cells_cultured_fibroblasts:19:5,1
cells_cultured_fibroblasts,ENSG00000186230,ENSG00000276449,0.4054946955304714,-0.0334956066347648,-0.0335832891120653,1.0,-0.1141560033412525,0.159557200015695,cells_cultured_fibroblasts:19:5,0
cells_cultured_fibroblasts,ENSG00000179909,ENSG00000083814,0.9999380707740784,0.0186134142279921,0.0186134142279921,1.0,0.5395878625157554,0.5820634288997211,cells_cultured_fibroblasts:19:5,4
cells_cultured_fibroblasts,ENSG00000182318,ENSG00000121410,0.2975577788478887,-0.0043775440539587,-0.0045669578013946,1.0,0.0053602305707034,-0.3935421014052069,cells_cultured_fibroblasts:19:5,1
cells_cultured_fibroblasts,ENSG00000115750,ENSG00000269973,0.9994352459907532,0.1518980420646281,0.1518806519888398,1.0,0.7189671069853248,0.2967790453040162,cells_cultured_fibroblasts:2:0,7
cells_cultured_fibroblasts,ENSG00000185013,ENSG00000287284,0.1035571926550531,0.0039353066247748,0.0040059091958623,1.0,0.2783255238688943,0.2243929720031215,cells_cultured_fibroblasts:2:1,2
cells_cultured_fibroblasts,ENSG00000013016,ENSG00000158125,0.9999988079071044,0.0265492595998511,0.0265492595998511,1.0,0.2481054958775342,-0.2261483820153549,cells_cultured_fibroblasts:2:3,5
cells_cultured_fibroblasts,ENSG00000272716,ENSG00000152683,0.2694696383569805,0.0,0.0,0.0,0.0642725824157068,0.1657430719126437,cells_cultured_fibroblasts:2:3,1
cells_cultured_fibroblasts,ENSG00000163171,ENSG00000237803,0.1259142606573675,0.0078312736444333,0.0078356272052563,1.0,0.558729544813321,0.7087833389687499,cells_cultured_fibroblasts:2:3,3
cells_cultured_fibroblasts,ENSG00000138035,ENSG00000115380,0.7165841620362201,0.0060720408226214,0.0060720408226214,1.0,0.2536572195669304,-0.54012536999422,cells_cultured_fibroblasts:2:5,2
cells_cultured_fibroblasts,ENSG00000188687,ENSG00000204843,0.1861920914200254,-0.0038893127786747,-0.0038893122193318,1.0,0.0205971213417863,-0.1651631279321016,cells_cultured_fibroblasts:2:7,1
cells_cultured_fibroblasts,ENSG00000204792,ENSG00000115350,0.9999966025352478,0.1904196410023961,0.1904196410023961,1.0,0.4640414078521245,0.2399349582495236,cells_cultured_fibroblasts:2:7,7
cells_cultured_fibroblasts,ENSG00000183281,ENSG00000285793,0.1773943738691841,0.0039008742585768,0.0038437768319993,1.0,0.0612938708675594,0.1791018330399431,cells_cultured_fibroblasts:2:8,2
cells_cultured_fibroblasts,ENSG00000234231,ENSG00000125551,0.1749942790331253,0.0069183139069709,0.0069657207932549,1.0,0.182884967206405,0.4058269911437191,cells_cultured_fibroblasts:2:8,3
cells_cultured_fibroblasts,ENSG00000115073,ENSG00000228486,0.6516068706192755,-0.0136860980656394,-0.0136860980656394,1.0,0.0380955451792418,-0.066281172068645,cells_cultured_fibroblasts:2:9,0
cells_cultured_fibroblasts,ENSG00000259863,ENSG00000172985,0.1241227517602325,0.012012213080963,0.012022300317353,0.5986039538121176,0.7280084339550589,0.7892068153949786,cells_cultured_fibroblasts:2:10,3
cells_cultured_fibroblasts,ENSG00000227992,ENSG00000271590,1.0,0.1110052073825471,0.1110052073825471,1.0,0.4345524658387252,0.487290157635083,cells_cultured_fibroblasts:2:11,7
cells_cultured_fibroblasts,ENSG00000144152,ENSG00000278962,1.0,0.0512184610226066,0.0512184610226066,0.8750583932376562,0.8749382153022934,0.9403500935300192,cells_cultured_fibroblasts:2:11,6
cells_cultured_fibroblasts,ENSG00000136710,ENSG00000136718,0.5726798827856499,0.0017818450807199,0.0017818450807199,1.0,0.0100886408346894,-0.5472305968323771,cells_cultured_fibroblasts:2:13,1
cells_cultured_fibroblasts,ENSG00000150556,ENSG00000187123,0.9824569821357728,0.0278262078638539,0.0278262078638539,1.0,0.7169094888825749,0.8105664427607303,cells_cultured_fibroblasts:2:14,5
cells_cultured_fibroblasts,ENSG00000123610,ENSG00000080345,0.2909877281459216,0.0097209629305304,0.0096821739883916,1.0,0.2159135961855174,0.2729933796588328,cells_cultured_fibroblasts:2:15,3
cells_cultured_fibroblasts,ENSG00000138378,ENSG00000227542,0.5479599833488464,-0.0233827734643931,-0.0233827734643931,1.0,-0.0977746630763431,-0.0064561135922948,cells_cultured_fibroblasts:2:19,0
cells_cultured_fibroblasts,ENSG00000240344,ENSG00000196290,0.3828974920849148,0.026213926630849,0.0262250479197599,1.0,0.2654045585258425,0.1635319101925615,cells_cultured_fibroblasts:2:20,5
cells_cultured_fibroblasts,ENSG00000279348,ENSG00000260804,0.9890621238326248,0.0553184138166501,0.0553184138166501,1.0,0.7199701283803742,0.6644514202359197,cells_cultured_fibroblasts:2:21,6
cells_cultured_fibroblasts,ENSG00000081052,ENSG00000169031,0.4759875841354315,0.0080185325490039,0.0080238550737773,1.0,0.8959870440461982,0.9364642312266738,cells_cultured_fibroblasts:2:22,3
cells_cultured_fibroblasts,ENSG00000168958,ENSG00000168955,0.9712280363606708,0.0345522985446384,0.0346164977412449,0.4184009599483205,0.6279564903425721,0.2051530907188715,cells_cultured_fibroblasts:2:22,5
cells_cultured_fibroblasts,ENSG00000168955,ENSG00000173744,0.3772059825022573,0.0121344576041957,0.0121779698428284,1.0,0.5213963957840783,0.0126878895775673,cells_cultured_fibroblasts:2:22,3
cells_cultured_fibroblasts,ENSG00000283312,ENSG00000181798,0.9999996423721312,0.2156980319682221,0.2156980319682221,1.0,0.4325679066568776,0.4261134973071214,cells_cultured_fibroblasts:2:23,7
cells_cultured_fibroblasts,ENSG00000234279,ENSG00000286748,0.5385324324715839,0.04487534442185,0.04487534442185,1.0,0.5300040342020402,0.6554593003119416,cells_cultured_fibroblasts:2:23,5
cells_cultured_fibroblasts,ENSG00000286748,ENSG00000226992,0.8362930001699169,0.0562731554523653,0.0562731554523653,1.0,0.6234774733778967,0.8133387279919079,cells_cultured_fibroblasts:2:23,6
cells_cultured_fibroblasts,ENSG00000226992,ENSG00000233608,0.8223961534171451,0.0360285265621572,0.0360285265621572,1.0,0.640505174314228,0.4502429307714909,cells_cultured_fibroblasts:2:23,5
cells_cultured_fibroblasts,ENSG00000088836,ENSG00000277287,0.15429751413226,0.0029591703428939,0.0029697071072471,1.0,0.5713067469037124,0.3781768330978456,cells_cultured_fibroblasts:20:0,2
cells_cultured_fibroblasts,ENSG00000132622,ENSG00000101220,1.0,-0.0553228342447834,-0.0553228342447834,1.0,-0.0337307974638119,0.0403075997563585,cells_cultured_fibroblasts:20:0,0
cells_cultured_fibroblasts,ENSG00000224635,ENSG00000275401,0.4990200996398926,0.1576707303418706,0.1576707303418706,1.0,0.5911012698712219,0.6758712667025778,cells_cultured_fibroblasts:20:3,7
cells_cultured_fibroblasts,ENSG00000268858,ENSG00000101150,0.1153242241223537,0.0013144512864054,0.0013161557907986,1.0,0.3006979244628211,0.3517520967856586,cells_cultured_fibroblasts:20:6,1
cells_cultured_fibroblasts,ENSG00000280071,ENSG00000275464,1.0,0.2357160769583803,0.2357160769583803,1.0,0.8231692090535367,0.3115698351008334,cells_cultured_fibroblasts:21:0,7
cells_cultured_fibroblasts,ENSG00000275464,ENSG00000280433,1.0,0.150476675080669,0.150476675080669,1.0,0.5658410530515386,0.3569176871257568,cells_cultured_fibroblasts:21:0,7
cells_cultured_fibroblasts,ENSG00000243646,ENSG00000142166,0.1255966278242937,-0.0006959275800444,-0.0007069521799149,1.0,0.1922069363834506,0.3718367502772215,cells_cultured_fibroblasts:21:3,1
cells_cultured_fibroblasts,ENSG00000231106,ENSG00000214914,1.0,0.3559759831931494,0.3559759831931494,1.0,0.6795853643521786,0.7224879844706568,cells_cultured_fibroblasts:21:3,7
cells_cultured_fibroblasts,ENSG00000185808,ENSG00000182670,0.9526732563972472,-0.0920044263421607,-0.0920044263421607,1.0,-0.2435341469497474,0.2596561276328524,cells_cultured_fibroblasts:21:3,0
cells_cultured_fibroblasts,ENSG00000160233,ENSG00000274225,0.5370339839590059,0.0241680738793187,0.0241680738793187,1.0,0.5308949449190768,0.5324004894891446,cells_cultured_fibroblasts:21:4,5
cells_cultured_fibroblasts,ENSG00000276529,ENSG00000197381,0.2000499292351421,0.0139737214480573,0.0139737214480573,1.0,0.3439759018111094,0.0594570791014691,cells_cultured_fibroblasts:21:4,4
cells_cultured_fibroblasts,ENSG00000099904,ENSG00000234409,0.1041656161900341,0.008379122000152,0.0083705253356747,1.0,0.261482651211472,0.2097467311690053,cells_cultured_fibroblasts:22:2,3
cells_cultured_fibroblasts,ENSG00000272829,ENSG00000099949,0.3834982677515768,0.0210144487855669,0.0210144487855669,1.0,0.1760879307515454,0.1664847206681259,cells_cultured_fibroblasts:22:2,4
cells_cultured_fibroblasts,ENSG00000234630,ENSG00000272779,0.1369124800837049,0.01052195170715,0.0105094980460724,1.0,0.2672098964379799,0.0506052811717573,cells_cultured_fibroblasts:22:2,3
cells_cultured_fibroblasts,ENSG00000218537,ENSG00000273295,0.4999995827674866,0.3116293115458425,0.3116293115458425,1.0,0.8869432431029074,0.844289547663129,cells_cultured_fibroblasts:22:2,7
cells_cultured_fibroblasts,ENSG00000273295,ENSG00000133433,0.2580071918902575,-0.1347161591999525,-0.1347161591999525,1.0,-0.707764222223184,-0.6067601233293581,cells_cultured_fibroblasts:22:2,0
cells_cultured_fibroblasts,ENSG00000133433,ENSG00000099974,0.2494790473118513,0.0775351028938941,0.0775351028938941,1.0,0.5037999267348251,0.4181190791982283,cells_cultured_fibroblasts:22:2,6
cells_cultured_fibroblasts,ENSG00000272977,ENSG00000100077,0.9999985694885254,0.2123563477960194,0.2123563477960194,1.0,0.470789122331942,0.173668114409646,cells_cultured_fibroblasts:22:2,7
cells_cultured_fibroblasts,ENSG00000244509,ENSG00000243811,0.4318165808411045,0.016332839337799,0.0163350374263934,1.0,0.2711555119366173,0.3643588533675194,cells_cultured_fibroblasts:22:3,4
cells_cultured_fibroblasts,ENSG00000273243,ENSG00000093000,0.1410798343801858,0.0133213261743125,0.0133213261743125,1.0,0.4105361265929412,0.1688718092462629,cells_cultured_fibroblasts:22:4,4
cells_cultured_fibroblasts,ENSG00000093000,ENSG00000100364,0.1796156054914206,0.0075227213477698,0.0075227213477698,1.0,0.2468110217638707,-0.2347447564866144,cells_cultured_fibroblasts:22:4,3
cells_cultured_fibroblasts,ENSG00000205560,ENSG00000100288,0.9999223947525024,0.0849043530437874,0.0849043530437874,1.0,0.524617886950269,0.7255728961908184,cells_cultured_fibroblasts:22:5,6
cells_cultured_fibroblasts,ENSG00000163702,ENSG00000163703,1.0,0.0450112845778299,0.0450112845778299,1.0,0.2389952438952072,0.2648605055522657,cells_cultured_fibroblasts:3:0,6
cells_cultured_fibroblasts,ENSG00000206561,ENSG00000131373,0.2223106462919837,-0.002166430607899,-0.0021633744186907,1.0,0.0218881598927866,-0.652598119896217,cells_cultured_fibroblasts:3:1,1
cells_cultured_fibroblasts,ENSG00000163491,ENSG00000033867,0.1307896043374725,0.0039556121066101,0.0039785932379587,1.0,0.6167463790587449,0.4750243111592477,cells_cultured_fibroblasts:3:2,2
cells_cultured_fibroblasts,ENSG00000271192,ENSG00000272121,1.0,0.0762150766176062,0.0762150766176062,1.0,0.4734970455238883,0.6577492709154814,cells_cultured_fibroblasts:3:4,6
cells_cultured_fibroblasts,ENSG00000272121,ENSG00000280435,1.0,0.089339051429673,0.089339051429673,1.0,0.667120434720608,0.6183168237404522,cells_cultured_fibroblasts:3:4,6
cells_cultured_fibroblasts,ENSG00000196653,ENSG00000186446,0.9830193369523776,0.0398195399666312,0.0398195399666312,1.0,0.436543012376175,0.7568118754296879,cells_cultured_fibroblasts:3:4,5
cells_cultured_fibroblasts,ENSG00000163827,ENSG00000178038,0.1272198092294445,0.0218032128195624,0.0218032128195624,1.0,0.3192563764242797,0.3022101650134721,cells_cultured_fibroblasts:3:4,4
cells_cultured_fibroblasts,ENSG00000173421,ENSG00000225399,0.1111848451063863,0.005190268634928,0.0052730701407888,0.3852485181448731,0.8224241846133697,0.7944814121520815,cells_cultured_fibroblasts:3:4,2
cells_cultured_fibroblasts,ENSG00000243477,ENSG00000114378,0.5335502798874217,-0.0163943881887322,-0.0163943881887322,1.0,-0.0931000973885026,0.1289363622044952,cells_cultured_fibroblasts:3:5,0
cells_cultured_fibroblasts,ENSG00000114405,ENSG00000163618,0.5101281419790453,0.0048489730723131,0.0048523801544484,1.0,0.2066746542389048,0.0381847763292027,cells_cultured_fibroblasts:3:6,2
cells_cultured_fibroblasts,ENSG00000236138,ENSG00000242516,0.5,0.1684397399184774,0.1684397399184774,1.0,0.7870770349316828,0.6283884209449511,cells_cultured_fibroblasts:3:7,7
cells_cultured_fibroblasts,ENSG00000241889,ENSG00000184307,0.2986559886472406,0.0187030125224682,0.0187467623234915,1.0,0.3021005348307223,0.1361754065996232,cells_cultured_fibroblasts:3:11,4
cells_cultured_fibroblasts,ENSG00000114544,ENSG00000250218,0.4064060322016942,-0.0431095747733294,-0.0430747652903868,0.9657038609367792,-0.1423534863158237,0.0914841593860295,cells_cultured_fibroblasts:3:12,0
cells_cultured_fibroblasts,ENSG00000158163,ENSG00000118017,0.5407191298488243,-0.0546030674735574,-0.0546141978844189,1.0,-0.145410479618434,0.0367940994357053,cells_cultured_fibroblasts:3:13,0
cells_cultured_fibroblasts,ENSG00000169908,ENSG00000240541,0.9565397830669902,0.0850645597776187,0.0850888061108268,1.0,0.663854900223249,0.6171707548361285,cells_cultured_fibroblasts:3:14,6
cells_cultured_fibroblasts,ENSG00000243953,ENSG00000196549,0.1053787982097986,0.0011851504615566,0.0011865152763365,1.0,0.6048526876934239,0.2790922921970251,cells_cultured_fibroblasts:3:15,1
cells_cultured_fibroblasts,ENSG00000078081,ENSG00000053524,0.3749955153110136,0.0198411756430905,0.0198983325111195,1.0,0.4294197960515726,0.4062077612499071,cells_cultured_fibroblasts:3:18,4
cells_cultured_fibroblasts,ENSG00000244459,ENSG00000174137,0.614588033777963,0.0183939098539231,0.0183939098539231,1.0,0.1701548835157058,0.1230516694030951,cells_cultured_fibroblasts:4:0,4
cells_cultured_fibroblasts,ENSG00000123933,ENSG00000159733,0.2311612600260737,0.0055235351034732,0.0055361033101234,1.0,0.3859319276939855,0.6700893659086198,cells_cultured_fibroblasts:4:0,2
cells_cultured_fibroblasts,ENSG00000173040,ENSG00000072840,0.998447598413982,0.0824381414579102,0.0824381414579102,1.0,0.5616504543354018,0.6990321974191417,cells_cultured_fibroblasts:4:0,6
cells_cultured_fibroblasts,ENSG00000074211,ENSG00000013288,0.925873339176178,0.0842485529282393,0.0842485529282393,1.0,0.2861967186366012,-0.1442087605687087,cells_cultured_fibroblasts:4:0,6
cells_cultured_fibroblasts,ENSG00000251615,ENSG00000087008,0.2778752919372351,0.0128788628066442,0.0128841986464273,1.0,0.207875000167636,-0.1688964235732871,cells_cultured_fibroblasts:4:0,4
cells_cultured_fibroblasts,ENSG00000169299,ENSG00000279386,0.1022478938102722,0.0215605393813123,0.0215605393813123,1.0,0.626930363350363,0.3360736719514481,cells_cultured_fibroblasts:4:3,4
cells_cultured_fibroblasts,ENSG00000164116,ENSG00000061918,0.9592453058783406,0.0418493248132569,0.0418493248132569,1.0,0.6963888506203704,0.7990960991128737,cells_cultured_fibroblasts:4:15,5
cells_cultured_fibroblasts,ENSG00000170561,ENSG00000186493,0.9855695774553012,0.0246021808439819,0.0246030557026886,1.0,0.4249758146925775,0.0950753431994895,cells_cultured_fibroblasts:5:0,5
cells_cultured_fibroblasts,ENSG00000112902,ENSG00000250786,0.6174067049129341,0.0193675443812272,0.0193994091627635,1.0,0.3253104602753214,0.5451109541146867,cells_cultured_fibroblasts:5:0,4
cells_cultured_fibroblasts,ENSG00000164327,ENSG00000082074,0.9636209995394224,0.0353334649929841,0.0353334649929841,1.0,0.2572626327460462,0.1744699464559053,cells_cultured_fibroblasts:5:3,5
cells_cultured_fibroblasts,ENSG00000170571,ENSG00000151883,0.8377694351643683,0.1477625614622431,0.1477625614622431,1.0,0.5562322919006448,0.1802323232377038,cells_cultured_fibroblasts:5:5,7
cells_cultured_fibroblasts,ENSG00000269961,ENSG00000112851,0.7958381175994873,0.0438342788028247,0.0438342788028247,1.0,0.2087418816450478,0.2029622565588241,cells_cultured_fibroblasts:5:6,5
cells_cultured_fibroblasts,ENSG00000112851,ENSG00000285999,0.7212401032447815,0.0577041860800226,0.0577041860800226,1.0,0.4639127514806759,0.5243346521432505,cells_cultured_fibroblasts:5:6,6
cells_cultured_fibroblasts,ENSG00000205571,ENSG00000179978,0.955879807472229,-0.0743419067739494,-0.0743419067739494,1.0,0.1126832036288835,-0.0237837381561279,cells_cultured_fibroblasts:5:7,0
cells_cultured_fibroblasts,ENSG00000146067,ENSG00000272459,0.1192342740014424,0.0021162556782978,0.0021309862809276,1.0,0.163100952734859,0.4668100248009296,cells_cultured_fibroblasts:5:17,1
cells_cultured_fibroblasts,ENSG00000281809,ENSG00000137273,0.2271805917301854,0.004175403835377,0.0044855585372909,1.0,0.7052873308570519,0.5328761399078427,cells_cultured_fibroblasts:6:0,2
cells_cultured_fibroblasts,ENSG00000214113,ENSG00000145982,1.0,0.017338357905,0.017338357905,1.0,0.1455303747937274,0.1276555094577104,cells_cultured_fibroblasts:6:0,4
cells_cultured_fibroblasts,ENSG00000111843,ENSG00000272097,0.9971812963485718,0.0405192447041726,0.0405192447041726,1.0,0.1199340515059211,0.1302793330160009,cells_cultured_fibroblasts:6:1,5
cells_cultured_fibroblasts,ENSG00000272097,ENSG00000137210,0.9971379670402384,-0.0182587859088648,-0.0182587859088648,1.0,-0.1465168896354529,-0.3210735626283865,cells_cultured_fibroblasts:6:1,0
cells_cultured_fibroblasts,ENSG00000227214,ENSG00000197935,0.5472216707010844,0.0132438589323628,0.0132468999026067,1.0,0.3146855405333867,0.3859509039700178,cells_cultured_fibroblasts:6:2,4
cells_cultured_fibroblasts,ENSG00000244731,ENSG00000224389,0.2132869399078245,-0.0167343809382803,-0.0167463870598195,1.0,-0.0714244783491693,0.6551678785037198,cells_cultured_fibroblasts:6:3,0
cells_cultured_fibroblasts,ENSG00000241106,ENSG00000204267,0.5,-0.0504251726954135,-0.0504251726954135,1.0,-0.2368596513131043,0.1921997359787357,cells_cultured_fibroblasts:6:3,0
cells_cultured_fibroblasts,ENSG00000007866,ENSG00000228559,1.0,0.1305230840023542,0.1305230840023542,1.0,0.3121843255082212,0.2745051662923393,cells_cultured_fibroblasts:6:3,7
cells_cultured_fibroblasts,ENSG00000164627,ENSG00000146122,0.2532435700126569,0.0030190264881269,0.0030290194805303,1.0,0.315795780284919,0.6530218495807146,cells_cultured_fibroblasts:6:3,2
cells_cultured_fibroblasts,ENSG00000278224,ENSG00000214736,0.1735836267471313,0.0084631039426943,0.0084631039426943,1.0,0.2057181246882672,-0.4913526085475412,cells_cultured_fibroblasts:6:4,3
cells_cultured_fibroblasts,ENSG00000112599,ENSG00000048544,0.1304181866698499,0.0090443604444445,0.0090447405221964,1.0,0.3146094128378461,-0.2734434136770962,cells_cultured_fibroblasts:6:4,3
cells_cultured_fibroblasts,ENSG00000001561,ENSG00000112796,0.9260401330733964,0.0290610879481521,0.0291014561755228,1.0,0.6213499930809616,0.5506917687984941,cells_cultured_fibroblasts:6:4,5
cells_cultured_fibroblasts,ENSG00000153291,ENSG00000180113,0.2416071263760102,-0.0050385827152807,-0.0050475196374963,1.0,0.1328533741120854,0.8239590532762903,cells_cultured_fibroblasts:6:4,0
cells_cultured_fibroblasts,ENSG00000146085,ENSG00000031691,0.3716425896391229,-0.0184864182749278,-0.0184864182749278,1.0,-0.1754773099006399,-0.0338133774977849,cells_cultured_fibroblasts:6:4,0
cells_cultured_fibroblasts,ENSG00000130347,ENSG00000130348,1.0,-0.0286944443779184,-0.0286944443779184,1.0,-0.0278702308378505,0.635605370416153,cells_cultured_fibroblasts:6:10,0
cells_cultured_fibroblasts,ENSG00000189367,ENSG00000214338,0.2016211210910512,0.0082355082663437,0.0082380271753066,1.0,0.8704222597957556,0.7936132151564123,cells_cultured_fibroblasts:6:12,3
cells_cultured_fibroblasts,ENSG00000164483,ENSG00000164484,0.5,0.1433577892573219,0.1431154358687989,1.0,0.7918154491202603,0.7950107229607658,cells_cultured_fibroblasts:6:13,7
cells_cultured_fibroblasts,ENSG00000118515,ENSG00000231971,0.75929611083221,0.0333608358148054,0.0333608358148054,1.0,0.4599249549043115,0.633708480136743,cells_cultured_fibroblasts:6:13,5
cells_cultured_fibroblasts,ENSG00000196204,ENSG00000146587,0.2470739495524547,0.0,0.0,0.0,-0.0814523191059927,-0.2258274948171447,cells_cultured_fibroblasts:7:0,1
cells_cultured_fibroblasts,ENSG00000236039,ENSG00000071189,0.2668587043116304,0.0050656907050452,0.0050656907050452,1.0,0.1406769959931128,0.1421950830241639,cells_cultured_fibroblasts:7:1,2
cells_cultured_fibroblasts,ENSG00000136237,ENSG00000105889,0.1199596077435032,0.0035866832767148,0.0038188856825969,1.0,0.4361399326061397,0.2373230964817371,cells_cultured_fibroblasts:7:2,2
cells_cultured_fibroblasts,ENSG00000105926,ENSG00000105928,0.9998311400413512,0.0569523530858462,0.0569523530858462,1.0,0.1435482203739653,-0.1942698691874175,cells_cultured_fibroblasts:7:2,6
cells_cultured_fibroblasts,ENSG00000106261,ENSG00000166529,0.1473653316497802,0.0027135964510427,0.0027135964510427,1.0,0.2223351519375759,0.2101298119614677,cells_cultured_fibroblasts:7:10,2
cells_cultured_fibroblasts,ENSG00000284981,ENSG00000285437,0.9853003922955564,0.0828338521541551,0.0828338521541551,1.0,0.6308738819057563,0.5246159582766334,cells_cultured_fibroblasts:7:10,6
cells_cultured_fibroblasts,ENSG00000286013,ENSG00000253276,0.7609995704567964,0.0112395006217896,0.0112395006217896,1.0,0.4887707288758411,0.3088728468081517,cells_cultured_fibroblasts:7:10,3
cells_cultured_fibroblasts,ENSG00000106025,ENSG00000071243,0.999997437000566,0.0169912160967199,0.0169912160967199,1.0,0.0696369510302928,0.2153035337316564,cells_cultured_fibroblasts:7:12,4
cells_cultured_fibroblasts,ENSG00000071243,ENSG00000106034,0.9999998807907104,0.0593715635331658,0.0593715635331658,1.0,0.2706374065123512,0.27032328286601,cells_cultured_fibroblasts:7:12,6
cells_cultured_fibroblasts,ENSG00000106034,ENSG00000002745,0.9990116953849792,0.1246124031806489,0.1246124031806489,1.0,0.2318644866355039,0.1656269469597086,cells_cultured_fibroblasts:7:12,7
cells_cultured_fibroblasts,ENSG00000242588,ENSG00000243302,0.999898851089668,0.2670973043476078,0.2670973043476078,1.0,0.8852112771312584,0.9216925124012816,cells_cultured_fibroblasts:7:12,7
cells_cultured_fibroblasts,ENSG00000243302,ENSG00000230715,0.99836144253824,0.3266230956405825,0.3266230956405825,0.5120695011360928,0.8904485005972207,0.9128216161763074,cells_cultured_fibroblasts:7:12,7
cells_cultured_fibroblasts,ENSG00000230715,ENSG00000229413,0.9984551753493528,0.4003563676278098,0.4003563676278098,1.0,0.8623881174217424,0.874720000930176,cells_cultured_fibroblasts:7:12,7
cells_cultured_fibroblasts,ENSG00000243679,ENSG00000281490,0.9999411709234208,0.2437309019082409,0.2437309019082409,1.0,0.7433496079435667,0.6095522996984861,cells_cultured_fibroblasts:7:12,7
cells_cultured_fibroblasts,ENSG00000158457,ENSG00000128602,0.986476719379425,0.0570371734679853,0.0570371734679853,1.0,0.2359762728167945,0.0157361910888145,cells_cultured_fibroblasts:7:12,6
cells_cultured_fibroblasts,ENSG00000181072,ENSG00000105894,0.8355165123939514,0.0657383965415986,0.0657370551432473,0.9823590880127452,0.6087579455603443,0.6561148474291938,cells_cultured_fibroblasts:7:13,6
cells_cultured_fibroblasts,ENSG00000159784,ENSG00000232533,0.9896475076675416,-0.0141816433364233,-0.0141816433364233,1.0,0.2581774633556351,-0.1199556771476022,cells_cultured_fibroblasts:7:14,0
cells_cultured_fibroblasts,ENSG00000212807,ENSG00000243896,0.4216271201075443,0.0154361865406169,0.0155255372073659,1.0,0.3783873300687574,0.5838240143207348,cells_cultured_fibroblasts:7:14,4
cells_cultured_fibroblasts,ENSG00000204959,ENSG00000244479,0.99425392796741,0.0330348662644144,0.0330348662644144,1.0,0.3584087717035513,0.3991407591433775,cells_cultured_fibroblasts:7:14,5
cells_cultured_fibroblasts,ENSG00000275591,ENSG00000215374,0.9933573007583618,0.0369364018681182,0.0369364018681182,1.0,0.1257331255447829,-0.0196965263182954,cells_cultured_fibroblasts:8:0,5
cells_cultured_fibroblasts,ENSG00000147324,ENSG00000104626,0.1009099490250804,0.0016041280053879,0.0016041280053879,1.0,0.114104403926193,0.6162920512964043,cells_cultured_fibroblasts:8:0,1
cells_cultured_fibroblasts,ENSG00000154319,ENSG00000136573,0.7024881976789175,-0.0556130397351959,-0.0556130397351959,1.0,-0.0316064089431966,0.5085175540817385,cells_cultured_fibroblasts:8:1,0
cells_cultured_fibroblasts,ENSG00000241852,ENSG00000158941,0.2568931265411223,-0.0094238941656381,-0.0094238941656381,1.0,-0.0480362186134816,-0.2073883672377343,cells_cultured_fibroblasts:8:2,0
cells_cultured_fibroblasts,ENSG00000104368,ENSG00000104365,0.331987772065645,0.0125370824341476,0.0125370824341476,1.0,0.5062929797452079,0.3362011236621599,cells_cultured_fibroblasts:8:4,3
cells_cultured_fibroblasts,ENSG00000156804,ENSG00000175946,0.9972845949186606,0.0116218510008632,0.0116218510008632,1.0,0.4959532395607964,0.7920592123962489,cells_cultured_fibroblasts:8:12,3
cells_cultured_fibroblasts,ENSG00000272871,ENSG00000229029,0.3604331277061732,0.0145533985197881,0.0145533985197881,1.0,0.1694341256169798,0.4420222803946686,cells_cultured_fibroblasts:9:1,4
cells_cultured_fibroblasts,ENSG00000229029,ENSG00000175893,0.6071913231516817,0.0284075610282667,0.0284075610282667,1.0,0.2002597741026245,0.4632413714371691,cells_cultured_fibroblasts:9:1,5
cells_cultured_fibroblasts,ENSG00000272842,ENSG00000273226,0.5880265390919313,0.0374996253828091,0.0375483908121432,1.0,0.2805091744251083,0.6426974672615907,cells_cultured_fibroblasts:9:1,5
cells_cultured_fibroblasts,ENSG00000107201,ENSG00000197579,0.1916286841656465,-0.0017806593482937,-0.0017815075072559,1.0,0.1121661478930651,0.2010527357500388,cells_cultured_fibroblasts:9:3,1
cells_cultured_fibroblasts,ENSG00000137074,ENSG00000086061,0.999999225139618,-0.0146967717024866,-0.0146967717024866,0.9902501856858033,0.0744632328743959,0.2439018882866071,cells_cultured_fibroblasts:9:3,0
cells_cultured_fibroblasts,ENSG00000106733,ENSG00000134996,0.3918814508057409,0.0100245565431853,0.0100245565431853,1.0,0.3513754495455641,-0.0128199832861846,cells_cultured_fibroblasts:9:7,3
cells_cultured_fibroblasts,ENSG00000254876,ENSG00000197816,0.9998762607574464,0.0800739872596551,0.0800739872596551,1.0,0.3821676730599651,0.2567988258916014,cells_cultured_fibroblasts:9:9,6
cells_cultured_fibroblasts,ENSG00000106789,ENSG00000095383,0.1024327347169276,0.0,0.0,0.0,0.5902238356224244,0.2964125563648033,cells_cultured_fibroblasts:9:9,1
cells_cultured_fibroblasts,ENSG00000136928,ENSG00000165138,0.1324816635580603,0.002192096987546,0.0021959790535581,1.0,0.3570741600870269,0.1363556579877642,cells_cultured_fibroblasts:9:9,1
cells_cultured_fibroblasts,ENSG00000030304,ENSG00000198121,0.2077637037452007,0.0041894322901008,0.0042099177708783,0.99917468324637,0.5263232480420772,0.6609810351793012,cells_cultured_fibroblasts:9:11,2
cells_cultured_fibroblasts,ENSG00000225756,ENSG00000123453,0.3872994747505238,0.0209853923351382,0.0210066827863575,1.0,0.7340050070991895,0.8572528554255263,cells_cultured_fibroblasts:9:13,4
cells_cultured_fibroblasts,ENSG00000262075,ENSG00000160360,0.999921441078186,0.024324377966744,0.024324377966744,1.0,0.256521474065627,0.1449759524397285,cells_cultured_fibroblasts:9:13,5
cells_cultured_fibroblasts,ENSG00000180539,ENSG00000107281,0.434047520160675,0.0240272986461035,0.0240272986461035,1.0,0.3757972699582529,0.5643205898225938,cells_cultured_fibroblasts:9:13,5
cells_cultured_fibroblasts,ENSG00000268996,ENSG00000177239,0.2820460948973036,0.0,0.0,0.0,-0.115077846789334,0.1311884227237606,cells_cultured_fibroblasts:9:13,1
cells_cultured_fibroblasts,ENSG00000046651,ENSG00000046653,0.3194327649821389,0.0318131818524539,0.0318001796413706,1.0,0.4944276492861328,0.5477207953145974,cells_cultured_fibroblasts:X:1,5
cells_cultured_fibroblasts,ENSG00000165197,ENSG00000087842,0.5795214853991126,0.02606727577387,0.02606727577387,1.0,0.3513695109648987,0.362857056423411,cells_cultured_fibroblasts:X:1,5
cells_cultured_fibroblasts,ENSG00000179300,ENSG00000147145,0.1349510542945218,0.0034616665616528,0.0034955571872907,1.0,0.4258201795930043,0.1362098614398784,cells_cultured_fibroblasts:X:7,2
cells_cultured_fibroblasts,ENSG00000172476,ENSG00000287619,0.2411243352153889,0.0022689717337534,0.002304015194283,1.0,0.2913490290865934,0.8170386326599858,cells_cultured_fibroblasts:X:10,1
artery_tibial,ENSG00000187642,ENSG00000272512,0.1760728302931227,0.0072528989732271,0.0072539721362266,1.0,0.2434593292933174,0.3525317638685414,artery_tibial:1:0,3
artery_tibial,ENSG00000008128,ENSG00000227775,1.0,0.1985451590469758,0.1985451590469758,1.0,0.4251518135726463,0.4334342827541129,artery_tibial:1:0,7
artery_tibial,ENSG00000182873,ENSG00000162585,0.9999961853027344,-0.0550206946113754,-0.0550206946113754,0.9922155419788624,0.0076808073262677,0.1588962902437325,artery_tibial:1:0,0
artery_tibial,ENSG00000288398,ENSG00000132881,0.9951380663167696,0.0787141243427816,0.0787141243427816,1.0,0.7237677762863702,0.8056600714018013,artery_tibial:1:1,6
artery_tibial,ENSG00000211454,ENSG00000162482,0.5,0.0414347887319518,0.0414347878719985,1.0,0.3411411049561191,0.6793082875611701,artery_tibial:1:1,5
artery_tibial,ENSG00000162545,ENSG00000090432,0.9866818189620972,-0.0388298340500829,-0.0388298340500829,1.0,-0.1247689296375975,0.244205848243093,artery_tibial:1:2,0
artery_tibial,ENSG00000261349,ENSG00000187010,0.9999971985820152,0.4250175964598788,0.4250175964598788,1.0,0.6818349818248224,0.6986309722735549,artery_tibial:1:2,7
artery_tibial,ENSG00000157978,ENSG00000117643,0.6709933487339725,0.009326508496397,0.009326508496397,1.0,0.2338892619174879,0.3036206481196265,artery_tibial:1:2,3
artery_tibial,ENSG00000117643,ENSG00000162430,0.916144025626366,0.0115375046634789,0.0115375046634789,1.0,0.268571225033167,0.3907293281212149,artery_tibial:1:2,3
artery_tibial,ENSG00000236782,ENSG00000142675,0.9874811179947152,0.1595038123578392,0.1595038123578392,1.0,0.4781727095204078,0.6180801410141683,artery_tibial:1:2,7
artery_tibial,ENSG00000084073,ENSG00000049089,0.1282387080181912,0.0032579428031203,0.0032715395111117,1.0,0.2389979022535201,0.0783762652105813,artery_tibial:1:4,2
artery_tibial,ENSG00000162390,ENSG00000184313,0.6174355818255499,0.0040591458077566,0.0040653250685701,1.0,0.6686335976917114,0.8010038766464823,artery_tibial:1:5,2
artery_tibial,ENSG00000172456,ENSG00000134709,0.9470268294438569,-0.0293390867683192,-0.0293390867683192,1.0,-0.0072403844096118,-0.1740832095814335,artery_tibial:1:5,0
artery_tibial,ENSG00000272864,ENSG00000116791,0.1160646682989785,0.0043045866509149,0.0043045866509149,0.1672810015479628,0.2303802893520436,0.3325406618707472,artery_tibial:1:7,2
artery_tibial,ENSG00000143028,ENSG00000162650,0.7354714244142713,0.0683490772860244,0.0683490772860244,1.0,0.5381733396901889,0.2892957587320844,artery_tibial:1:10,6
artery_tibial,ENSG00000134184,ENSG00000134201,0.1552094406887576,0.0074922560084869,0.0075280471498881,1.0,0.3338818688499155,0.3257788105808898,artery_tibial:1:10,3
artery_tibial,ENSG00000184371,ENSG00000168710,0.9679065346717834,0.0165533616896678,0.0165533616896678,1.0,0.2095053677032412,-0.0595840137764461,artery_tibial:1:10,4
artery_tibial,ENSG00000273213,ENSG00000270872,0.4906745645964356,0.0302998881961099,0.0303232671997525,1.0,0.3570956430217855,0.3092786986497475,artery_tibial:1:14,5
artery_tibial,ENSG00000266338,ENSG00000196369,0.2253622094502105,0.0064826024514979,0.0065496129048186,1.0,0.1353991159591523,0.0938850292930189,artery_tibial:1:14,2
artery_tibial,ENSG00000286219,ENSG00000271383,1.0,0.1019150355626742,0.1019150355626742,1.0,0.6027507738077226,0.6737664741585624,artery_tibial:1:14,7
artery_tibial,ENSG00000236427,ENSG00000197915,0.1992896669719641,-0.0397861113241618,-0.0398613051161082,1.0,-0.1509003343737481,0.0185372076007246,artery_tibial:1:15,0
artery_tibial,ENSG00000197915,ENSG00000143631,0.2006406517933818,-0.0350278695265767,-0.0350258506988689,1.0,0.0127167378332645,0.12044061255656,artery_tibial:1:15,0
artery_tibial,ENSG00000197956,ENSG00000196154,0.9997435808181764,0.0207987861019627,0.0207987861019627,1.0,0.4404820686450915,0.6033890063482914,artery_tibial:1:15,4
artery_tibial,ENSG00000158769,ENSG00000215845,0.9999598860740662,0.0972575311864586,0.0972575311864586,1.0,0.3441831356610472,-0.1284032534470722,artery_tibial:1:16,6
artery_tibial,ENSG00000287336,ENSG00000135845,0.319257908188387,-0.0162901038710576,-0.0164477691847308,1.0,-0.1885551139253684,-0.0460118318387089,artery_tibial:1:17,0
artery_tibial,ENSG00000227141,ENSG00000162782,0.2251303501500032,0.0319673225979349,0.0319648540926304,1.0,0.5383504951607678,0.7345206619303472,artery_tibial:1:17,5
artery_tibial,ENSG00000081248,ENSG00000232237,0.1891640427639771,0.0101184221246255,0.0101099752765752,1.0,0.3684431049105761,0.3334104039765446,artery_tibial:1:20,3
artery_tibial,ENSG00000272823,ENSG00000238078,1.0,0.302637416083246,0.3029377319552617,1.0,0.8042434674370781,0.8399426952723877,artery_tibial:1:22,7
artery_tibial,ENSG00000260855,ENSG00000227953,0.5414454375478073,0.0165585098401236,0.0165619565589823,1.0,0.6395978874334314,0.7537619237358117,artery_tibial:1:24,4
artery_tibial,ENSG00000205488,ENSG00000287566,0.2057223518293653,0.0123029375914058,0.0123818877800154,1.0,0.6458766579645011,0.7452623955845646,artery_tibial:10:0,3
artery_tibial,ENSG00000287566,ENSG00000287235,0.2358455151269964,0.0059582707467747,0.0057757999281423,1.0,0.5494601081500076,0.648981569267332,artery_tibial:10:0,2
artery_tibial,ENSG00000287235,ENSG00000242147,0.2559336489135688,0.007427974131302,0.007427974131302,1.0,0.6031045961851563,0.6789491316427181,artery_tibial:10:0,3
artery_tibial,ENSG00000197321,ENSG00000165757,0.1105288106881801,0.0010276679262875,0.0010237457900585,1.0,0.1895302184989998,0.152227382694924,artery_tibial:10:2,1
artery_tibial,ENSG00000012779,ENSG00000165406,0.3225037712601732,-0.0030923486606325,-0.0030958806612039,1.0,-0.1532048165350262,-0.2341768615538266,artery_tibial:10:4,1
artery_tibial,ENSG00000272631,ENSG00000107779,0.4991015056415193,0.0,0.0,0.0,0.451560259344722,0.4901122103373823,artery_tibial:10:8,1
artery_tibial,ENSG00000173267,ENSG00000272734,0.4999991655349731,0.0124203257898874,0.0124203257898874,1.0,0.3218683935369775,0.3566349693607842,artery_tibial:10:8,3
artery_tibial,ENSG00000272734,ENSG00000151303,0.4999030828475952,0.0109888220155841,0.0109888220155841,1.0,0.4883046075288098,0.7046952415671416,artery_tibial:10:8,3
artery_tibial,ENSG00000285676,ENSG00000260917,0.3547305269489698,0.0052663392186148,0.0052729927747431,1.0,0.4024165137581866,0.6920964654195317,artery_tibial:10:11,2
artery_tibial,ENSG00000151640,ENSG00000165752,0.1117031117257845,-0.0081944323437354,-0.0080946983373752,1.0,-0.16930731669124,0.0735179182519503,artery_tibial:10:13,0
artery_tibial,ENSG00000166313,ENSG00000110169,0.7747016724848805,0.0099459950228038,0.0099459950228038,1.0,0.0562887384473272,-0.162419785204234,artery_tibial:11:0,3
artery_tibial,ENSG00000110169,ENSG00000110171,0.2392762721416019,0.0042051135361083,0.0042051135361083,1.0,0.2578682275543987,0.2217027088210194,artery_tibial:11:0,2
artery_tibial,ENSG00000166387,ENSG00000166394,0.6334873702059269,0.0296331332995319,0.0296331332995319,1.0,0.2940259699613743,0.0733664053979653,artery_tibial:11:0,5
artery_tibial,ENSG00000188211,ENSG00000260196,0.1449547939776287,0.0081254665505042,0.0081953071732564,1.0,0.6682541526500217,0.5742454047111125,artery_tibial:11:1,3
artery_tibial,ENSG00000148935,ENSG00000198168,0.1085888908170318,0.0069035013601295,0.0069035013601295,1.0,0.4465052778879236,0.4120433185065391,artery_tibial:11:2,3
artery_tibial,ENSG00000175213,ENSG00000180210,0.3633541702637934,0.0162313402917635,0.0162543017376224,1.0,0.2358574832315265,-0.0036116556002145,artery_tibial:11:4,4
artery_tibial,ENSG00000242689,ENSG00000280010,0.1229909116523124,0.0122654857671783,0.0122676208859203,1.0,0.5441565273978468,0.6616462611159833,artery_tibial:11:5,3
artery_tibial,ENSG00000167985,ENSG00000162148,0.2498926623508168,-0.0049450237413718,-0.0049450237413718,1.0,-0.0951485087727486,-0.3231472439818317,artery_tibial:11:6,0
artery_tibial,ENSG00000173327,ENSG00000197136,0.1232176386737364,0.0027060876075075,0.0027060876075075,1.0,0.2879460407499179,0.266266326693892,artery_tibial:11:6,2
artery_tibial,ENSG00000172938,ENSG00000261625,0.1462638030778222,0.0144319765647011,0.0144196024361572,1.0,0.5218349933619123,0.5402880566701073,artery_tibial:11:6,4
artery_tibial,ENSG00000149218,ENSG00000270689,0.999283373953169,0.0437678333578636,0.0437678333578636,1.0,0.5979008955661255,0.6024533894678062,artery_tibial:11:9,5
artery_tibial,ENSG00000270689,ENSG00000270578,0.8210883430838152,0.0278724392174085,0.0278724392174085,1.0,0.653610546187716,0.8196452490960726,artery_tibial:11:9,5
artery_tibial,ENSG00000270179,ENSG00000170209,0.3349244428142484,0.0207614975648244,0.0208657781683124,1.0,0.1617744779536142,0.1841224157153913,artery_tibial:11:11,4
artery_tibial,ENSG00000256706,ENSG00000235049,1.0,0.1335047896598739,0.1335047896598739,1.0,0.5987191731535695,0.6968252535321634,artery_tibial:12:0,7
artery_tibial,ENSG00000118971,ENSG00000078237,0.1890008314689382,0.0040578230156257,0.0041051241992238,1.0,0.0214649704206511,-0.1621891069616615,artery_tibial:12:0,2
artery_tibial,ENSG00000078237,ENSG00000047621,0.2338003848927279,0.0052381602105052,0.0052640915463518,1.0,0.1258049829485024,0.4265795514900308,artery_tibial:12:0,2
artery_tibial,ENSG00000111321,ENSG00000256433,0.9950166940689088,0.0355648559440754,0.0355648559440754,1.0,0.2220783214959911,0.3730039221354801,artery_tibial:12:0,5
artery_tibial,ENSG00000275476,ENSG00000257176,0.7988153696060181,0.2239378699464429,0.2239378699464429,1.0,0.5759616743154786,0.7009380880718125,artery_tibial:12:2,7
artery_tibial,ENSG00000110888,ENSG00000285517,0.9633511304855348,0.0264205459511285,0.0264205459511285,1.0,0.3183117319540256,0.2620198889097587,artery_tibial:12:3,5
artery_tibial,ENSG00000166130,ENSG00000120868,0.940885841846466,0.0549189427084118,0.0549189427084118,1.0,0.2156363359860467,-0.0615792767820068,artery_tibial:12:9,6
artery_tibial,ENSG00000204954,ENSG00000139372,0.9999654293060304,0.0391609017704393,0.0391609017704393,1.0,0.1180565987845858,0.1164102420666933,artery_tibial:12:10,5
artery_tibial,ENSG00000225039,ENSG00000236444,0.9859134563259176,0.0381656497353926,0.0381656497353926,1.0,0.1715818857136616,0.4132722832050515,artery_tibial:13:3,5
artery_tibial,ENSG00000286416,ENSG00000125249,0.3830377394677633,0.0223908597046595,0.0223908590330458,1.0,0.2434840060629405,0.2441538114309299,artery_tibial:13:9,4
artery_tibial,ENSG00000274331,ENSG00000275830,0.977030336856842,0.0377223761337705,0.0377442453533842,1.0,0.6086345186166834,0.7447193543421217,artery_tibial:13:10,5
artery_tibial,ENSG00000272695,ENSG00000274766,0.1010640771512569,0.0024960162297357,0.0025005526058437,1.0,0.3391327423813139,0.346406474251709,artery_tibial:13:11,1
artery_tibial,ENSG00000278784,ENSG00000139908,0.1434429166325053,0.0027972134373661,0.0028011267228204,1.0,0.3437478865315503,0.4820016059099732,artery_tibial:14:2,2
artery_tibial,ENSG00000126790,ENSG00000050130,0.5492382618142706,0.0350124751266916,0.0350124751266916,1.0,0.1125075990650506,0.1254669389886223,artery_tibial:14:5,5
artery_tibial,ENSG00000151838,ENSG00000139970,0.9981631636619568,0.1861262559407959,0.1861262559407959,1.0,0.6265967658566898,0.6513136175375265,artery_tibial:14:5,7
artery_tibial,ENSG00000126778,ENSG00000100625,0.4507546189632876,0.0117406536604358,0.0117544890289606,1.0,0.5485075121813009,0.5673972594082092,artery_tibial:14:6,3
artery_tibial,ENSG00000100625,ENSG00000020426,0.4227275305424136,0.0057920599238088,0.005824692882932,1.0,0.2125048501611774,0.1187613028102014,artery_tibial:14:6,2
artery_tibial,ENSG00000184227,ENSG00000258603,0.9999995827674866,0.0565606464898896,0.0565606464898896,1.0,0.4143573744415191,0.3736271738294311,artery_tibial:14:7,6
artery_tibial,ENSG00000119673,ENSG00000279026,1.0,0.0564379033181846,0.0564379033181846,1.0,0.4021918167630547,0.4143935221536002,artery_tibial:14:7,6
artery_tibial,ENSG00000260711,ENSG00000165929,0.3194114640479029,0.0295863928446907,0.0295863928446907,1.0,0.8178471666333347,0.7709131416937832,artery_tibial:14:9,5
artery_tibial,ENSG00000185100,ENSG00000184990,0.4927834349253146,0.0217950659447829,0.0217950659447829,1.0,0.5923555856062147,0.4992611086352471,artery_tibial:14:10,4
artery_tibial,ENSG00000243789,ENSG00000243708,0.1578042210968746,0.003271902545561,0.00327746843187,1.0,0.4369185712536921,0.7320247192627575,artery_tibial:15:4,2
artery_tibial,ENSG00000069667,ENSG00000259675,0.3093858700956744,0.0070342321122113,0.0070201922875965,1.0,0.0170568478731503,0.1222589509589487,artery_tibial:15:6,3
artery_tibial,ENSG00000137764,ENSG00000188779,0.1438039050095767,0.0053112349215831,0.0053215917559032,1.0,0.1487969477131591,0.0859568215042565,artery_tibial:15:6,2
artery_tibial,ENSG00000178718,ENSG00000198794,0.5390232813373714,0.0934204730472035,0.0934836389120006,1.0,0.5313215438552564,0.4437256563700242,artery_tibial:15:7,6
artery_tibial,ENSG00000173517,ENSG00000140382,0.559329052338029,0.0233179264921657,0.0233179264921657,0.7955506853900252,0.1752915192631914,0.0850301380753661,artery_tibial:15:7,4
artery_tibial,ENSG00000235711,ENSG00000166557,0.1575540807151263,0.0052753913165334,0.0052551706483057,1.0,0.5224313823599811,0.4867013744817288,artery_tibial:15:7,2
artery_tibial,ENSG00000086666,ENSG00000103876,0.1120164834855934,0.0022242959941043,0.0022251488659681,1.0,0.1075123468727056,0.0531860690751341,artery_tibial:15:8,1
artery_tibial,ENSG00000103876,ENSG00000259417,0.4012497028366084,0.0224699950390473,0.0225708473804925,1.0,0.3182591807829313,0.0674025701157023,artery_tibial:15:8,4
artery_tibial,ENSG00000140545,ENSG00000260123,0.3268645491881017,0.0063035798780891,0.00631092927055,1.0,0.2966412036907749,0.3166479794874267,artery_tibial:15:8,2
artery_tibial,ENSG00000183571,ENSG00000278090,0.9999930858653094,0.0506640130282455,0.0506640130282455,1.0,0.340860998406302,0.4717497456958916,artery_tibial:15:9,6
artery_tibial,ENSG00000270127,ENSG00000259205,0.9999995827674866,0.4555305091963625,0.4555305091963625,1.0,0.818160965283059,0.8046621301964112,artery_tibial:15:10,7
artery_tibial,ENSG00000161980,ENSG00000161981,0.9774749915346206,0.0457178202143078,0.0457178202143078,1.0,0.4379355810520171,0.5877422081945184,artery_tibial:16:0,6
artery_tibial,ENSG00000260807,ENSG00000005513,0.5533971949849885,0.0126323936666978,0.0126993059666117,1.0,0.6439376600016529,0.8237455377021277,artery_tibial:16:0,4
artery_tibial,ENSG00000261819,ENSG00000275910,0.2475957458079776,0.0058460387922345,0.0058460387922345,1.0,0.4147213525331742,0.5315024701920356,artery_tibial:16:1,2
artery_tibial,ENSG00000103226,ENSG00000183889,0.120128333568573,0.0173373820386377,0.0173373820386377,1.0,0.205672531891319,0.1001505627515941,artery_tibial:16:1,4
artery_tibial,ENSG00000183889,ENSG00000227827,0.1026571235386342,-0.0123813984812989,-0.0123813984812989,1.0,-0.1793784751961117,-0.1427964346281388,artery_tibial:16:1,0
artery_tibial,ENSG00000205746,ENSG00000254681,1.0,0.0756880683953399,0.0756880683953399,1.0,0.7754876449679171,0.798468548918625,artery_tibial:16:1,6
artery_tibial,ENSG00000271105,ENSG00000263326,0.2136676554860663,0.007225060908425,0.0072689736400827,1.0,0.2920676073908645,0.6404547246639082,artery_tibial:16:2,3
artery_tibial,ENSG00000251417,ENSG00000275807,0.9041422879915152,0.0563208245391277,0.0563208245391277,1.0,0.2831972332636978,0.42992109395207,artery_tibial:16:2,6
artery_tibial,ENSG00000169682,ENSG00000213658,0.1915593830921054,0.0047701985746287,0.0047823496672384,1.0,0.7850500548474633,0.8499165228113046,artery_tibial:16:2,2
artery_tibial,ENSG00000167371,ENSG00000280789,0.7536220092540695,0.0023030737656737,0.002305811738576,1.0,0.8352822286054618,0.9381046515719658,artery_tibial:16:2,1
artery_tibial,ENSG00000149932,ENSG00000149930,0.8627155285522505,0.0029382418292642,0.0029399909389113,1.0,0.2632882979192845,-0.1277287084239536,artery_tibial:16:2,2
artery_tibial,ENSG00000151006,ENSG00000167397,0.1392106172183709,0.0,0.0,0.0,0.2953760691413944,-0.0114069727109745,artery_tibial:16:3,1
artery_tibial,ENSG00000140682,ENSG00000140675,0.2277330953358749,-0.0069691353385691,-0.0070294531920099,1.0,0.0906891000078896,0.0308640432184316,artery_tibial:16:3,0
artery_tibial,ENSG00000246379,ENSG00000087258,0.2698846193215409,0.027356784365192,0.0272255735589911,1.0,0.7696996218693045,0.8280620399528611,artery_tibial:16:5,5
artery_tibial,ENSG00000153786,ENSG00000135709,0.3983680540222849,0.0102046405339491,0.0102046405339491,1.0,0.3095946760827456,0.5400519702248916,artery_tibial:16:8,3
artery_tibial,ENSG00000270020,ENSG00000103248,0.4212105870246887,-0.0558714633524541,-0.0558714633524541,1.0,-0.3561005163314329,-0.1287536910577041,artery_tibial:16:8,0
artery_tibial,ENSG00000187741,ENSG00000204991,0.9965747262467451,0.2382093008210612,0.2382093008210612,1.0,0.5494809478615768,0.6162528961728544,artery_tibial:16:8,7
artery_tibial,ENSG00000185561,ENSG00000186594,0.9547587682632576,-0.0356630271416295,-0.0356630271416295,1.0,0.131895216886811,0.2838726028160892,artery_tibial:17:0,0
artery_tibial,ENSG00000108381,ENSG00000167723,0.1316813659183182,0.0046474062504213,0.0046509097404594,1.0,0.4683033774045824,0.7238360149352103,artery_tibial:17:0,2
artery_tibial,ENSG00000234327,ENSG00000129204,1.0,0.1363636941691108,0.1363636941691108,1.0,0.4411983236386683,0.335045279962813,artery_tibial:17:0,7
artery_tibial,ENSG00000179277,ENSG00000265519,0.1579197558084679,0.0283956327939034,0.0285424513135266,1.0,0.8282020231348637,0.874174794011976,artery_tibial:17:1,5
artery_tibial,ENSG00000265519,ENSG00000276855,0.1446097362097553,0.0249680839730011,0.0249240899067766,1.0,0.7827620035375251,0.7657143715020879,artery_tibial:17:1,5
artery_tibial,ENSG00000170425,ENSG00000214941,0.2723714980636202,0.063831497392038,0.063831497392038,1.0,0.4294431780936068,0.2516090153314712,artery_tibial:17:1,6
artery_tibial,ENSG00000179598,ENSG00000154803,0.9932218194007874,0.1266131918691016,0.1266131918691016,1.0,0.3809463375767911,0.508872969967202,artery_tibial:17:1,7
artery_tibial,ENSG00000261033,ENSG00000128487,0.1427402133742106,0.0,0.0,0.0,0.1596242290067956,0.1569288001352602,artery_tibial:17:2,1
artery_tibial,ENSG00000007171,ENSG00000232859,0.9994073528377356,-0.1435126356345839,-0.1435126356345839,1.0,-0.2686254520739922,0.1993253498741002,artery_tibial:17:2,0
artery_tibial,ENSG00000267547,ENSG00000267648,0.6367850011492777,0.0478608749859136,0.0478608749859136,1.0,0.416466166809041,0.6722160384515256,artery_tibial:17:3,6
artery_tibial,ENSG00000267648,ENSG00000172123,0.9986980207601306,0.069316463874746,0.069316463874746,1.0,0.5665361339241277,0.7483558661227192,artery_tibial:17:3,6
artery_tibial,ENSG00000277791,ENSG00000276293,0.2535263980284412,0.0039211983257941,0.0039211983257941,1.0,0.1283246998614467,-0.1007589443988836,artery_tibial:17:3,2
artery_tibial,ENSG00000161692,ENSG00000073670,0.2474522680213482,0.0067207882126428,0.0067268477379242,0.1503892773318746,0.3964868122851795,0.3981042386679826,artery_tibial:17:4,2
artery_tibial,ENSG00000108468,ENSG00000002919,0.5488914582293454,0.0098947648408623,0.0098960027012664,1.0,0.2721694223337982,0.0670205683702295,artery_tibial:17:4,3
artery_tibial,ENSG00000108813,ENSG00000064195,0.7594428657058145,0.0099768524613088,0.0099850668977018,1.0,0.6064918805048327,0.6988611845388863,artery_tibial:17:4,3
artery_tibial,ENSG00000274565,ENSG00000011028,0.9961594821362888,-0.0049806621220275,-0.0049806621220275,1.0,0.4390056244900274,0.7462598042006058,artery_tibial:17:6,0
artery_tibial,ENSG00000265912,ENSG00000232457,1.0,0.1670026064309757,0.1670026064309757,1.0,0.4474915742652751,0.6083343706837183,artery_tibial:17:6,7
artery_tibial,ENSG00000278740,ENSG00000267731,0.1577970409145379,0.017039531904365,0.0170643201971236,1.0,0.350464947542316,0.5955368968144645,artery_tibial:17:6,4
artery_tibial,ENSG00000257949,ENSG00000250506,0.6932090428725317,0.0641133261980701,0.0641164039755347,1.0,0.601906127439073,0.3944848272842174,artery_tibial:17:7,6
artery_tibial,ENSG00000129646,ENSG00000161542,0.1314350835903184,-0.0003432657490961,0.0001866026240522,0.6255990073398864,0.2049160014703754,0.3869208718242469,artery_tibial:17:7,1
artery_tibial,ENSG00000267506,ENSG00000267466,0.1777107098521497,0.0042054152553108,0.0042939983885611,1.0,0.827577445333175,0.912623022858173,artery_tibial:17:7,2
artery_tibial,ENSG00000169683,ENSG00000169750,0.1330695949807712,0.0034729777661155,0.003474468171538,1.0,0.2528094529903659,0.5135544813896514,artery_tibial:17:8,2
artery_tibial,ENSG00000154845,ENSG00000168461,0.1080384042560638,0.0010240985627837,0.0010208757220401,1.0,0.0913355705381784,0.5663767430406412,artery_tibial:18:0,1
artery_tibial,ENSG00000141391,ENSG00000267108,0.9989716410636902,0.2599993775399476,0.2599993775399476,1.0,0.5688476430110615,0.6761979751158989,artery_tibial:18:1,7
artery_tibial,ENSG00000260552,ENSG00000075643,0.9569387435913086,0.0532858809565936,0.0532858809565936,1.0,0.3867737181465374,0.4011210522871585,artery_tibial:18:3,6
artery_tibial,ENSG00000134440,ENSG00000267040,0.1525905858229954,0.0026307024561509,0.0026405028872707,1.0,0.1022638839357645,0.0410116826799829,artery_tibial:18:5,1
artery_tibial,ENSG00000188321,ENSG00000188629,1.0,0.0965090555998228,0.0965090555998228,1.0,0.299749902011988,0.5641673848513321,artery_tibial:19:0,6
artery_tibial,ENSG00000220201,ENSG00000267673,0.1043467819941526,0.0,0.0,0.0,0.1668219057301289,0.1858145736374698,artery_tibial:19:1,1
artery_tibial,ENSG00000240616,ENSG00000161860,0.1056609678242992,-0.002449815188151,-0.002449815188151,1.0,0.1516793779520634,0.4680733339483356,artery_tibial:19:1,1
artery_tibial,ENSG00000132017,ENSG00000132005,0.9515095589170032,0.0367992655329042,0.0367992655329042,1.0,0.1410453610621478,0.1915977631504682,artery_tibial:19:1,5
artery_tibial,ENSG00000267056,ENSG00000171903,1.0,0.1906370630365619,0.1906370630365619,1.0,0.7616298467255358,0.8196380573548981,artery_tibial:19:1,7
artery_tibial,ENSG00000269044,ENSG00000267904,0.9215904603614432,0.013692672157412,0.013692672157412,1.0,0.3691222585216382,0.5745129456759335,artery_tibial:19:1,4
artery_tibial,ENSG00000105393,ENSG00000160117,0.195692168528339,-0.0020744442716889,-0.0020744442716889,1.0,-0.1263480291276479,-0.3564427055018836,artery_tibial:19:1,1
artery_tibial,ENSG00000130517,ENSG00000130513,0.9999982714653016,0.0,0.0,0.0,0.0618839117812318,0.1342146072895966,artery_tibial:19:1,1
artery_tibial,ENSG00000181896,ENSG00000105708,0.7321904364894181,-0.0305192740715258,-0.0305292351495998,1.0,0.1808398079815937,0.3578576841141681,artery_tibial:19:1,0
artery_tibial,ENSG00000167637,ENSG00000176222,0.8785106448441198,0.0,0.0,0.0,0.0915536501717075,0.3225404746334055,artery_tibial:19:4,1
artery_tibial,ENSG00000269124,ENSG00000011485,0.2849429144671234,-0.0103493848145361,-0.0104032197039414,1.0,-0.0134618129928313,-0.0525417400132223,artery_tibial:19:4,0
artery_tibial,ENSG00000269352,ENSG00000039650,0.2098310327418211,0.0060084168136667,0.0060084168136667,1.0,0.4569860711164236,0.5317627163759682,artery_tibial:19:4,2
artery_tibial,ENSG00000198093,ENSG00000176024,0.1569205041367638,-0.0039805118760601,-0.0039805118760601,1.0,0.2920768670454841,0.5710386291674597,artery_tibial:19:5,1
artery_tibial,ENSG00000167555,ENSG00000198633,0.96714848279953,-0.1820752213235495,-0.1820752213235495,1.0,-0.2897057532136012,0.0388362770158781,artery_tibial:19:5,0
artery_tibial,ENSG00000160439,ENSG00000131037,0.9999892115778408,0.2144416218392343,0.2144416218392343,1.0,0.36667150398093,0.2997757412273338,artery_tibial:19:5,7
artery_tibial,ENSG00000197483,ENSG00000090971,0.7832355499267578,0.0255111359657399,0.0255111359657399,1.0,0.1566543518658102,0.2411881025850579,artery_tibial:19:5,5
artery_tibial,ENSG00000090971,ENSG00000179954,0.6206718683242798,0.0546849288195325,0.0546849288195325,1.0,0.3214446328305017,0.5824318550673483,artery_tibial:19:5,6
artery_tibial,ENSG00000186230,ENSG00000276449,0.9374673809698456,-0.1097927541155203,-0.1097927541155203,1.0,-0.0998905959402668,0.0577384619949012,artery_tibial:19:5,0
artery_tibial,ENSG00000171863,ENSG00000118004,0.1610683798789978,0.006421620291191,0.006421620291191,1.0,0.1377122905048457,0.1617340396833145,artery_tibial:2:0,2
artery_tibial,ENSG00000115750,ENSG00000269973,0.4953898996505508,0.032470614506305,0.0323950968213393,1.0,0.4156020703867681,0.488689261717094,artery_tibial:2:0,5
artery_tibial,ENSG00000260025,ENSG00000150938,0.6684455473491902,0.0082434467779255,0.0082592318612736,1.0,0.5382102265479572,0.68993396426346,artery_tibial:2:3,3
artery_tibial,ENSG00000162881,ENSG00000162882,0.1638943741854923,-0.0036363496951705,-0.0036325857096747,1.0,0.1964796397134666,0.4062359266330275,artery_tibial:2:4,1
artery_tibial,ENSG00000119878,ENSG00000279254,0.1790825480400784,0.0080804951248241,0.0081472367085775,1.0,0.2199244326055348,0.4223609895481317,artery_tibial:2:4,3
artery_tibial,ENSG00000188687,ENSG00000204843,0.5394457273264592,-0.0138878571420406,-0.0138878571420406,1.0,-0.1193042493826295,-0.2473926713859374,artery_tibial:2:7,0
artery_tibial,ENSG00000204792,ENSG00000115350,0.9999979138374328,-0.1404363818603967,-0.1404363818603967,1.0,-0.2576277603390601,-0.2106639125226588,artery_tibial:2:7,0
artery_tibial,ENSG00000115459,ENSG00000042493,0.6896890997886658,0.048550042519027,0.048550042519027,1.0,0.4206419783494935,0.2543243344956136,artery_tibial:2:8,6
artery_tibial,ENSG00000204745,ENSG00000222041,0.4172216452649309,0.0063543751794996,0.0063543751794996,1.0,0.1484823643062291,0.1280224140676464,artery_tibial:2:8,2
artery_tibial,ENSG00000071051,ENSG00000119147,0.1065843091135789,0.0030086985369948,0.0030337243945383,1.0,0.3098328093678272,0.0611994575050337,artery_tibial:2:10,2
artery_tibial,ENSG00000259863,ENSG00000172985,0.1112436945290511,0.0018129886116826,0.0018132058211533,1.0,0.5802829573331306,0.790682005802245,artery_tibial:2:10,1
artery_tibial,ENSG00000144152,ENSG00000278962,0.1816256817673078,0.0209116359874491,0.0209185949856204,1.0,0.8768312362525882,0.8313954334619835,artery_tibial:2:11,4
artery_tibial,ENSG00000177519,ENSG00000144278,0.3173541466059859,0.0251800270282871,0.0251800270282871,1.0,0.201896859437392,0.1534227111641854,artery_tibial:2:15,5
artery_tibial,ENSG00000287900,ENSG00000162989,0.2990725689991258,0.0053277359459677,0.0053382022431815,1.0,0.5530071532735515,0.7541196253907477,artery_tibial:2:15,2
artery_tibial,ENSG00000071909,ENSG00000234350,1.0,0.0925299576031934,0.0925299576031934,1.0,0.5157005872967106,0.6273683233206585,artery_tibial:2:17,6
artery_tibial,ENSG00000222033,ENSG00000204335,0.9999998807907104,0.1871959491104762,0.1871959491104762,1.0,0.7214875998536207,0.7168398929118284,artery_tibial:2:17,7
artery_tibial,ENSG00000204334,ENSG00000128683,1.0,0.0900402468673525,0.0900402468673525,1.0,0.4114087186840376,0.4865505300301044,artery_tibial:2:17,6
artery_tibial,ENSG00000138400,ENSG00000118246,0.15209901623723,0.0024358933107563,0.0024524097374117,1.0,0.0859303417919988,-0.1155054564607949,artery_tibial:2:20,1
artery_tibial,ENSG00000279348,ENSG00000260804,0.7000455730462818,0.0696920595084188,0.0696920595084188,1.0,0.6509957381594507,0.7664816587512262,artery_tibial:2:21,6
artery_tibial,ENSG00000231672,ENSG00000231035,0.5031544562394004,0.0201231831877136,0.0201275307215617,1.0,0.227983312053031,0.3932485249576549,artery_tibial:2:21,4
artery_tibial,ENSG00000224376,ENSG00000156966,0.1642208536139797,0.0029336609582904,0.0029764167553231,1.0,0.253746576335997,0.3494358348007559,artery_tibial:2:23,2
artery_tibial,ENSG00000233806,ENSG00000261186,0.534234216468775,0.0139427383496559,0.0139427383496559,1.0,0.0749654006916125,0.109029230276818,artery_tibial:2:24,4
artery_tibial,ENSG00000132622,ENSG00000101220,0.9991168446581468,-0.0068676845695007,-0.0068676845695007,1.0,0.189154538316214,0.5258756243776023,artery_tibial:20:0,0
artery_tibial,ENSG00000132623,ENSG00000132639,0.997380256652832,0.1307935653066859,0.1307935653066859,1.0,0.3665152111180887,0.1849345832858607,artery_tibial:20:0,7
artery_tibial,ENSG00000149346,ENSG00000101384,0.1143400721204557,0.0010585751123467,0.0010802226248608,1.0,0.2018042193178011,0.086569984662185,artery_tibial:20:1,1
artery_tibial,ENSG00000287430,ENSG00000185052,0.1180640130802181,0.0017014350033349,0.001723091844504,1.0,0.3985258328913911,0.4748959621206819,artery_tibial:20:1,1
artery_tibial,ENSG00000198547,ENSG00000175730,0.3563038641901173,-0.0182048639607048,-0.0182048639607048,1.0,-0.0649643656887329,0.1425205132102654,artery_tibial:20:3,0
artery_tibial,ENSG00000088298,ENSG00000101000,0.1650326796030441,0.0057088311440532,0.0057155514368232,1.0,0.5638658451383193,0.814940213974741,artery_tibial:20:3,2
artery_tibial,ENSG00000277117,ENSG00000280071,0.9998675584793092,-0.0888925301903188,-0.0888925301903188,1.0,-0.0980000275238138,-0.195931745277305,artery_tibial:21:0,0
artery_tibial,ENSG00000280071,ENSG00000275464,1.0,0.2948648380452194,0.2948648380452194,1.0,0.7920467391461165,0.6325878225134106,artery_tibial:21:0,7
artery_tibial,ENSG00000275464,ENSG00000280433,1.0,0.1678494182820268,0.1678494182820268,1.0,0.585753441050476,0.478853815948811,artery_tibial:21:0,7
artery_tibial,ENSG00000281903,ENSG00000180530,0.7549742557321792,0.0079493764021935,0.0079493764021935,1.0,0.3403647063898812,0.2963798868387693,artery_tibial:21:1,3
artery_tibial,ENSG00000185808,ENSG00000182670,0.7160934899004694,-0.0979848847819249,-0.0979848847819249,1.0,-0.2785199889262911,-0.1586075394510429,artery_tibial:21:3,0
artery_tibial,ENSG00000226496,ENSG00000182240,1.0,0.2831369924000907,0.2831369924000907,1.0,0.6303813116559644,0.5444982054791956,artery_tibial:21:4,7
artery_tibial,ENSG00000280109,ENSG00000183844,1.0,0.0771042363715822,0.0771042363715822,1.0,0.1706506202212735,0.096753928383101,artery_tibial:21:4,6
artery_tibial,ENSG00000160233,ENSG00000227999,0.3225423547964716,0.0192176260762108,0.0193018117473679,1.0,0.6534830724989663,0.5638190660190958,artery_tibial:21:4,4
artery_tibial,ENSG00000227999,ENSG00000274225,0.2590282116003095,0.0130843651410734,0.0130843651410734,1.0,0.6372205547150578,0.6720147756591978,artery_tibial:21:4,4
artery_tibial,ENSG00000228709,ENSG00000235890,0.9999032020799064,0.0707849029693423,0.0707849029693423,1.0,0.7731883130062033,0.7837575935624251,artery_tibial:21:4,6
artery_tibial,ENSG00000184787,ENSG00000236519,0.1095485720388467,0.0025993704099554,0.0026179857802087,1.0,0.0461841469512283,-0.0077501638423314,artery_tibial:21:4,1
artery_tibial,ENSG00000218537,ENSG00000273295,0.4926206498855379,0.2881098242077736,0.2881098242077736,1.0,0.8665752562491689,0.8532673395976348,artery_tibial:22:2,7
artery_tibial,ENSG00000273295,ENSG00000133433,0.4999361643459394,-0.2548524822594428,-0.2548524822594428,1.0,-0.6537178264354554,-0.6408365378357096,artery_tibial:22:2,0
artery_tibial,ENSG00000133433,ENSG00000099974,0.4866323361715388,0.1758365150360347,0.1758365150360347,1.0,0.5706862018624579,0.4938665841365789,artery_tibial:22:2,7
artery_tibial,ENSG00000244752,ENSG00000272977,0.1012703776359558,-0.0136382325229802,-0.0136382325229802,1.0,-0.2351035213550568,-0.0637306494276085,artery_tibial:22:2,0
artery_tibial,ENSG00000272977,ENSG00000100077,0.9991583228111268,0.1303870252577006,0.1303870252577006,1.0,0.416327714280657,0.3959149192794661,artery_tibial:22:2,7
artery_tibial,ENSG00000198832,ENSG00000185133,0.1962652435244081,-0.0022576313912694,-0.0022576313912694,1.0,-0.0401812385049691,-0.0751817128357676,artery_tibial:22:3,1
artery_tibial,ENSG00000221963,ENSG00000100320,0.5541418194770813,0.0161830037680135,0.0161830037680135,1.0,0.1717995610651584,-0.1513307609455259,artery_tibial:22:3,4
artery_tibial,ENSG00000100156,ENSG00000128298,0.5015486732341934,0.0081062550572469,0.008143776363467,1.0,0.7741922163205984,0.8495337803644207,artery_tibial:22:3,3
artery_tibial,ENSG00000244509,ENSG00000243811,0.4743618059602994,0.0205802639081334,0.020580262383741,1.0,0.3077512845755967,0.7514759564731547,artery_tibial:22:3,4
artery_tibial,ENSG00000226328,ENSG00000093000,0.4962786748930625,0.0125655902111104,0.0125655902111104,1.0,0.0979067420479936,0.2673208830298716,artery_tibial:22:4,4
artery_tibial,ENSG00000205560,ENSG00000100288,0.999451220035553,0.0943758824375775,0.0943758824375775,1.0,0.3904916224561812,0.5238831851656035,artery_tibial:22:5,6
artery_tibial,ENSG00000163702,ENSG00000163703,1.0,0.0338518586940679,0.0338518586940679,1.0,0.0622404630230424,0.2300811190011047,artery_tibial:3:0,5
artery_tibial,ENSG00000196653,ENSG00000186446,0.926107792324924,0.0347659751610974,0.0347659751610974,1.0,0.3918863762712162,0.5824137055777492,artery_tibial:3:4,5
artery_tibial,ENSG00000283706,ENSG00000188086,0.4998773336410522,0.0263234574281493,0.0263234574281493,1.0,0.4209364767695028,0.5708579799961383,artery_tibial:3:4,5
artery_tibial,ENSG00000163378,ENSG00000244513,0.7114793635765011,0.0324441797018332,0.0324441797018332,1.0,0.5761818615117157,0.6522833686999974,artery_tibial:3:6,5
artery_tibial,ENSG00000066405,ENSG00000158163,0.2407411966859953,0.0075949471709517,0.0076076128958352,1.0,0.0942667388423292,0.4000049572853306,artery_tibial:3:13,3
artery_tibial,ENSG00000224769,ENSG00000242086,0.9992588163305598,0.238128996552159,0.238128996552159,1.0,0.6531286132019462,0.6151932679100035,artery_tibial:3:19,7
artery_tibial,ENSG00000273308,ENSG00000286909,0.2551853827364176,0.0118393316595959,0.011477564063751,1.0,0.2370512930589815,0.5280853863775623,artery_tibial:3:19,3
artery_tibial,ENSG00000109736,ENSG00000249673,0.11237919315829,-0.0014050294667682,-0.0014105209615624,1.0,-0.0200502870794756,-0.1220937424101414,artery_tibial:4:0,1
artery_tibial,ENSG00000250986,ENSG00000184160,0.997890185427849,0.0231707606297872,0.0226118686289937,0.9594095325959174,0.8066911171381598,0.826875618357652,artery_tibial:4:0,4
artery_tibial,ENSG00000007062,ENSG00000169762,0.2553920372004974,0.0118559763693508,0.0118559763693508,1.0,0.2644144463140594,0.0415218258669819,artery_tibial:4:1,3
artery_tibial,ENSG00000170509,ENSG00000198189,1.0,-0.0310498556073332,-0.0310498556073332,1.0,-0.018386724323817,0.3556586208079604,artery_tibial:4:8,0
artery_tibial,ENSG00000152583,ENSG00000152592,0.1651031540628338,0.0057084216648654,0.0057084207803141,1.0,0.2940112515584256,0.1282086129447496,artery_tibial:4:8,2
artery_tibial,ENSG00000168594,ENSG00000248551,1.0,0.0760959879626355,0.0760959879626355,1.0,0.7147210932417012,0.7937057373037976,artery_tibial:4:17,6
artery_tibial,ENSG00000261037,ENSG00000250490,0.9999999403953552,0.1540100860480838,0.1540100860480838,1.0,0.4938537604165411,0.6014647698965035,artery_tibial:5:0,7
artery_tibial,ENSG00000112902,ENSG00000250786,0.6406228449013582,0.0129003631560705,0.0129003631560705,1.0,0.377539206560009,0.4660681388692296,artery_tibial:5:0,4
artery_tibial,ENSG00000205572,ENSG00000205571,0.9999960660934448,0.056750617015048,0.056750617015048,1.0,0.3338467439556675,0.3415961152695825,artery_tibial:5:7,6
artery_tibial,ENSG00000205571,ENSG00000179978,0.9991306066513062,0.0492247366311775,0.0492247366311775,1.0,0.2018449493203785,0.1006122510759244,artery_tibial:5:7,6
artery_tibial,ENSG00000286882,ENSG00000249476,0.1435388737998337,0.0121792262313916,0.0121983088394387,1.0,0.3169691563210624,0.5474527840099693,artery_tibial:5:10,3
artery_tibial,ENSG00000263432,ENSG00000168938,0.3175169785535559,0.0068019121724427,0.0068019125086267,1.0,0.4111875167799571,0.3822207390732753,artery_tibial:5:12,3
artery_tibial,ENSG00000288095,ENSG00000204956,0.9994146227836608,-0.0343411558677438,-0.0343411558677438,1.0,0.2559660918217263,0.5881081840316373,artery_tibial:5:14,0
artery_tibial,ENSG00000155508,ENSG00000082516,0.12522939565428,0.0050104818164061,0.0050234764199788,1.0,0.4391225265098502,0.4713989440386749,artery_tibial:5:15,2
artery_tibial,ENSG00000251405,ENSG00000248544,0.333317935496602,0.1470005081385584,0.1470005081385584,1.0,0.7664074365429414,0.8018668002238241,artery_tibial:5:15,7
artery_tibial,ENSG00000043462,ENSG00000235172,0.1777914107614506,0.0083410357209282,0.0083730820866422,1.0,0.1812052455150574,0.1876215616419725,artery_tibial:5:17,3
artery_tibial,ENSG00000214113,ENSG00000145982,0.9999995231628418,0.0117157240127637,0.0117157240127637,1.0,0.1380712778586986,0.5187717924324562,artery_tibial:6:0,3
artery_tibial,ENSG00000241106,ENSG00000204267,0.4998630881309509,-0.0434083880738619,-0.0434083880738619,1.0,-0.1272119104149789,0.3901217948735673,artery_tibial:6:3,0
artery_tibial,ENSG00000231769,ENSG00000001561,0.5061444924128651,0.0129002530019547,0.0130220708860449,1.0,0.6159184404786054,0.6652493929715478,artery_tibial:6:4,4
artery_tibial,ENSG00000001561,ENSG00000112796,0.571642694356477,0.0252636645109047,0.0252838985027162,1.0,0.681900928876844,0.7579538594992844,artery_tibial:6:4,5
artery_tibial,ENSG00000153291,ENSG00000180113,0.6179812468488706,-0.0546849343228782,-0.0546836890272505,1.0,-0.1533606112890164,0.4934319874959929,artery_tibial:6:4,0
artery_tibial,ENSG00000146085,ENSG00000031691,0.1620896283000412,0.0119872793401714,0.0119894239430278,1.0,0.3286720005963489,0.3417087938226573,artery_tibial:6:4,3
artery_tibial,ENSG00000230910,ENSG00000135298,0.2091071396123212,0.0185980962900108,0.0186383490470144,1.0,0.6699498961357381,0.6575868299385064,artery_tibial:6:6,4
artery_tibial,ENSG00000130347,ENSG00000130348,0.9999863505363464,-0.074669038947153,-0.074669038947153,1.0,-0.1117519453180539,0.397126972111357,artery_tibial:6:10,0
artery_tibial,ENSG00000286452,ENSG00000259828,0.2748338486902142,0.0147863300366622,0.0148135354748654,1.0,0.8460680266358631,0.8824233133207832,artery_tibial:6:14,4
artery_tibial,ENSG00000216906,ENSG00000203722,0.1589795069042701,0.0105911502830196,0.0105595606763242,1.0,0.1608080956420716,0.3368474271875344,artery_tibial:6:14,3
artery_tibial,ENSG00000273230,ENSG00000164880,0.8801075406537677,0.0212028248358321,0.0212028248358321,1.0,0.0654013572292536,0.0965794091726837,artery_tibial:7:0,4
artery_tibial,ENSG00000106004,ENSG00000106006,0.4801563835421802,0.0079295206504997,0.0079295206504997,1.0,0.6751881535307745,0.679599887867988,artery_tibial:7:2,3
artery_tibial,ENSG00000186704,ENSG00000242435,0.9999449253082277,0.0286317279196901,0.0286317279196901,1.0,0.3877288615007746,0.6238335253638562,artery_tibial:7:7,5
artery_tibial,ENSG00000205307,ENSG00000077454,0.2222743665087527,0.0155383305937106,0.0155383305937106,1.0,0.6139425304520137,0.534678974432684,artery_tibial:7:10,4
artery_tibial,ENSG00000284981,ENSG00000285437,0.8810442103656726,0.0509734139169002,0.0509734139169002,1.0,0.5303983711159552,0.5002278974053597,artery_tibial:7:10,6
artery_tibial,ENSG00000242588,ENSG00000243302,0.9923247775219296,0.131814702330864,0.131814702330864,1.0,0.796095584121249,0.89778586028351,artery_tibial:7:12,7
artery_tibial,ENSG00000243302,ENSG00000230715,0.9844890693068962,0.1286934135259531,0.1286934135259531,1.0,0.8332938143008283,0.9134302797349136,artery_tibial:7:12,7
artery_tibial,ENSG00000230715,ENSG00000229413,0.9355245488185916,0.1561211658791542,0.1561211658791542,1.0,0.7769844698848456,0.8647806214577762,artery_tibial:7:12,7
artery_tibial,ENSG00000243679,ENSG00000281490,0.996934622230036,0.2074583644878417,0.2074583644878417,1.0,0.5931194402058358,0.573184830438956,artery_tibial:7:12,7
artery_tibial,ENSG00000253641,ENSG00000253649,0.4259671900909367,0.0155490252813708,0.0155530429077238,1.0,0.3127567256113028,0.530375793163388,artery_tibial:8:1,4
artery_tibial,ENSG00000158806,ENSG00000158815,0.4316307783005548,0.0177055644643414,0.0177168809303087,1.0,0.3531888471572857,0.5000887103639958,artery_tibial:8:2,4
artery_tibial,ENSG00000120885,ENSG00000168077,0.260960611735225,0.0064850393966956,0.0065502766408956,1.0,0.635362391693424,0.7244772181393023,artery_tibial:8:2,2
artery_tibial,ENSG00000168077,ENSG00000279302,0.2210766687351224,0.0052953137129164,0.0054655679313836,1.0,0.4887375721345856,0.5666209871325075,artery_tibial:8:2,2
artery_tibial,ENSG00000279302,ENSG00000253875,0.1113905761085121,0.0022022672793186,0.0023342529004516,1.0,0.4961557468081072,0.7624828680009931,artery_tibial:8:2,1
artery_tibial,ENSG00000182674,ENSG00000260838,0.2396402414319709,0.0038387688844197,0.0038387688844197,1.0,0.6710229095449649,0.847689726624066,artery_tibial:8:7,2
artery_tibial,ENSG00000253598,ENSG00000280193,0.1668692125043875,0.008167571214719,0.008167571214719,1.0,0.3101712672905376,0.4260948275823162,artery_tibial:8:8,3
artery_tibial,ENSG00000280193,ENSG00000104231,0.3282186403631755,0.0132409046953818,0.0132409046953818,1.0,0.3800614818916205,0.399284575608461,artery_tibial:8:8,4
artery_tibial,ENSG00000164823,ENSG00000104320,0.1998141092677841,0.0073089387531137,0.0073089389258372,1.0,0.3869862379850283,0.1988304638434267,artery_tibial:8:8,3
artery_tibial,ENSG00000248858,ENSG00000205133,0.7821324055328382,0.0081545889027392,0.0081545889027392,1.0,0.343307725467535,0.4629104383727119,artery_tibial:8:9,3
artery_tibial,ENSG00000283992,ENSG00000180155,0.7537499737796693,0.1645364347541756,0.1645472305853012,1.0,0.5378072052764753,0.5224930336800712,artery_tibial:8:14,7
artery_tibial,ENSG00000254812,ENSG00000183309,0.5950780924180492,0.0237461145328561,0.0237461145328561,1.0,0.1518314591599677,-0.1519233161466855,artery_tibial:8:14,5
artery_tibial,ENSG00000179632,ENSG00000179698,0.2075966846371706,0.0042861082157019,0.0042991419373518,1.0,0.0794783683092717,-0.0942673126294447,artery_tibial:8:14,2
artery_tibial,ENSG00000272842,ENSG00000273226,0.2114516848489493,0.0105708563155661,0.0105983014782117,1.0,0.1248801310423581,0.1076147769229465,artery_tibial:9:1,3
artery_tibial,ENSG00000070610,ENSG00000107185,0.1411485069970481,0.0016229269403055,0.001626331280617,1.0,0.0762341604682156,0.3372173303573641,artery_tibial:9:3,1
artery_tibial,ENSG00000181778,ENSG00000226337,0.2261971462274914,0.0067426015858031,0.0067426015858031,1.0,0.3897032701013401,0.5117872621907562,artery_tibial:9:6,2
artery_tibial,ENSG00000259953,ENSG00000106868,0.2478236529252058,0.0103985226897412,0.0104141494641695,1.0,0.7300547742168461,0.7586348180766099,artery_tibial:9:11,3
artery_tibial,ENSG00000119411,ENSG00000119431,0.6846505577848134,0.0929586582521792,0.0930072009904128,0.9865178832491648,0.4257203452388893,0.3655274099398819,artery_tibial:9:11,6
artery_tibial,ENSG00000119431,ENSG00000148218,0.7407716341200015,0.0463307525687203,0.0463398887426606,1.0,0.2111548409755528,0.2667030869390856,artery_tibial:9:11,6
artery_tibial,ENSG00000160408,ENSG00000136840,0.9999991059303284,0.0154871493273249,0.0154871493273249,1.0,0.2730830723673866,0.4166369126873416,artery_tibial:9:12,4
artery_tibial,ENSG00000225756,ENSG00000123453,0.3620700407309272,0.0154557927320906,0.0155004979859016,1.0,0.4349492129879057,0.7723769425584898,artery_tibial:9:13,4
artery_tibial,ENSG00000130653,ENSG00000182154,0.7060816077319743,-0.0250510890177519,-0.0250510890177519,0.9872540058587392,0.0390715710835756,0.0726335855013643,artery_tibial:9:13,0
artery_tibial,ENSG00000236871,ENSG00000236017,0.9735124142446026,0.0965409987572401,0.0965409987572401,1.0,0.7611557722979936,0.8745467427020736,artery_tibial:X:0,6
artery_tibial,ENSG00000165197,ENSG00000087842,0.2633431033051181,0.0132036608218118,0.0132247772877676,1.0,0.4869900151163894,0.4886420075753735,artery_tibial:X:1,4
artery_tibial,ENSG00000067992,ENSG00000102230,0.2277281908524813,0.0045305852438617,0.0045364458168103,1.0,0.3151977557777021,0.4965689772441619,artery_tibial:X:2,2
artery_tibial,ENSG00000182489,ENSG00000188917,0.1982216331509541,-0.0115263874818582,-0.0115348951540608,1.0,-0.1323891424309161,-0.0721943786801153,artery_tibial:X:10,0
artery_tibial,ENSG00000261101,ENSG00000286000,0.1215867688660807,-0.0017172338960786,-0.0017204517602613,1.0,0.0636069380188392,0.5391263449545042,artery_tibial:X:10,1
artery_tibial,ENSG00000172476,ENSG00000287619,0.394506660202822,0.0048556962903027,0.0048556962903027,1.0,0.3840416054953212,0.61365837463589,artery_tibial:X:10,2
artery_tibial,ENSG00000279894,ENSG00000196507,0.1006299503252385,-0.0005557091205005,-0.0005640322103956,1.0,0.1926316737136366,0.0957193743416401,artery_tibial:X:10,1
artery_tibial,ENSG00000277215,ENSG00000165509,0.2259487423747614,0.0133400201036355,0.0133937281925817,1.0,0.5638991215955158,0.4861645428302644,artery_tibial:X:14,4
artery_tibial,ENSG00000180879,ENSG00000067840,0.6195127845633586,0.0073527313149675,0.0073527313149675,1.0,0.3063299993839702,-0.0183507613276608,artery_tibial:X:15,3
whole_blood,ENSG00000268903,ENSG00000269981,0.476688389231672,0.0106976280829454,0.0106976280829454,1.0,0.5214012447285211,0.7910071776312413,whole_blood:1:0,3
whole_blood,ENSG00000269981,ENSG00000241860,0.967158553144543,0.0219665477072059,0.0219665477072059,1.0,0.2329147026594193,0.4861204877652189,whole_blood:1:0,4
whole_blood,ENSG00000008128,ENSG00000227775,0.9999988079071044,0.0997668212793576,0.0997668212793576,1.0,0.2817050674593169,0.1783416242218433,whole_blood:1:0,7
whole_blood,ENSG00000157873,ENSG00000225931,0.5173335074775238,0.0042213588049546,0.0042679936763155,1.0,0.1887976076408057,0.3429868217280294,whole_blood:1:0,2
whole_blood,ENSG00000235169,ENSG00000130764,0.9999573230743408,0.0672560775261587,0.0672560775261587,1.0,0.2282512026982399,-0.1564167430699659,whole_blood:1:0,6
whole_blood,ENSG00000083444,ENSG00000116688,0.9774887561798096,0.1180362731137443,0.1180362731137443,1.0,0.5690145412302051,0.6078403453887813,whole_blood:1:1,7
whole_blood,ENSG00000116688,ENSG00000116691,0.2313686094316267,0.0188347592966701,0.0188540769247155,1.0,0.464984733561803,0.5034027718920491,whole_blood:1:1,4
whole_blood,ENSG00000228140,ENSG00000142634,0.9997568130493164,0.0,0.0,0.0,0.3791892029443801,0.7018942412565029,whole_blood:1:1,1
whole_blood,ENSG00000288398,ENSG00000132881,0.2418933663190507,0.0074115309730541,0.0074815156136332,1.0,0.3044496390529514,0.4331380195379741,whole_blood:1:1,3
whole_blood,ENSG00000162482,ENSG00000053371,0.4999926090240478,-0.0098205136639284,-0.0098205136639284,1.0,-0.0397926897519701,0.1625996042649039,whole_blood:1:1,0
whole_blood,ENSG00000117614,ENSG00000117616,0.1711884210288872,-0.0005183697193063,-0.0005188243331172,1.0,-0.1468410337411379,0.6119554307787141,whole_blood:1:2,1
whole_blood,ENSG00000261349,ENSG00000187010,0.9999952912343772,0.3686159864480093,0.3686159864480093,1.0,0.6472068675468676,0.4314508539067772,whole_blood:1:2,7
whole_blood,ENSG00000187010,ENSG00000183726,0.9999799728452352,0.1001435379325317,0.1001435379325317,1.0,0.4488417595196605,-0.0014459931610766,whole_blood:1:2,7
whole_blood,ENSG00000142765,ENSG00000142733,0.3561454238261632,0.0046644551314023,0.0046644551314023,1.0,0.1633689730180031,0.1369813288596222,whole_blood:1:2,2
whole_blood,ENSG00000183431,ENSG00000183386,1.0,0.1203665943800994,0.1203665943800994,1.0,0.4894528992399523,0.2975969317856558,whole_blood:1:3,7
whole_blood,ENSG00000121310,ENSG00000116171,0.5307874625239677,0.0145046512957628,0.0145623962594205,1.0,0.3617725262907645,0.0424239010696312,whole_blood:1:5,4
whole_blood,ENSG00000174348,ENSG00000162383,0.1839704171851366,0.002836928896304,0.0028580729107349,1.0,0.4404179864016297,0.745020369542089,whole_blood:1:5,2
whole_blood,ENSG00000269713,ENSG00000274265,0.2480197793109368,0.0197120582261473,0.0197120582261473,1.0,0.1305392282551868,0.0637354882574375,whole_blood:1:14,4
whole_blood,ENSG00000286219,ENSG00000271383,1.0,0.0667864601585251,0.0668256262611889,1.0,0.5720434516838592,0.4887704763691937,whole_blood:1:14,6
whole_blood,ENSG00000163220,ENSG00000163221,0.9997106817868656,0.0071110220320974,0.007113718341704,1.0,0.7562350471958587,0.9566791361541924,whole_blood:1:15,3
whole_blood,ENSG00000163221,ENSG00000143546,0.9186372364771672,0.0041644684096539,0.0041644684096539,1.0,0.6253946608870189,0.9332200803636403,whole_blood:1:15,2
whole_blood,ENSG00000160781,ENSG00000198952,0.1677614080341172,0.0423206211479144,0.0423304207179662,1.0,0.7891374180493393,0.8103943895905522,whole_blood:1:15,5
whole_blood,ENSG00000143320,ENSG00000223356,0.353796977641494,0.0064353504062832,0.0064775820787564,1.0,0.3706417625044583,0.735439321106065,whole_blood:1:15,2
whole_blood,ENSG00000213085,ENSG00000279430,0.4120698372204288,0.003665913900538,0.0036975666391947,1.0,0.3901510547471017,0.4857926769806719,whole_blood:1:15,2
whole_blood,ENSG00000279430,ENSG00000158710,0.1179780606435194,0.0009203452905615,0.0009280902390378,1.0,0.3396834661036733,-0.0729858342311943,whole_blood:1:15,1
whole_blood,ENSG00000122218,ENSG00000162736,0.1322831045762811,0.0062024904598266,0.0062044650886111,1.0,0.4916327561471602,0.7630078029316966,whole_blood:1:16,2
whole_blood,ENSG00000198929,ENSG00000239887,0.8649097315088454,0.0426106186243959,0.0426106186243959,1.0,0.662754944827382,0.5758022763424133,whole_blood:1:16,5
whole_blood,ENSG00000143185,ENSG00000143184,0.8600771203458919,-0.0296863757459414,-0.0296863757459414,1.0,0.3203259246238084,0.8321475021805798,whole_blood:1:16,0
whole_blood,ENSG00000133055,ENSG00000133048,0.1753198958280073,0.0097430520602076,0.0097430520602076,1.0,0.6630782425860579,0.5265836380260437,whole_blood:1:20,3
whole_blood,ENSG00000143702,ENSG00000054282,0.8717780676494868,0.0205677268237671,0.0205677268237671,1.0,0.365721399032024,0.3814899123633967,whole_blood:1:24,4
whole_blood,ENSG00000162711,ENSG00000177535,0.4999364634159065,0.0076610568480023,0.0076610568480023,1.0,0.5766560241855075,0.226612986109231,whole_blood:1:24,3
whole_blood,ENSG00000162722,ENSG00000238243,0.8900503679511189,0.0101600820934434,0.0101600820934434,1.0,0.7380408530102125,0.9054905337312072,whole_blood:1:24,3
whole_blood,ENSG00000067057,ENSG00000107959,0.212016652369801,0.0037956150186704,0.0038046766950813,1.0,0.0614728156064636,0.632713105740934,whole_blood:10:0,2
whole_blood,ENSG00000065675,ENSG00000237943,0.2411631654078156,0.0012182112724621,0.0012182112724621,1.0,0.3921857041315814,0.8851707602924642,whole_blood:10:0,1
whole_blood,ENSG00000237943,ENSG00000225948,0.9760789986228816,-0.0089588831825237,-0.0089588831825237,1.0,0.3317904920141934,0.6028751918111105,whole_blood:10:0,0
whole_blood,ENSG00000185009,ENSG00000156110,1.0,0.0992937686949889,0.0992937686949889,1.0,0.4562871749109457,0.0167067191215747,whole_blood:10:7,7
whole_blood,ENSG00000188199,ENSG00000228570,0.985744702621588,-0.1304865281174987,-0.1304865281174987,1.0,-0.2944435355250434,0.1886206928629788,whole_blood:10:7,0
whole_blood,ENSG00000184923,ENSG00000224914,0.9914585348481212,0.0,0.0,0.0,0.2056812880255326,0.348130589969558,whole_blood:10:8,1
whole_blood,ENSG00000277879,ENSG00000165650,0.9927273392677308,0.0,0.0,0.0,0.2050434521667545,0.5838735809119143,whole_blood:10:11,1
whole_blood,ENSG00000107669,ENSG00000107672,0.1314894120257896,0.0013617330062303,0.0013683370673912,1.0,0.1222897614308819,0.338654094816286,whole_blood:10:12,1
whole_blood,ENSG00000142089,ENSG00000270972,0.3267246722865025,0.0398129948919294,0.0398129948919294,1.0,0.5248163465462301,0.7554778107438653,whole_blood:11:0,5
whole_blood,ENSG00000110628,ENSG00000181649,0.9978833198547364,0.0495245275253971,0.0495245275253971,1.0,0.3162857625534613,-0.1372066297114608,whole_blood:11:0,6
whole_blood,ENSG00000148985,ENSG00000177105,0.4968631871072517,0.0047807326893153,0.0047807326893153,1.0,0.3238818261094692,0.7201381859236873,whole_blood:11:0,2
whole_blood,ENSG00000267940,ENSG00000051009,0.3474383358666415,0.0109071065330061,0.0109102712666926,1.0,0.3261856878413934,0.5570641813932492,whole_blood:11:0,3
whole_blood,ENSG00000166387,ENSG00000166394,0.1355612759075555,0.0076291802875025,0.0076913065679264,1.0,0.3691849702720456,0.1512533938764158,whole_blood:11:0,3
whole_blood,ENSG00000166016,ENSG00000121691,0.420638556829374,0.0504004686953223,0.0504004686953223,1.0,0.5434534916667267,0.4185444093182054,whole_blood:11:3,6
whole_blood,ENSG00000110455,ENSG00000151348,1.0,0.1462396386830042,0.1462396386830042,1.0,0.4472734744840829,0.4914873480814057,whole_blood:11:4,7
whole_blood,ENSG00000167985,ENSG00000162148,0.1923489570617675,-0.00137356742516,-0.00137356742516,1.0,-0.1974140704147265,0.3766801089234349,whole_blood:11:6,1
whole_blood,ENSG00000221968,ENSG00000167994,0.1034702062606811,0.003214655623472,0.003214655623472,1.0,0.1753152238368324,0.0871971782793925,whole_blood:11:6,2
whole_blood,ENSG00000173113,ENSG00000126432,0.1853580589993484,0.0025322529616122,0.0025375260383885,1.0,0.2340426157968372,0.576672478259461,whole_blood:11:6,1
whole_blood,ENSG00000162302,ENSG00000231680,0.2339294188968779,0.0058142129528289,0.0058142129528289,1.0,0.3904664017722433,0.7132638413216842,whole_blood:11:6,2
whole_blood,ENSG00000172932,ENSG00000172830,0.1731776854655464,-0.0008234541663556,-0.0008311114668126,1.0,0.5260774871410725,0.851936739654403,whole_blood:11:6,1
whole_blood,ENSG00000110717,ENSG00000110719,0.5291534705646193,0.0056184859492965,0.0056354703337304,1.0,0.2014412449645472,0.099472315814186,whole_blood:11:6,2
whole_blood,ENSG00000275022,ENSG00000255031,0.5149834439805048,0.0055357487678424,0.0055584572331876,1.0,0.2613750444811601,0.0522192979456383,whole_blood:11:6,2
whole_blood,ENSG00000151715,ENSG00000170322,0.2079744199439659,0.0186017827229419,0.0186020744002269,1.0,0.3087189903231157,-0.0644901722523893,whole_blood:11:12,4
whole_blood,ENSG00000118971,ENSG00000078237,0.9990363996458528,0.0109248226556616,0.0109248226556616,1.0,0.2802587496162272,-0.4446204618815943,whole_blood:12:0,3
whole_blood,ENSG00000010219,ENSG00000139180,0.4943639100141936,0.0194000846341876,0.0194345490513272,1.0,0.2973892714631894,0.4375419533811216,whole_blood:12:0,4
whole_blood,ENSG00000110799,ENSG00000010278,0.9801681250285056,0.013789311873329,0.013789311873329,1.0,0.2541230496367674,0.1668875151023757,whole_blood:12:0,4
whole_blood,ENSG00000139194,ENSG00000256967,0.9956277624506528,0.1475300386976682,0.1476149029096645,1.0,0.6609476442052356,0.7135467353719572,whole_blood:12:0,7
whole_blood,ENSG00000065970,ENSG00000171860,0.9887632354566732,0.1337595527309194,0.1337595527309194,1.0,0.4334304455770584,0.2266439186556,whole_blood:12:0,7
whole_blood,ENSG00000171860,ENSG00000089818,0.9986965837519436,0.1346178669740654,0.1346178669740654,1.0,0.6589675405681992,0.0212909910313119,whole_blood:12:0,7
whole_blood,ENSG00000225231,ENSG00000172322,0.2049225894373307,0.0570310768798094,0.0570310768798094,1.0,0.5002447296509706,0.2835047173884036,whole_blood:12:0,6
whole_blood,ENSG00000060982,ENSG00000118308,0.2180597173048326,0.0021286046909891,0.0021298503307101,1.0,0.0490328286699148,0.6188085022921022,whole_blood:12:2,1
whole_blood,ENSG00000275476,ENSG00000257176,0.9090815656117924,0.0926700542421202,0.0926700542421202,1.0,0.537742442690353,0.8034152071534781,whole_blood:12:2,6
whole_blood,ENSG00000135486,ENSG00000123405,1.0,-0.0126216851901684,-0.0126216851901684,1.0,-0.0787540715995672,-0.757901762741012,whole_blood:12:5,0
whole_blood,ENSG00000135441,ENSG00000135437,0.4928518509971802,0.0083117448392532,0.0083117448392532,1.0,0.2339609900651052,0.6919851294222533,whole_blood:12:5,3
whole_blood,ENSG00000135437,ENSG00000135404,0.5019893719643171,0.0148202419829957,0.0148202419829957,1.0,0.2623934492243192,0.6518643624298689,whole_blood:12:5,4
whole_blood,ENSG00000175782,ENSG00000135679,0.1050613690887658,0.0010227899492883,0.0010248425649451,1.0,0.3959547012485496,0.7334978167486396,whole_blood:12:6,1
whole_blood,ENSG00000091039,ENSG00000186908,0.99999737739563,0.0076167881956845,0.0076167881956845,1.0,0.3868800286257108,0.75263219700557,whole_blood:12:7,3
whole_blood,ENSG00000111199,ENSG00000139433,0.8700582520669755,0.0093758779124288,0.0093758779124288,1.0,0.2200139723973945,0.2827869403795475,whole_blood:12:10,3
whole_blood,ENSG00000135116,ENSG00000174989,0.1547865995966013,0.0139205654953842,0.0139914816803602,1.0,0.4573721578224721,0.4252055460432582,whole_blood:12:11,4
whole_blood,ENSG00000176871,ENSG00000176834,1.0,0.1038142222724163,0.1038142222724163,1.0,0.5725947810349653,0.5767594601026491,whole_blood:12:11,7
whole_blood,ENSG00000256581,ENSG00000151952,0.3811067397584367,0.010113391068227,0.0101256354020123,1.0,0.3835424479175099,0.7567847159113006,whole_blood:12:12,3
whole_blood,ENSG00000121742,ENSG00000165475,0.1213613918977927,-0.0013419898009526,-0.0013419898009526,1.0,-0.0183219879459411,0.1822432184725076,whole_blood:13:2,1
whole_blood,ENSG00000102763,ENSG00000102780,0.9999829530715942,0.0214685975724862,0.0214685975724862,1.0,0.6488704705116874,0.7768031245944784,whole_blood:13:4,4
whole_blood,ENSG00000139826,ENSG00000102524,0.1660763626983765,0.0007960677975135,0.0008024098070041,1.0,0.2875910830061728,0.6929415059526057,whole_blood:13:10,1
whole_blood,ENSG00000129566,ENSG00000092094,0.1885712853792043,0.0,0.0,0.0,0.2069013045529728,0.1582155634939601,whole_blood:14:2,1
whole_blood,ENSG00000258818,ENSG00000169413,0.5345711633492982,0.0102587312379545,0.0102833428791456,1.0,0.2690041757304015,0.7189872909625182,whole_blood:14:2,3
whole_blood,ENSG00000169397,ENSG00000136315,0.869286813450799,0.0584888050075066,0.0585850041651209,1.0,0.4493326306075006,0.1917332448659857,whole_blood:14:2,6
whole_blood,ENSG00000197930,ENSG00000100519,0.9999650716781616,0.0328947644846942,0.0328947644846942,1.0,0.2825104427112256,0.4901657700622517,whole_blood:14:5,5
whole_blood,ENSG00000100603,ENSG00000063761,0.1068024714678586,0.0055819588656879,0.0055819588656879,1.0,0.1456650877958105,-0.2549475364772432,whole_blood:14:7,2
whole_blood,ENSG00000165929,ENSG00000140092,0.319330230109216,0.0055910091811795,0.0056271099497472,1.0,0.0470307842398583,0.3856946805848472,whole_blood:14:9,2
whole_blood,ENSG00000258512,ENSG00000078304,0.1164444568697717,0.001918881438036,0.0019195127577586,1.0,0.2747052657749991,0.4248811793491284,whole_blood:14:10,1
whole_blood,ENSG00000270550,ENSG00000231475,0.2228829863481358,0.0065652451826218,0.0066790478041445,1.0,0.7650700695965502,0.886191972399749,whole_blood:14:10,2
whole_blood,ENSG00000104177,ENSG00000259488,0.1624056266796856,0.0366495487615891,0.0366495487615891,1.0,0.5384509206362682,0.4345071961843242,whole_blood:15:4,5
whole_blood,ENSG00000137845,ENSG00000128923,0.964294863595292,0.0037637463253464,0.0037637463253464,1.0,0.3247708790887325,0.821253883695154,whole_blood:15:5,2
whole_blood,ENSG00000067221,ENSG00000140464,0.3166395768115819,0.0048629350157197,0.0048746758544656,1.0,0.2851666916276348,-0.1607784162798805,whole_blood:15:7,2
whole_blood,ENSG00000178718,ENSG00000198794,0.1001440591758573,0.0012704751631117,0.0012704751631117,1.0,0.1940079296146308,0.2763816375076434,whole_blood:15:7,1
whole_blood,ENSG00000166825,ENSG00000157823,0.8475894008416738,0.0,0.0,0.0,0.3239169209615466,0.5491408195559732,whole_blood:15:8,1
whole_blood,ENSG00000010539,ENSG00000103313,0.1499213132527082,-0.0036456901057955,-0.0036458256247935,1.0,0.0681021547708344,0.637472675337074,whole_blood:16:0,1
whole_blood,ENSG00000183426,ENSG00000179889,0.5198014176108714,0.0071762155506822,0.0071762155506822,1.0,0.0776859812840518,0.4182120164441585,whole_blood:16:1,3
whole_blood,ENSG00000205746,ENSG00000254681,1.0,0.0460327037155556,0.0460327037155556,1.0,0.6745646812862706,0.7713897836559015,whole_blood:16:1,6
whole_blood,ENSG00000006007,ENSG00000103540,0.1764344778673248,0.0007266611733899,0.000736213042689,1.0,0.2393860951339327,0.3662424586249317,whole_blood:16:1,1
whole_blood,ENSG00000279106,ENSG00000259807,0.2371704528381997,0.0045846899743284,0.0046310165513435,1.0,0.3418628443345132,0.6255881921533001,whole_blood:16:2,2
whole_blood,ENSG00000270120,ENSG00000261644,0.1472505517235411,0.0049973821611659,0.005055345745767,1.0,0.2650969174650641,0.5868953564486272,whole_blood:16:5,2
whole_blood,ENSG00000261804,ENSG00000262714,0.7185708930483905,0.1067174096485269,0.106704081704976,1.0,0.7907919629042671,0.8678545204391411,whole_blood:16:5,7
whole_blood,ENSG00000262714,ENSG00000280027,0.4245554088619379,0.0465302457575684,0.0465302457575684,1.0,0.7328780546595006,0.8451005305873793,whole_blood:16:5,6
whole_blood,ENSG00000261656,ENSG00000166548,0.45720484479736,0.0251076933929589,0.0251076933929589,1.0,0.4719655289945728,0.6333385477874381,whole_blood:16:6,5
whole_blood,ENSG00000141096,ENSG00000167261,0.9992542267290184,0.013438721695833,0.013438721695833,1.0,0.4828752702248888,0.8740685436076202,whole_blood:16:6,4
whole_blood,ENSG00000140961,ENSG00000103154,0.245263747200326,0.0049969266158201,0.005027058938209,1.0,0.3441871260005557,0.5549403943138189,whole_blood:16:8,2
whole_blood,ENSG00000153786,ENSG00000135709,0.99999922513976,0.0123309767486667,0.0123309767486667,1.0,0.4600061235648316,0.8436234529918558,whole_blood:16:8,3
whole_blood,ENSG00000185669,ENSG00000158717,0.9656265501405344,0.0423843025138299,0.0423843025138299,1.0,0.4881587390752907,0.62154649303529,whole_blood:16:8,5
whole_blood,ENSG00000261172,ENSG00000277349,0.9860548377037048,0.0833760355429373,0.0833145875539844,1.0,0.6649187894386138,0.6737236764688667,whole_blood:16:9,6
whole_blood,ENSG00000185561,ENSG00000186594,0.8370037176010747,0.1062409691767973,0.1062409691767973,1.0,0.3079212394294441,0.3193160814115003,whole_blood:17:0,7
whole_blood,ENSG00000108405,ENSG00000074370,0.4837638735771179,0.0182629097708562,0.0182629097708562,1.0,0.2954595332318831,0.5262709113363753,whole_blood:17:0,4
whole_blood,ENSG00000181284,ENSG00000161958,0.4992312788963318,0.0054837836111713,0.0054837836111713,1.0,0.0316575968604769,0.375446378060659,whole_blood:17:0,2
whole_blood,ENSG00000270091,ENSG00000108599,0.3718963674389215,0.0082665312603845,0.0082665312603845,1.0,0.1555934132340337,0.4569408530104915,whole_blood:17:1,3
whole_blood,ENSG00000073536,ENSG00000141161,0.1362251149928361,0.0054469441154535,0.0054876618075527,1.0,0.1907016542912142,0.4532122840785291,whole_blood:17:3,2
whole_blood,ENSG00000267547,ENSG00000267648,0.8442902633055809,0.0387150789194783,0.0387150789194783,1.0,0.5460165844615219,0.8174222845679385,whole_blood:17:3,5
whole_blood,ENSG00000276085,ENSG00000276070,1.0,0.1445451740996556,0.1445451740996556,1.0,0.7501832476779695,0.8604784768205305,whole_blood:17:3,7
whole_blood,ENSG00000277791,ENSG00000276293,0.4817740571514406,-0.0023819972541231,-0.0023819972541231,1.0,-0.1003039357599984,0.3078548076513955,whole_blood:17:3,1
whole_blood,ENSG00000073605,ENSG00000172057,0.3662668379863163,0.0253358952714779,0.025349412492896,1.0,0.5139492380072324,0.6711196081676299,whole_blood:17:3,5
whole_blood,ENSG00000214401,ENSG00000228696,0.995742791893086,0.0,0.0,0.0,0.0410080773174574,-0.0427887954427912,whole_blood:17:4,1
whole_blood,ENSG00000176681,ENSG00000238083,0.4161180609360819,0.0001526847744743,0.0001521088087114,0.0015655564810424,0.6596004989483433,0.7079895402858475,whole_blood:17:4,1
whole_blood,ENSG00000271605,ENSG00000256525,1.0,0.0913082604176887,0.0913082604176887,1.0,0.4180849649757049,0.2721074400863518,whole_blood:17:6,6
whole_blood,ENSG00000284690,ENSG00000204345,0.9999374151304324,0.260867312487954,0.260867312487954,1.0,0.6768266352353675,0.6151946028210789,whole_blood:17:7,7
whole_blood,ENSG00000182534,ENSG00000070495,0.2665064435797184,0.0109769703870645,0.010995368634332,1.0,0.2537671117829007,0.286875548789706,whole_blood:17:7,3
whole_blood,ENSG00000226137,ENSG00000175866,0.9674245684216132,0.0206500053682658,0.0206590964525312,1.0,0.4703913317704614,-0.1088460822550008,whole_blood:17:8,4
whole_blood,ENSG00000262877,ENSG00000266074,0.9483422321291926,0.0253809873278663,0.0253809873278663,1.0,0.3630743159768032,0.4344933890701321,whole_blood:17:8,5
whole_blood,ENSG00000176845,ENSG00000274370,0.1183954731913736,0.0013278620106163,0.0013597534898506,1.0,0.3942788207645429,-0.0075352158364265,whole_blood:17:8,1
whole_blood,ENSG00000274370,ENSG00000261888,0.1078393256669301,0.0020588704636872,0.0020713272572273,1.0,0.5135709434141429,0.4266874629990235,whole_blood:17:8,1
whole_blood,ENSG00000255112,ENSG00000154889,0.1302796448636627,0.0012313644958258,0.0012320789329819,1.0,0.2730035530229657,0.685762615475562,whole_blood:18:1,1
whole_blood,ENSG00000154889,ENSG00000141401,0.1341966828680902,0.0012038955962798,0.0012045164117374,1.0,0.2300927192406184,0.7097753172660026,whole_blood:18:1,1
whole_blood,ENSG00000152223,ENSG00000152229,0.9599170765836362,0.0208214938420834,0.0208214938420834,1.0,0.5639066151100662,0.4707670903238468,whole_blood:18:4,4
whole_blood,ENSG00000180011,ENSG00000179981,0.1924760066352639,0.0057749376743284,0.0057780409167907,1.0,0.4040634872179112,0.1249347297159233,whole_blood:18:7,2
whole_blood,ENSG00000182087,ENSG00000064666,0.5000019073486328,0.0067255476293534,0.0067255476293534,1.0,-0.0394464841892271,-0.3113399879246657,whole_blood:19:0,2
whole_blood,ENSG00000064666,ENSG00000064687,0.5,0.0396081757396653,0.0396081757396653,1.0,0.2802962037966995,0.2132331185616176,whole_blood:19:0,5
whole_blood,ENSG00000011132,ENSG00000183617,0.2073298433119816,-0.0041637683020499,-0.0041815254442804,1.0,0.0510706410036585,0.3671118501005531,whole_blood:19:0,1
whole_blood,ENSG00000167676,ENSG00000214456,0.4999727012746007,0.004338030868952,0.004338030868952,1.0,0.6940092279828389,0.9131166825874688,whole_blood:19:0,2
whole_blood,ENSG00000214456,ENSG00000171236,0.9820422789031972,0.0025625600368219,0.0025625600368219,1.0,0.3293217497398082,0.863388483196133,whole_blood:19:0,1
whole_blood,ENSG00000125734,ENSG00000125733,0.1133213362542804,-0.0008211894212174,-0.000833619970115,1.0,0.2876071537083766,0.0344321604670069,whole_blood:19:0,1
whole_blood,ENSG00000130812,ENSG00000130810,0.1883675989149722,0.0016510271811836,0.0016552740674259,1.0,0.0332759010499217,0.6615713064155658,whole_blood:19:1,1
whole_blood,ENSG00000129354,ENSG00000129353,0.4886616360970777,0.0162549776150607,0.0162549776150607,1.0,0.2026995379011697,0.6168166352478133,whole_blood:19:1,4
whole_blood,ENSG00000183401,ENSG00000105520,0.9999985694885254,0.0112643740864967,0.0112643740864967,1.0,0.2399714240139008,0.6498626793670862,whole_blood:19:1,3
whole_blood,ENSG00000105520,ENSG00000173928,1.0,0.0133579848642834,0.0133579848642834,1.0,0.2436090308914031,0.5979978959755915,whole_blood:19:1,4
whole_blood,ENSG00000173928,ENSG00000187266,1.0,0.0186496556556408,0.0186496556556408,1.0,0.1162765019632132,-0.102896839307672,whole_blood:19:1,4
whole_blood,ENSG00000064547,ENSG00000089639,0.740866482257843,0.0056967961084024,0.0056967961084024,1.0,0.4730320832714956,0.8111299034951975,whole_blood:19:1,2
whole_blood,ENSG00000213988,ENSG00000256229,0.3625078171961462,0.0101081589434531,0.0101180111016798,1.0,0.4214360294268134,0.4494840971668369,whole_blood:19:2,3
whole_blood,ENSG00000256229,ENSG00000280079,0.3314511605755115,0.0077380975775178,0.0077631442836251,1.0,0.2256952320708533,0.022887636834978,whole_blood:19:2,3
whole_blood,ENSG00000196268,ENSG00000268119,0.4753328060203614,0.0551964108915275,0.0552253379895989,1.0,0.4505232270027178,0.2165145780386521,whole_blood:19:2,6
whole_blood,ENSG00000268119,ENSG00000268658,0.562352862913059,0.0890637321300622,0.0891004320007139,1.0,0.3840245448989389,0.3216726080506217,whole_blood:19:2,6
whole_blood,ENSG00000197013,ENSG00000268555,0.216359040077485,0.052255119947927,0.052255119947927,1.0,0.6835016564889771,0.2185817898989361,whole_blood:19:2,6
whole_blood,ENSG00000268555,ENSG00000268240,0.1725085801061965,0.0376285491950741,0.0376360859933644,1.0,0.5520271445167968,0.43203385772632,whole_blood:19:2,5
whole_blood,ENSG00000105711,ENSG00000105707,0.1356598458000135,0.0017240911052716,0.0017259185340836,1.0,0.3365932141958454,0.6892083148344379,whole_blood:19:3,1
whole_blood,ENSG00000269119,ENSG00000142025,0.1426313002836821,0.0106753188535149,0.0106759454243677,1.0,0.6042822134591994,0.6546616723459175,whole_blood:19:4,3
whole_blood,ENSG00000105507,ENSG00000105499,0.9995877146720886,0.066879645060817,0.066879645060817,1.0,0.2843699693291787,0.2612417921509495,whole_blood:19:4,6
whole_blood,ENSG00000269352,ENSG00000039650,0.1277361207414316,0.0012845298366096,0.0012863433627709,1.0,0.4106063737173073,0.7409952390626079,whole_blood:19:4,1
whole_blood,ENSG00000182310,ENSG00000105509,0.9999998211860656,0.1063304388165297,0.1062391798678564,1.0,0.4608456366299867,0.5042434826926048,whole_blood:19:5,7
whole_blood,ENSG00000189068,ENSG00000248385,0.383544905140468,0.0116396222284338,0.0116396222284338,1.0,0.3911333055688095,0.4422876616475943,whole_blood:19:5,3
whole_blood,ENSG00000248385,ENSG00000170909,0.394877860576031,0.0055943736975272,0.0055957580554635,1.0,0.2504228393674148,-0.1059211541595175,whole_blood:19:5,2
whole_blood,ENSG00000105609,ENSG00000131042,0.2975331618034715,0.0039150411762396,0.0039150411762396,1.0,0.3355241926147774,0.3874324271096425,whole_blood:19:5,2
whole_blood,ENSG00000234436,ENSG00000187116,0.1894268949245159,0.0018604378604665,0.0018629033875798,1.0,0.5411248730863109,0.7502110273936496,whole_blood:19:5,1
whole_blood,ENSG00000104974,ENSG00000104972,0.3092771962261551,0.0055296541601162,0.0057934042173157,1.0,0.5084700228917713,0.3929035946749012,whole_blood:19:5,2
whole_blood,ENSG00000242473,ENSG00000125498,0.252216786201874,0.0119847635687717,0.012050922635363,1.0,0.6624660153581896,0.8488931215557627,whole_blood:19:5,3
whole_blood,ENSG00000189430,ENSG00000167634,0.368057056563984,0.0137703036613051,0.0137959467718376,1.0,0.5544455760519362,0.517930263520806,whole_blood:19:5,4
whole_blood,ENSG00000160439,ENSG00000131037,0.9324872246544764,0.0326171653277201,0.0326171653277201,1.0,0.2897783267366858,0.5274045576808469,whole_blood:19:5,5
whole_blood,ENSG00000197016,ENSG00000197951,0.1303226210603938,0.0023724748026179,0.0024025390466078,1.0,0.1939376863962896,0.4627343731814838,whole_blood:19:5,1
whole_blood,ENSG00000197951,ENSG00000127903,0.1209119165343572,0.0020497287970371,0.0020718184739922,1.0,0.1584793444610008,0.5479330002087205,whole_blood:19:5,1
whole_blood,ENSG00000115750,ENSG00000269973,0.42084118227827,0.0208115044359562,0.020852322494503,1.0,0.2643922568196505,0.2528597422228343,whole_blood:2:0,4
whole_blood,ENSG00000084710,ENSG00000115138,1.0,0.0923059458057187,0.0923059458057187,1.0,0.2354521416355589,0.2006781037827586,whole_blood:2:2,6
whole_blood,ENSG00000225402,ENSG00000237803,0.5109788374437194,0.0268832275305862,0.0268930117808767,1.0,0.5674766591025869,0.8247997246162867,whole_blood:2:3,5
whole_blood,ENSG00000223935,ENSG00000119862,0.3948953000192183,0.0122389923215955,0.01225168898438,1.0,0.5901612222110111,0.8616164365441082,whole_blood:2:6,3
whole_blood,ENSG00000188687,ENSG00000204843,0.2062192810308971,-0.0025513990366412,-0.0025573761204286,1.0,-0.0511740361135584,-0.0472274657443872,whole_blood:2:7,1
whole_blood,ENSG00000246575,ENSG00000152291,0.5666247260719608,0.0038932625386787,0.0038932625386787,1.0,0.1021899133823436,0.626832930112234,whole_blood:2:8,2
whole_blood,ENSG00000286532,ENSG00000168906,0.3246599391118252,0.0071632483446606,0.0071632483446606,1.0,0.2504934288016845,0.3654906430930002,whole_blood:2:8,3
whole_blood,ENSG00000115523,ENSG00000168874,0.125900757084608,0.0089888915413928,0.0089888915413928,1.0,0.2895285558860094,-0.2364218445622032,whole_blood:2:8,3
whole_blood,ENSG00000169994,ENSG00000072163,0.3092593860036174,0.0133423033351121,0.0133423033351121,1.0,0.3009403931502157,0.1517967550606662,whole_blood:2:12,4
whole_blood,ENSG00000225062,ENSG00000018280,0.1708395495125572,0.0022249593660525,0.0022249593660525,1.0,0.4548287658107457,0.8558451247323001,whole_blood:2:21,1
whole_blood,ENSG00000132329,ENSG00000184182,0.1297101995445224,0.0020589616595226,0.0020858128725572,1.0,0.2201809319095216,0.1684368571952701,whole_blood:2:23,1
whole_blood,ENSG00000132622,ENSG00000101220,0.9999575018882751,-0.0365350474248118,-0.0365350474248118,1.0,0.1142350045692538,0.0001675269959615,whole_blood:20:0,0
whole_blood,ENSG00000125868,ENSG00000125844,0.2439277561817583,0.0028212054791517,0.0028253677291384,1.0,-0.0192043718543933,0.0289910272890731,whole_blood:20:1,2
whole_blood,ENSG00000089006,ENSG00000125871,0.2399641013064766,0.0066415635916087,0.0066415635916087,1.0,0.2092541625671058,0.0338406412322117,whole_blood:20:1,2
whole_blood,ENSG00000178726,ENSG00000279447,0.1228247772728146,0.0036324742765189,0.003639810991184,1.0,0.4314697049208165,0.3784011904478928,whole_blood:20:2,2
whole_blood,ENSG00000279447,ENSG00000125810,0.1426573590406121,0.0066377353104443,0.0066377353104443,1.0,0.6567508722428785,0.7780007668461163,whole_blood:20:2,2
whole_blood,ENSG00000274173,ENSG00000077984,0.9963141133144972,0.0212266416561344,0.0212269266843293,1.0,0.6629282726290838,0.735859162830525,whole_blood:20:2,4
whole_blood,ENSG00000125534,ENSG00000101213,0.2315414547920227,0.00757261971101,0.00757261971101,1.0,0.3348249381785966,0.1598367911493532,whole_blood:20:6,3
whole_blood,ENSG00000280071,ENSG00000275464,1.0,0.2439677874178469,0.2439677874178469,1.0,0.7459080588671865,0.4102600117904623,whole_blood:21:0,7
whole_blood,ENSG00000275464,ENSG00000280433,1.0,0.1036428103477019,0.1036428103477019,1.0,0.51722607538103,0.2097834721677881,whole_blood:21:0,7
whole_blood,ENSG00000223799,ENSG00000243646,0.9664695262908936,-0.0048850262114501,-0.0048850262114501,1.0,0.1940509640480434,0.8387868935299972,whole_blood:21:3,0
whole_blood,ENSG00000205622,ENSG00000235888,0.9043964476308304,0.0141502183473052,0.0141502183473052,1.0,0.4657445726188322,0.555293609774309,whole_blood:21:3,4
whole_blood,ENSG00000160299,ENSG00000160305,0.4302409682638881,0.0129001268415715,0.0129001268415715,1.0,0.3251959016087591,0.6118417412905517,whole_blood:21:4,4
whole_blood,ENSG00000160307,ENSG00000160310,0.6245594713824012,0.0566991871470011,0.0567049436477386,1.0,0.4902496830127687,0.0304391053732264,whole_blood:21:4,6
whole_blood,ENSG00000211669,ENSG00000211670,1.0,0.094377732410475,0.094377732410475,1.0,0.6530084688481107,0.8072732882595289,whole_blood:22:2,6
whole_blood,ENSG00000211670,ENSG00000278196,1.0,0.0528174515700773,0.0528174515700773,1.0,0.6113578560905903,0.7885680580133579,whole_blood:22:2,6
whole_blood,ENSG00000272733,ENSG00000189269,0.9987481480272464,0.2558645894756371,0.2558645894756371,0.970562086865789,0.5791529174434893,0.5821768163129939,whole_blood:22:2,7
whole_blood,ENSG00000218537,ENSG00000273295,0.47829624322803,0.2247725793271962,0.2247725793271962,1.0,0.7383606737247077,0.5616203145282365,whole_blood:22:2,7
whole_blood,ENSG00000178026,ENSG00000100031,1.0,0.0307553016610315,0.0307553016610315,1.0,0.6125096235055456,0.6149814335953521,whole_blood:22:2,5
whole_blood,ENSG00000100083,ENSG00000100092,1.0,0.0572377773087076,0.0572377773087076,1.0,0.4452890778684381,0.6974571126474959,whole_blood:22:3,6
whole_blood,ENSG00000183741,ENSG00000128383,1.0,0.0395502493945896,0.0395502493945896,1.0,0.2815950583850749,0.5206849118744367,whole_blood:22:3,5
whole_blood,ENSG00000167077,ENSG00000100147,0.2988727084278082,0.0044779336960616,0.0044779336960616,1.0,0.3527499901897809,0.2626662767745366,whole_blood:22:4,2
whole_blood,ENSG00000226328,ENSG00000093000,0.2154976188229653,0.0066047545806771,0.0066047545806771,1.0,0.5074263175375265,0.465466875730753,whole_blood:22:4,2
whole_blood,ENSG00000186448,ENSG00000169981,0.8899257606863067,0.0360316167238966,0.0360316167238966,1.0,0.3310286213009152,0.484302541087184,whole_blood:3:4,5
whole_blood,ENSG00000196653,ENSG00000186446,0.9700298609896408,0.0616856834839642,0.0616856834839642,1.0,0.1983845617809046,0.5233418500403964,whole_blood:3:4,6
whole_blood,ENSG00000163421,ENSG00000287131,0.9826188683509828,0.0105288570790785,0.0105288570790785,1.0,0.6162142502678416,0.766970434772774,whole_blood:3:7,3
whole_blood,ENSG00000180834,ENSG00000175193,0.2135357290089459,0.0036184761397012,0.0036117886129857,1.0,0.3222286598200995,0.5923329633467974,whole_blood:3:18,2
whole_blood,ENSG00000182580,ENSG00000177383,0.459186512065159,0.0122873823652082,0.0123499637595759,1.0,0.3018902040693783,0.4035996517183485,whole_blood:3:18,3
whole_blood,ENSG00000169026,ENSG00000185619,0.1323117482599016,0.0060308276062413,0.0060354757320166,1.0,0.2451756461134797,0.036152551248345,whole_blood:4:0,2
whole_blood,ENSG00000109736,ENSG00000249673,0.1274522498624719,0.0008755073511805,0.0008727152969589,1.0,0.1979169442977932,0.4603084859280373,whole_blood:4:0,1
whole_blood,ENSG00000163993,ENSG00000178988,0.9999444484710692,0.0276931241970538,0.0276931241970538,1.0,0.2986256772441233,0.1446595345962409,whole_blood:4:0,5
whole_blood,ENSG00000173085,ENSG00000173083,0.999999046325911,0.0180391504160517,0.0180391504160517,1.0,0.472385163247322,0.6723498922740938,whole_blood:4:8,4
whole_blood,ENSG00000170509,ENSG00000198189,0.9987993836402892,-0.0105025979000249,-0.0105025979000249,1.0,0.0601708265200081,0.6574281789458848,whole_blood:4:8,0
whole_blood,ENSG00000118777,ENSG00000163644,0.3444502592339233,0.0021036902331467,0.0021155002839842,1.0,0.0434233383683756,0.0858336987522058,whole_blood:4:8,1
whole_blood,ENSG00000225940,ENSG00000095015,0.9665535688400269,-0.0061702017518452,-0.0061702017518452,1.0,0.0421391530274195,0.3857908708536023,whole_blood:5:5,0
whole_blood,ENSG00000113240,ENSG00000169131,0.1311686857434111,0.0068234948068093,0.0068234948068093,1.0,0.6082747109967831,0.8789558852422648,whole_blood:5:17,3
whole_blood,ENSG00000214113,ENSG00000145982,1.0,0.0148617953013563,0.0148617953013563,1.0,0.2502916648213732,0.7430657976019885,whole_blood:6:0,4
whole_blood,ENSG00000218073,ENSG00000217078,0.8675331460116915,0.0335079872827119,0.0335179028335803,1.0,0.508934990272613,0.7061447637827067,whole_blood:6:1,5
whole_blood,ENSG00000137364,ENSG00000165097,0.1699562783220543,0.0026856544317205,0.0026948004037793,1.0,0.1840858805422537,0.2365709061043811,whole_blood:6:1,2
whole_blood,ENSG00000204338,ENSG00000224389,0.1085440420980816,-0.0137686721049875,-0.0137736008971791,1.0,-0.1173716175066622,-0.0026528307530132,whole_blood:6:3,0
whole_blood,ENSG00000204305,ENSG00000204304,0.9997925256392436,-0.0064868988838312,-0.0064868988838312,1.0,0.2119136466275821,0.6449286952941237,whole_blood:6:3,0
whole_blood,ENSG00000241106,ENSG00000204267,0.5,-0.0321540083304628,-0.0321540083304628,1.0,-0.081972246084692,0.2365264504069633,whole_blood:6:3,0
whole_blood,ENSG00000231925,ENSG00000236104,0.1171849376559457,0.0007293916786986,0.000751411173926,1.0,0.1858953759066082,0.5951075446329944,whole_blood:6:3,1
whole_blood,ENSG00000118432,ENSG00000234426,0.1997756365597567,0.0832027446516942,0.0831671092945234,1.0,0.7759976751548064,0.7943334973802078,whole_blood:6:8,6
whole_blood,ENSG00000078269,ENSG00000122335,0.1173195626836687,0.0041520163945995,0.0041520163945995,1.0,0.2565241791557391,-0.0857951729248994,whole_blood:6:15,2
whole_blood,ENSG00000228668,ENSG00000211697,0.2024634536672351,0.0574815875598182,0.057534308515652,1.0,0.5474277672486308,0.6467250932575901,whole_blood:7:3,6
whole_blood,ENSG00000211697,ENSG00000211698,0.2871067932552407,0.0678489017634955,0.0678984766246405,1.0,0.6016790411048051,0.6843111559630081,whole_blood:7:3,6
whole_blood,ENSG00000211699,ENSG00000233306,0.1550497148986096,-0.0058480908244752,-0.005847091958666,1.0,0.2099288546271714,0.6719639378489594,whole_blood:7:3,0
whole_blood,ENSG00000164776,ENSG00000106153,0.2815598683957105,0.0118516487799509,0.0118877188155365,1.0,0.1750088865779198,-0.1305725165675369,whole_blood:7:5,3
whole_blood,ENSG00000271550,ENSG00000197008,0.9942379098318668,0.0189725725982905,0.0189725725982905,1.0,0.4796792266879373,0.2468473985809481,whole_blood:7:6,4
whole_blood,ENSG00000106683,ENSG00000106682,0.1290520504261216,0.0036696258347023,0.0036863279568307,1.0,0.2783220241734827,0.5233915854961363,whole_blood:7:7,2
whole_blood,ENSG00000263001,ENSG00000158517,0.2243764388925413,0.0030630556719781,0.0030630556719781,1.0,0.1749743422703086,-0.1485522029250509,whole_blood:7:7,2
whole_blood,ENSG00000170027,ENSG00000146700,0.2253248805116179,0.0029195885899523,0.0029205341253073,1.0,0.1701069346616343,0.2017167439346672,whole_blood:7:7,2
whole_blood,ENSG00000157240,ENSG00000243144,1.0,0.045296544209447,0.0453059067327785,1.0,0.430589681725913,0.2865677346086835,whole_blood:7:9,6
whole_blood,ENSG00000170667,ENSG00000284981,0.1588989276704495,-0.0071700150634245,-0.0071700150634245,1.0,0.2955513605545163,0.3533065908111287,whole_blood:7:10,0
whole_blood,ENSG00000284981,ENSG00000285437,0.97955542296231,0.0417072251189542,0.0417072251189542,1.0,0.4883474205086359,0.4796877788421764,whole_blood:7:10,5
whole_blood,ENSG00000286830,ENSG00000222011,0.9075362086296082,0.0938734867271987,0.0938734867271987,1.0,0.4129126523789047,0.3940874065060125,whole_blood:7:10,6
whole_blood,ENSG00000243302,ENSG00000230715,0.5341773795021396,0.0197709237788666,0.0198006996459224,1.0,0.8206563001230842,0.9365952688905016,whole_blood:7:12,4
whole_blood,ENSG00000230715,ENSG00000229413,0.7870496268087166,0.0445817572564259,0.044583536413746,1.0,0.8204147619921497,0.9486868301660056,whole_blood:7:12,5
whole_blood,ENSG00000243679,ENSG00000281490,0.691678594431508,0.0287567533871618,0.0287593842719171,1.0,0.0914450880685238,-0.2495368095343592,whole_blood:7:12,5
whole_blood,ENSG00000105939,ENSG00000105948,0.3693044902609053,0.0165340501270543,0.016527145251751,1.0,0.5336532823235893,0.3476659074391273,whole_blood:7:13,4
whole_blood,ENSG00000105948,ENSG00000157741,0.2010364080172664,0.0040595084426416,0.0040528346180283,1.0,0.259434863261707,0.5784476252254692,whole_blood:7:13,2
whole_blood,ENSG00000211734,ENSG00000211706,0.1432674033460408,0.0018750057260313,0.0019469752126474,1.0,0.4128589806571512,0.8331888810364462,whole_blood:7:14,1
whole_blood,ENSG00000211706,ENSG00000211745,0.1798240542411804,-0.0078983394303009,-0.0078983394303009,1.0,0.0514784097457318,0.6284747330405788,whole_blood:7:14,0
whole_blood,ENSG00000127412,ENSG00000165131,0.4999281167984009,0.0088990743519246,0.0088990743519246,1.0,0.334449532240313,0.8000576772437636,whole_blood:7:14,3
whole_blood,ENSG00000159784,ENSG00000232533,0.9951556264037862,-0.0104140515839817,-0.0104140515839817,1.0,0.1031607662796215,0.4666063762950824,whole_blood:7:14,0
whole_blood,ENSG00000232533,ENSG00000159840,0.9606350064277648,0.0111116196340498,0.0111116196340498,1.0,0.2614611869709587,0.6582717859296051,whole_blood:7:14,3
whole_blood,ENSG00000002933,ENSG00000002726,0.1243384500121465,0.0560198419112575,0.0560198419112575,1.0,0.6852751045179986,0.6456647084245641,whole_blood:7:15,6
whole_blood,ENSG00000233038,ENSG00000272839,0.9978365903289728,0.0131750605448715,0.0131750605448715,1.0,0.4217814445394636,0.7876373475672276,whole_blood:7:15,4
whole_blood,ENSG00000269918,ENSG00000255310,0.9000913462088675,0.029574444794793,0.029574444794793,1.0,0.3377359481544684,0.5486369443779634,whole_blood:8:1,5
whole_blood,ENSG00000154319,ENSG00000136573,0.1677011251449585,-0.0129817540854597,-0.0129817540854597,1.0,0.1422599854523986,0.3207397687412843,whole_blood:8:1,0
whole_blood,ENSG00000279858,ENSG00000147408,0.135608807695597,0.0100848370664596,0.0101024539927691,1.0,0.6369490670953919,0.6865087259257671,whole_blood:8:1,3
whole_blood,ENSG00000168546,ENSG00000147443,0.2040281420915235,0.0035031128341055,0.0035243918664667,1.0,0.1921050977509233,0.4785665016194894,whole_blood:8:2,2
whole_blood,ENSG00000158863,ENSG00000275074,0.1439060434400225,0.0018020606440214,0.0018020606440214,1.0,0.1856712067091328,-0.1751600297201533,whole_blood:8:2,1
whole_blood,ENSG00000197353,ENSG00000180155,0.4633259962378844,0.0127816638468858,0.0127816638468858,1.0,0.5251281437476908,0.7114727577871092,whole_blood:8:14,4
whole_blood,ENSG00000014164,ENSG00000287576,0.2064061419661733,0.0399881209208807,0.0398878508546954,1.0,0.7492531910473148,0.7334739648073181,whole_blood:8:14,5
whole_blood,ENSG00000179632,ENSG00000179698,0.2594865269581738,0.0138824779153878,0.0138855719974446,1.0,0.2234500289571318,0.0737970368766304,whole_blood:8:14,4
whole_blood,ENSG00000107020,ENSG00000120217,0.99675816587294,0.0092915195643847,0.0092915195643847,1.0,0.4129806235811334,0.6458391418050546,whole_blood:9:0,3
whole_blood,ENSG00000070610,ENSG00000107185,0.2629354581382763,-0.0066768708452531,-0.0066950941330682,1.0,0.2946588560906326,0.6318210025998598,whole_blood:9:3,0
whole_blood,ENSG00000154330,ENSG00000181778,1.0,0.1127062229488971,0.1127062229488971,1.0,0.2942656592812076,0.3454048166764439,whole_blood:9:6,7
whole_blood,ENSG00000181778,ENSG00000226337,1.0,0.0467672648977645,0.0467672648977645,1.0,0.3104442740216456,0.7139166169663841,whole_blood:9:6,6
whole_blood,ENSG00000106785,ENSG00000106789,1.0,0.0762282910692714,0.0765017579060766,0.9700009414729568,0.4369741397912812,0.3799329122779042,whole_blood:9:9,6
whole_blood,ENSG00000259953,ENSG00000106868,0.9061058534759496,0.0491037732358148,0.0491037732358148,1.0,0.5799962710173177,0.6831280787725459,whole_blood:9:11,6
whole_blood,ENSG00000229314,ENSG00000228278,0.9964199662208556,0.0443278609540053,0.0443278609540053,1.0,0.7396936449927937,0.8205350709224141,whole_blood:9:11,5
whole_blood,ENSG00000136869,ENSG00000284977,0.3025588297698967,0.0071516994604163,0.007169578626664,1.0,0.3736270376400004,0.8712993829629192,whole_blood:9:11,3
whole_blood,ENSG00000196152,ENSG00000197958,0.114540786973535,-0.0041745103286804,-0.0041759311220728,1.0,-0.1971968868952908,-0.5023851415067637,whole_blood:9:12,1
whole_blood,ENSG00000225756,ENSG00000123453,0.999679870174532,0.0405949010418466,0.0405949010418466,0.9534027737355384,0.4624043735698187,0.7161298806911555,whole_blood:9:13,5
whole_blood,ENSG00000054179,ENSG00000186193,0.2305000337651819,0.0252120913800818,0.0252120913800818,1.0,0.2659185929053612,-0.0305883407444273,whole_blood:9:13,5
whole_blood,ENSG00000186193,ENSG00000197355,0.999998152256012,0.2508156771715721,0.2508156771715721,1.0,0.6557109411297732,0.4306108911498958,whole_blood:9:13,7
whole_blood,ENSG00000012211,ENSG00000102003,0.4989130216594972,0.0152504682395074,0.0152504682395074,1.0,0.227806657138591,-0.1306175764999855,whole_blood:X:4,4
whole_blood,ENSG00000184634,ENSG00000196338,0.4440072961789951,0.0038847306264581,0.0038870366041151,1.0,0.252588920289604,0.455835561321116,whole_blood:X:7,2
whole_blood,ENSG00000228492,ENSG00000271533,0.246032060128801,0.0013701576462187,0.0013737182353412,1.0,0.155751667112105,0.4505762155388998,whole_blood:X:7,1
whole_blood,ENSG00000129682,ENSG00000101977,0.1143355803286105,0.0022556587285102,0.0022412106004557,1.0,0.1613268031684582,0.2408530813015113,whole_blood:X:13,1
testis,ENSG00000269981,ENSG00000241860,0.6883837741055565,0.0534377929526181,0.0535470103337238,1.0,0.3190959450523832,0.1646955661051467,testis:1:0,6
testis,ENSG00000215915,ENSG00000160072,0.1428255353805525,0.0115457386078845,0.0115457386078845,1.0,0.2783481015680486,0.5750097161171008,testis:1:0,3
testis,ENSG00000008128,ENSG00000227775,1.0,0.161885386940467,0.161885386940467,1.0,0.4250752257008056,0.458273473879294,testis:1:0,7
testis,ENSG00000228549,ENSG00000238142,0.8382378979736202,0.0628993647830448,0.0628993647830448,1.0,0.455841100911997,0.3087054220443078,testis:1:1,6
testis,ENSG00000211454,ENSG00000162482,0.5000000596046448,0.0372923661529031,0.0372923661529031,1.0,0.4671764954344247,0.7657701563811067,testis:1:1,5
testis,ENSG00000261349,ENSG00000187010,0.9359119242050582,0.5104511749393829,0.5104511749393829,1.0,0.6855635465726226,0.6634824345500198,testis:1:2,7
testis,ENSG00000187010,ENSG00000183726,0.8625837706218888,-0.0605327211427035,-0.0605515222193833,1.0,-0.3083325347195224,-0.0154849179338183,testis:1:2,0
testis,ENSG00000236782,ENSG00000142675,0.3343790668662372,0.0302546556927505,0.0304025909332465,1.0,0.2885659563713573,0.4421761413819785,testis:1:2,5
testis,ENSG00000189280,ENSG00000189433,0.118881733656238,0.0120286636049999,0.0120286636049999,1.0,0.5239876424285791,0.7574018443313715,testis:1:3,3
testis,ENSG00000233621,ENSG00000163874,0.3381704029463854,0.0229780633385981,0.0229780633385981,1.0,0.4947892285349163,0.7127368284435378,testis:1:3,4
testis,ENSG00000081870,ENSG00000116212,0.1175872695337929,0.0016899007692755,0.001659021882525,1.0,0.172563151003777,0.4883608089212076,testis:1:5,1
testis,ENSG00000272864,ENSG00000116791,0.2314294268861516,0.0,0.0,0.0,0.232489605359126,0.5975022959177303,testis:1:7,1
testis,ENSG00000143028,ENSG00000162650,0.1083543033740994,0.0333488116846833,0.0333488125733761,1.0,0.7203747473000403,0.6827441492480455,testis:1:10,5
testis,ENSG00000168679,ENSG00000134248,0.4979409083696637,0.0336701802350235,0.0336823578616652,1.0,0.1551586398318261,0.4276826542522549,testis:1:11,5
testis,ENSG00000232721,ENSG00000273213,0.9902752041816713,0.0647715923916095,0.0647715923916095,1.0,0.4112437660083213,0.3540971680494297,testis:1:14,6
testis,ENSG00000266338,ENSG00000196369,0.4419317314497917,0.0090732324536393,0.0092082162034282,1.0,0.2208330264320044,0.5131427343342325,testis:1:14,3
testis,ENSG00000269713,ENSG00000274265,0.7565846788849022,0.161165371434392,0.1612403751894554,1.0,0.56504236176236,0.3057177894974013,testis:1:14,7
testis,ENSG00000286219,ENSG00000271383,0.960099458694458,0.0997853145867312,0.0997853145867312,1.0,0.62732794845779,0.5606411108133432,testis:1:14,7
testis,ENSG00000178796,ENSG00000269621,0.5,-0.026229133284205,-0.026229133284205,1.0,-0.066965314584943,0.5748588464863766,testis:1:15,0
testis,ENSG00000197915,ENSG00000143631,0.1672030711237369,-0.0299785399045583,-0.0299785399045583,1.0,-0.2191682119242766,0.008424472884869,testis:1:15,0
testis,ENSG00000159516,ENSG00000229699,0.4747080566652357,-0.0563403543864767,-0.0563403543864767,1.0,-0.0112541036473769,0.2649580390951832,testis:1:15,0
testis,ENSG00000143320,ENSG00000223356,0.5992642085960824,0.0418007205811986,0.0419653612459623,1.0,0.4032585849351541,0.5699197639085672,testis:1:15,5
testis,ENSG00000243062,ENSG00000143340,0.1830080194957872,-0.0211997748574055,-0.021199773622386,1.0,-0.4192029334594911,0.5645309685595485,testis:1:17,0
testis,ENSG00000179930,ENSG00000224810,0.3270221859643669,0.0285568010344164,0.0285568010344164,1.0,0.3887833320305931,0.4789505627998675,testis:1:18,5
testis,ENSG00000232237,ENSG00000116857,0.2989361111793052,0.0,0.0,0.0,-0.0104012434175571,0.242583641552469,testis:1:20,1
testis,ENSG00000260855,ENSG00000227953,0.9687542784873812,0.0721893796389775,0.0721647209759033,1.0,0.7066767936171634,0.4386014860616476,testis:1:24,6
testis,ENSG00000188295,ENSG00000286747,0.9849038124084472,0.1183245158417439,0.1183245158417439,1.0,0.4094930738662797,0.456252593504083,testis:1:24,7
testis,ENSG00000286747,ENSG00000221953,0.1242177429703303,0.0104542717230482,0.0104542717230482,1.0,0.5017741155376345,0.6392862642310946,testis:1:24,3
testis,ENSG00000187134,ENSG00000151632,0.3844250860502001,-0.0465563077239173,-0.0465664864455306,1.0,0.1662777591963874,0.6001625347555494,testis:10:0,0
testis,ENSG00000237943,ENSG00000225948,0.1956206488580392,-0.0351297596553094,-0.0351297596553094,1.0,-0.2766601278125877,0.1896344189268491,testis:10:0,0
testis,ENSG00000268584,ENSG00000272791,0.1501659222095952,-0.0049454964795674,-0.0049454963411769,1.0,0.0450875913010057,0.3999035859571819,testis:10:7,0
testis,ENSG00000234043,ENSG00000286981,0.1248865639278591,0.0070367771866684,0.0070663724653792,1.0,0.3096785693869322,0.1792311771041825,testis:10:9,3
testis,ENSG00000280660,ENSG00000280485,0.949105945203403,0.097659851843356,0.097659851843356,1.0,0.4057292957125076,0.6351098731476863,testis:10:9,7
testis,ENSG00000287609,ENSG00000235180,0.1496546777513856,0.0050322590987467,0.005063341123166,1.0,0.5509720195505821,0.8264561281430255,testis:10:12,2
testis,ENSG00000232259,ENSG00000227076,0.4059317796431188,0.0223274515705563,0.0223922509652384,1.0,0.4477723399295824,0.769969056795174,testis:10:12,4
testis,ENSG00000142089,ENSG00000270972,0.1053468791147693,0.0060629890043402,0.006196257193488,1.0,0.224479177369104,0.4240837274185869,testis:11:0,2
testis,ENSG00000182272,ENSG00000184363,0.3451569968610783,0.0394125888720467,0.0394125888720467,1.0,0.3915002197433002,0.5519358467600314,testis:11:0,5
testis,ENSG00000110315,ENSG00000177112,0.5171072483062744,-0.0217581729015452,-0.0217581729015452,1.0,-0.1172021347633145,0.661603666512467,testis:11:1,0
testis,ENSG00000006611,ENSG00000188162,0.4696550904041174,0.0150363712315301,0.0150363712315301,1.0,0.3044593645994302,0.0959688652088044,testis:11:1,4
testis,ENSG00000286382,ENSG00000165970,0.9999997615814208,0.11552182781408,0.11552182781408,1.0,0.3908018127321202,0.5444978693891884,testis:11:2,7
testis,ENSG00000255388,ENSG00000255171,1.0,0.0906758369619902,0.0906758369619902,1.0,0.5957929920281885,0.8606172449541036,testis:11:4,6
testis,ENSG00000110455,ENSG00000151348,0.9896942377090454,0.0399019486208439,0.0399019486208439,1.0,0.222231732886414,0.3862893805027371,testis:11:4,5
testis,ENSG00000149150,ENSG00000134809,0.1515579576287109,0.0124696719658731,0.0124696719658731,1.0,0.2081344242650287,-0.094112986082461,testis:11:5,3
testis,ENSG00000166930,ENSG00000156738,0.1145977196654186,-0.0119548001181804,-0.0119485324392388,1.0,-0.102015938957417,0.2658432769769184,testis:11:6,0
testis,ENSG00000167799,ENSG00000167800,0.999867618083954,0.2830544870673124,0.2830544870673124,1.0,0.454254248329762,0.4474253383969351,testis:11:6,7
testis,ENSG00000282916,ENSG00000254874,0.3816868475958088,0.0266793588382901,0.0266793588382901,1.0,0.3087681625096457,0.6960996353491582,testis:11:9,5
testis,ENSG00000254874,ENSG00000134640,0.3316706119050359,0.0217009013721328,0.0218219699695583,1.0,0.347381799127498,0.6169002120035715,testis:11:9,4
testis,ENSG00000255679,ENSG00000256684,0.49982908514027,0.0866449878065297,0.0866449845731239,0.5037668709576926,0.6925068685810849,0.6369098378458627,testis:11:9,6
testis,ENSG00000287846,ENSG00000254580,1.0,0.142120140867029,0.142120140867029,1.0,0.5850739672871624,0.7916440013676019,testis:11:10,7
testis,ENSG00000270179,ENSG00000170209,0.1601600834138707,0.0177545417854962,0.0177656476051435,1.0,0.2920670651690022,0.3870077331008915,testis:11:11,4
testis,ENSG00000110367,ENSG00000278376,0.1059909567824846,-0.0034457626985842,-0.0034710176482263,1.0,0.0629424933848477,0.0465564749102943,testis:11:11,1
testis,ENSG00000118181,ENSG00000196655,0.1572711680208591,-0.0027277885170992,-0.0027277885170992,1.0,0.0605021651409913,0.2728539279966036,testis:11:11,1
testis,ENSG00000149548,ENSG00000134955,1.0,0.3950645451334557,0.3950645451334557,1.0,0.6455439382862882,0.4587090817724392,testis:11:12,7
testis,ENSG00000175773,ENSG00000134917,0.8702020427168691,-0.0487918596536647,-0.0487918596536647,1.0,-0.1651166905043108,0.2542519976480668,testis:11:13,0
testis,ENSG00000256706,ENSG00000235049,1.0,0.1598488502649184,0.1598488502649184,1.0,0.5633883861815164,0.6544918845431805,testis:12:0,7
testis,ENSG00000171847,ENSG00000215241,0.2166301267330936,0.0209825281077726,0.0209645913725175,1.0,0.348126086303312,0.2300687631901773,testis:12:0,4
testis,ENSG00000275476,ENSG00000257176,0.8886300393160766,0.2803269639173425,0.2803269639173425,1.0,0.6607676436653106,0.7514175480494835,testis:12:2,7
testis,ENSG00000177359,ENSG00000243517,1.0,0.1701664010722277,0.1701664010722277,1.0,0.4043123284033758,0.5367366285675879,testis:12:3,7
testis,ENSG00000139219,ENSG00000258203,0.3303940402104324,0.0110585474968305,0.0111087193300324,1.0,0.5454841564164279,0.8249769175614005,testis:12:4,3
testis,ENSG00000186897,ENSG00000178401,1.0,0.1203294804035279,0.1203294804035279,1.0,0.6107073434275123,0.7421649135274151,testis:12:4,7
testis,ENSG00000161798,ENSG00000086159,0.4646834559667852,-0.0058329259031381,-0.0058363739650312,1.0,-0.234522832203046,0.4687583183797711,testis:12:4,0
testis,ENSG00000110934,ENSG00000139610,0.2171571031007317,-0.006784933692482,-0.0068871309156675,0.997578388841824,0.0669457268300597,-0.0995665310945196,testis:12:5,0
testis,ENSG00000135441,ENSG00000135437,0.915215035949263,0.0454682348011251,0.0454682348011251,1.0,0.1729489354586897,0.6159954723563058,testis:12:5,6
testis,ENSG00000247131,ENSG00000127328,0.723813909835954,0.0428858331068855,0.0428858331068855,1.0,0.5330072322777377,0.8433456916806282,testis:12:6,5
testis,ENSG00000127328,ENSG00000166268,0.2131410520882539,-0.0141451068888668,-0.0141451068888668,1.0,0.0162612340207308,0.4140072356134238,testis:12:6,0
testis,ENSG00000288102,ENSG00000257787,0.1957915570540933,0.0089140215410511,0.0089200174563314,1.0,0.5259218668453849,0.7485339516788945,testis:12:9,3
testis,ENSG00000278973,ENSG00000280444,0.9997215916507683,0.2053919180846488,0.2053919180846488,1.0,0.6081643506731127,0.6678665525630386,testis:12:12,7
testis,ENSG00000287112,ENSG00000286922,0.5986521453918527,0.1395782600305982,0.1395782600305982,1.0,0.445830581411981,0.5997661901653082,testis:12:12,7
testis,ENSG00000280002,ENSG00000256151,0.1096341143385757,0.0071288527430314,0.0071744805833522,1.0,0.5940178671009622,0.7501876359068358,testis:12:13,3
testis,ENSG00000249926,ENSG00000243499,0.4798123913693572,0.0,0.0,0.0,0.331786836895267,0.6983855596465227,testis:12:13,1
testis,ENSG00000277186,ENSG00000204583,1.0,0.2818843794735901,0.2818843794735901,1.0,0.6857609036386906,0.7100077136588896,testis:12:13,7
testis,ENSG00000262198,ENSG00000283075,0.9922684518622198,0.0411552286643083,0.0411552286643083,1.0,0.4807053857084199,0.6546147365485755,testis:13:2,5
testis,ENSG00000183463,ENSG00000242360,0.1712175048114872,0.0153302687639254,0.0154556137274926,1.0,0.5349354370590537,0.775346960503406,testis:13:2,4
testis,ENSG00000287018,ENSG00000178695,0.1863020040706118,0.0101673392714666,0.0102124909531917,1.0,0.161382778618471,0.017109194760773,testis:13:7,3
testis,ENSG00000233532,ENSG00000125266,0.3216031588115768,0.0519715664198211,0.0519715664198211,1.0,0.3621406860292758,0.3852744680571809,testis:13:10,6
testis,ENSG00000259144,ENSG00000181562,0.1390577215578829,0.0105440445589274,0.0105872665256164,1.0,0.7270901510676181,0.808500048398906,testis:14:2,3
testis,ENSG00000206150,ENSG00000165799,0.9790937359714036,-0.0605501321529432,-0.0605501321529432,1.0,-0.0575957907310915,0.3497734716345811,testis:14:2,0
testis,ENSG00000092295,ENSG00000100949,0.4854668456049538,-0.0198788172397711,-0.0198788172397711,1.0,-0.1878549272057743,0.5401742583012787,testis:14:2,0
testis,ENSG00000119599,ENSG00000259015,0.9826397872541044,0.3068558196799917,0.3068558196799917,1.0,0.67985644918087,0.426116411027549,testis:14:7,7
testis,ENSG00000253755,ENSG00000213140,0.1997524455538766,0.0072739636033593,0.0072935767547537,1.0,0.6221761796546843,0.8535779738744219,testis:14:10,3
testis,ENSG00000287122,ENSG00000258654,0.589250651220425,0.0201488683448799,0.0201488683448799,1.0,0.1764467805006166,0.4287536365653855,testis:15:2,4
testis,ENSG00000258712,ENSG00000278522,0.3350593020476964,0.0220633322456858,0.0220633322456858,1.0,0.7218922471023309,0.7940981892203184,testis:15:2,4
testis,ENSG00000259324,ENSG00000285491,0.9856030747768684,0.0804582636946124,0.0804582636946124,1.0,0.2253550835645817,0.2937509619963628,testis:15:2,6
testis,ENSG00000279408,ENSG00000284500,0.9890029430389404,-0.0948774376233203,-0.0948774376233203,1.0,-0.1033826520289821,0.3296982577697181,testis:15:2,0
testis,ENSG00000261247,ENSG00000225930,0.5107147723478533,0.0385385305782213,0.0385385305782213,1.0,0.1059141681127027,0.1575082219236949,testis:15:3,5
testis,ENSG00000225930,ENSG00000259993,0.7820684332381234,0.0625259391170821,0.0625259391170821,1.0,0.4161462396439556,0.3802549415943543,testis:15:3,6
testis,ENSG00000051180,ENSG00000137824,0.6341131925582886,-0.0332379582832746,-0.0332379582832746,1.0,-0.346311465818485,-0.1517807096745105,testis:15:4,0
testis,ENSG00000167195,ENSG00000140478,1.0,0.0365822905586232,0.0365822905586232,1.0,0.4576413110299101,0.7898729994906457,testis:15:7,5
testis,ENSG00000080644,ENSG00000117971,0.2193183768201834,0.0137946529928454,0.0137946529928454,1.0,0.2694075022591105,0.3577413700965036,testis:15:7,4
testis,ENSG00000157823,ENSG00000242498,0.2963783298696398,0.0683522748449696,0.0683522748449696,1.0,0.5755577951035955,0.3778241435954192,testis:15:8,6
testis,ENSG00000262528,ENSG00000140983,0.1705415403445798,0.0054804155490218,0.0054881146337601,1.0,0.2553314041706947,0.3844115334725033,testis:16:0,2
testis,ENSG00000215131,ENSG00000240311,0.3170623627654549,0.0029056718960502,0.0029219825835017,1.0,0.2956368946230496,0.8024936660248841,testis:16:0,2
testis,ENSG00000261819,ENSG00000275910,0.268446736657264,0.0262582153644329,0.026316548910188,1.0,0.4722711793415812,0.4961979666177285,testis:16:1,5
testis,ENSG00000151006,ENSG00000167397,1.0,0.0406020342806626,0.0406020342806626,1.0,0.5197706902792139,0.6958113205214227,testis:16:3,5
testis,ENSG00000102924,ENSG00000279249,0.1179057834396353,0.0042996039886957,0.0043323987488854,1.0,0.3944752142535424,0.2464799089677415,testis:16:4,2
testis,ENSG00000181019,ENSG00000262136,0.1676045018748908,0.0154704459686625,0.0154752849611713,1.0,0.2810713918865756,0.443828804854356,testis:16:6,4
testis,ENSG00000260213,ENSG00000166454,0.8434103987030674,0.0178038085544633,0.0178038085544633,1.0,0.5044529355894304,0.7748467387005894,testis:16:8,4
testis,ENSG00000185561,ENSG00000186594,0.1643619098188331,-0.0054124738690651,-0.0054205814924088,1.0,0.1712120394389356,0.6300858323852554,testis:17:0,0
testis,ENSG00000179277,ENSG00000265519,0.1415235484973322,0.0166659058696709,0.0167908193451858,1.0,0.5731163107540858,0.6840136224336792,testis:17:1,4
testis,ENSG00000265519,ENSG00000276855,0.1844911482424649,0.0174621847145843,0.0175165840912731,1.0,0.5672301479254569,0.6437152672326403,testis:17:1,4
testis,ENSG00000170425,ENSG00000214941,0.3225495585568367,-0.0421314964229039,-0.0421314964229039,1.0,-0.2128537983785912,-0.1007508376111373,testis:17:1,0
testis,ENSG00000288235,ENSG00000264892,0.1745188345017716,0.0120290079969942,0.0128199400563516,1.0,0.591901281837852,0.3135156624631754,testis:17:1,3
testis,ENSG00000171916,ENSG00000273018,0.6382191868910922,0.3295162752597399,0.3295162752597399,1.0,0.6749566961517826,0.5851769141936367,testis:17:1,7
testis,ENSG00000276085,ENSG00000278097,0.9430283317707476,0.0677308894699136,0.0677308894699136,1.0,0.4683743337260039,0.4990506190707444,testis:17:3,6
testis,ENSG00000278097,ENSG00000274933,0.999302857760714,0.1029197187117837,0.1029197187117837,1.0,0.3575236801208639,0.0670757938021908,testis:17:3,7
testis,ENSG00000244086,ENSG00000002834,0.2397468540373921,0.0134175014258343,0.0134175014258343,1.0,0.171197126074326,-0.3099167494014293,testis:17:3,4
testis,ENSG00000005243,ENSG00000263412,0.2238698566932981,0.0377020150335696,0.0379738814394476,1.0,0.7462633935720736,0.6365606148716733,testis:17:4,5
testis,ENSG00000265912,ENSG00000232457,0.9965487122535706,0.1537115186910975,0.1537115186910975,1.0,0.289978437960412,0.3962246502752954,testis:17:6,7
testis,ENSG00000278740,ENSG00000267731,0.516281456097829,0.0298037472738151,0.0298037472738151,1.0,0.4481894641228409,0.6434710391278398,testis:17:6,5
testis,ENSG00000125457,ENSG00000263843,0.4146949446185033,0.0174541379501608,0.0175193998665791,1.0,0.2445596980314976,0.1376194082750721,testis:17:7,4
testis,ENSG00000257949,ENSG00000250506,0.3460852412072306,0.0300118325887364,0.0300972777254106,1.0,0.5402981459481656,0.7100787342848494,testis:17:7,5
testis,ENSG00000178927,ENSG00000287193,0.3321631406016436,0.0108469931481974,0.0108469931481974,1.0,0.3745330326503833,-0.4219162323551867,testis:17:8,3
testis,ENSG00000262652,ENSG00000262147,0.2716845824192937,0.0214779186663636,0.0214779186663636,1.0,0.4535947905922018,0.2091469929669499,testis:17:8,4
testis,ENSG00000180777,ENSG00000265786,1.0,0.0550914662140827,0.0550914662140827,1.0,0.4867302777270313,0.7820685260487478,testis:18:1,6
testis,ENSG00000263382,ENSG00000171885,0.3740541554395982,0.012145805942998,0.0128534892446667,1.0,0.2468135297218648,0.0764208190988074,testis:18:2,3
testis,ENSG00000265374,ENSG00000264151,0.1601569912774962,0.0311290287462435,0.0308262336724333,1.0,0.719141834073227,0.8621093023102165,testis:18:2,5
testis,ENSG00000285790,ENSG00000267354,1.0,0.1971998484177052,0.1971998484177052,1.0,0.7342836206655551,0.8544975851630978,testis:18:4,7
testis,ENSG00000077463,ENSG00000089847,0.110000102619832,0.0036454722262288,0.0036658575996252,1.0,0.2502718453020393,0.1833520136499482,testis:19:0,2
testis,ENSG00000167664,ENSG00000105255,0.1610944418155213,0.0041694114220978,0.0041694114220978,1.0,0.3208658863487132,0.6730095649864403,testis:19:0,2
testis,ENSG00000156413,ENSG00000171124,0.1558965978638724,0.017636206038426,0.0176225279090313,1.0,0.4125920670074806,0.2987159563333809,testis:19:0,4
testis,ENSG00000142449,ENSG00000090661,0.9998237490653992,0.0,0.0,0.0,0.1901155730102846,0.3792686897748081,testis:19:0,1
testis,ENSG00000220201,ENSG00000267673,0.4907228821104823,0.005761848633891,0.0058031367779838,1.0,0.4345420792108565,0.8639251803465543,testis:19:1,2
testis,ENSG00000198342,ENSG00000248406,0.519054094887057,-0.0133913879520143,-0.0133961135790003,1.0,0.0122499046266235,-0.4455694021388746,testis:19:1,0
testis,ENSG00000037757,ENSG00000104979,0.1154009179784338,0.0078988139765532,0.0078988139765532,1.0,0.218132087100785,0.2992978831034477,testis:19:1,3
testis,ENSG00000105141,ENSG00000105137,0.4307525769027975,-0.0117216867224102,-0.0117307269127354,1.0,-0.129149615393202,-0.4101840144477189,testis:19:1,0
testis,ENSG00000275540,ENSG00000271499,0.1914771240005848,-0.0138964867752745,-0.0138964867752745,1.0,-0.064706826228357,0.5311518044607947,testis:19:1,0
testis,ENSG00000168813,ENSG00000267213,0.2890405654907226,-0.0243448934731229,-0.0243448934731229,1.0,-0.2899910607388932,-0.1996722536224637,testis:19:3,0
testis,ENSG00000105695,ENSG00000012124,0.9993044912213592,0.0396916760643978,0.0396916760643978,1.0,0.7606049558102386,0.8340127427479269,testis:19:3,5
testis,ENSG00000126267,ENSG00000105668,0.2180724279207311,-0.0144500940520933,-0.0144532983860127,1.0,-0.1672901447775484,0.0968923308123425,testis:19:3,0
testis,ENSG00000104783,ENSG00000159871,0.999999225139618,0.4575496448424269,0.4575496448424269,1.0,0.8723770642182479,0.8238338413717117,testis:19:4,7
testis,ENSG00000176761,ENSG00000167384,0.999632716178894,0.2407250036453272,0.2407250036453272,1.0,0.5924863914266089,0.5827683544715405,testis:19:4,7
testis,ENSG00000130203,ENSG00000130208,1.0,0.1463802815785112,0.1463802815785112,1.0,0.6992510628654561,0.790417764977568,testis:19:4,7
testis,ENSG00000268401,ENSG00000204869,0.1555418357359457,-0.0163418095609542,-0.0163418095609542,1.0,-0.1621501403814634,-0.0130570419710546,testis:19:4,0
testis,ENSG00000104826,ENSG00000268655,0.9100338479745602,0.1246462074419436,0.1246462074419436,1.0,0.653780610595706,0.7541230512108138,testis:19:4,7
testis,ENSG00000142534,ENSG00000104870,0.1195908193477919,0.0017870773212114,0.0018035595007476,1.0,0.1752693465819272,0.6548575208162735,testis:19:4,1
testis,ENSG00000167555,ENSG00000198633,0.9999998211860656,-0.1462734001298306,-0.1462734001298306,1.0,-0.2765743954353591,-0.0654204146885493,testis:19:5,0
testis,ENSG00000186230,ENSG00000276449,0.2394958783775216,-0.0289850316907113,-0.0292168427572161,1.0,0.0165639956108827,0.3100890260205383,testis:19:5,0
testis,ENSG00000235779,ENSG00000233684,0.999833881855011,0.0964913031311154,0.0964913031311154,1.0,0.6443798425703586,0.8566920612591704,testis:2:0,6
testis,ENSG00000224128,ENSG00000176887,0.3296888844117731,0.0120383346958296,0.0120383346958296,1.0,0.1500824454811597,0.3479259866528676,testis:2:0,3
testis,ENSG00000205837,ENSG00000225964,0.3318917656422826,-0.0092621917791565,-0.0092621917791565,1.0,0.0510257744411158,0.6691773761248947,testis:2:0,0
testis,ENSG00000068697,ENSG00000223734,0.9756214733712733,0.0202835014621203,0.0202835014621203,1.0,0.2573162417287251,-0.2065529170379492,testis:2:2,4
testis,ENSG00000223634,ENSG00000235497,0.1131139394905602,0.0011510310878671,0.0011735104119907,1.0,0.4166054015868116,0.8492850739462426,testis:2:2,1
testis,ENSG00000225284,ENSG00000188010,0.9084292847668678,-0.0126767398295222,-0.0126767398295222,1.0,-0.1795473203422435,0.7522899915383058,testis:2:3,0
testis,ENSG00000257800,ENSG00000217702,0.1825212761328316,0.0474394230601919,0.0474394230601919,1.0,0.5208544326249246,0.3928569122358836,testis:2:7,6
testis,ENSG00000042493,ENSG00000286011,0.3333334128061977,0.0686986164652073,0.0686986164652072,1.0,0.513237259799898,0.2761436743675273,testis:2:8,6
testis,ENSG00000228486,ENSG00000115085,0.2122974681721956,-0.012526711932465,-0.0125753889826742,1.0,-0.2565272607512702,0.0299258386929803,testis:2:9,0
testis,ENSG00000115526,ENSG00000115539,0.3740609226933422,0.0069317706274299,0.0069317706274299,1.0,0.0484244081244342,0.6546745018464101,testis:2:10,3
testis,ENSG00000230140,ENSG00000223947,0.8911027908325195,0.0709894846575056,0.0709894846575056,1.0,0.3075620098431283,0.6460448752396019,testis:2:10,6
testis,ENSG00000237614,ENSG00000232140,0.9983190582709832,0.1082228254265131,0.1082228254265131,1.0,0.4640256783001917,0.5265826926004985,testis:2:12,7
testis,ENSG00000163002,ENSG00000272800,0.2845838762416122,0.0283106812000257,0.0283106812000257,1.0,0.4054602974623605,0.7108803207082538,testis:2:18,5
testis,ENSG00000013441,ENSG00000240344,0.1228374232807851,-0.0071103875772896,-0.0071103875772896,1.0,-0.1474533033998594,-0.0304337657601187,testis:2:20,0
testis,ENSG00000240344,ENSG00000196290,0.5532184042936343,0.0597675878894703,0.0597870944765416,1.0,0.3941835377795569,0.0436350342475609,testis:2:20,6
testis,ENSG00000064012,ENSG00000155749,0.1605104090386788,-0.0141614610995826,-0.0141733634583038,1.0,-0.3826617552236039,-0.4445388483461063,testis:2:20,0
testis,ENSG00000180902,ENSG00000154252,0.1339727183828003,-0.0170838957186612,-0.0171338901371156,1.0,-0.2632622132506194,-0.0203986954460504,testis:2:24,0
testis,ENSG00000215023,ENSG00000224272,0.6741062795263133,0.0,0.0,0.0,0.3348430287870454,0.3836445425999455,testis:2:24,1
testis,ENSG00000280119,ENSG00000226423,0.9999753832946254,0.0625538481686937,0.0625538481686937,1.0,0.3338516879848399,-0.1350821710715196,testis:2:24,6
testis,ENSG00000226423,ENSG00000287971,0.9623428704808958,0.0503925779787707,0.0503925779787707,1.0,0.2776631283725149,0.0530103666083631,testis:2:24,6
testis,ENSG00000287971,ENSG00000261186,0.9586244121361922,0.0665840755913339,0.0665840755913339,1.0,0.1533438620879361,0.2421617695871903,testis:2:24,6
testis,ENSG00000271461,ENSG00000232528,0.9708999402990202,-0.0413978753663364,-0.0413978753663364,1.0,0.02082484964512,0.5439126944072782,testis:20:0,0
testis,ENSG00000230563,ENSG00000205181,0.9951196959676772,-0.0465476508083375,-0.0465476508083375,1.0,-0.1135971210488883,0.705309441109138,testis:20:0,0
testis,ENSG00000149435,ENSG00000167390,0.99552037145736,-0.024902148236472,-0.024902148236472,1.0,-0.0229454233143559,0.4719339412037713,testis:20:2,0
testis,ENSG00000179772,ENSG00000149599,1.0,-0.0476192805048963,-0.0476192805048963,1.0,-0.1927507477874764,-0.031478059479968,testis:20:3,0
testis,ENSG00000101425,ENSG00000129988,0.2582933533161338,-0.01527077064378,-0.0152780985698091,1.0,-0.2126543633935614,0.4231510092623671,testis:20:3,0
testis,ENSG00000237464,ENSG00000243543,0.5543800592422485,0.0826599246796662,0.0826599246796662,1.0,0.6325456606843027,0.7393269251037031,testis:20:4,6
testis,ENSG00000232135,ENSG00000229900,0.9998621344566344,0.304035282187484,0.304035282187484,1.0,0.7486956555704247,0.7895997288874345,testis:20:4,7
testis,ENSG00000229900,ENSG00000101448,0.999766660980022,-0.1416283173526736,-0.1416283173526736,1.0,-0.0961437167906871,0.3033669056653139,testis:20:4,0
testis,ENSG00000168634,ENSG00000124116,0.1720038758449149,-0.0712630386001144,-0.0712630386001144,1.0,-0.695013308559281,-0.3029769418473038,testis:20:4,0
testis,ENSG00000171703,ENSG00000171700,0.1105199116122186,-0.0013931227326796,-0.0014350594316763,1.0,-0.0729472094702648,-0.4641275542384098,testis:20:6,1
testis,ENSG00000280071,ENSG00000275464,1.0,0.2612509729626924,0.2612509729626924,1.0,0.8533466573691637,0.8075226867441483,testis:21:0,7
testis,ENSG00000275464,ENSG00000280433,1.0,0.1884940753327274,0.1884940753327274,1.0,0.6749573599402027,0.5729489621742928,testis:21:0,7
testis,ENSG00000166351,ENSG00000214319,1.0,-0.0998178265839688,-0.0998178265839688,1.0,-0.3488409545039093,-0.0305335437495125,testis:21:1,0
testis,ENSG00000230965,ENSG00000215559,0.9892684425417144,0.5263913412753033,0.5263913412753033,1.0,0.8248509994765253,0.8268290881868333,testis:21:1,7
testis,ENSG00000180509,ENSG00000159200,0.4915916459807619,-0.0363135488696298,-0.0363135488696298,1.0,0.020829297982677,-0.0696874285030615,testis:21:3,0
testis,ENSG00000185808,ENSG00000182670,0.3229072396545902,0.0747184477943529,0.0749989602228661,1.0,0.5428977948867286,0.5598015811168543,testis:21:3,6
testis,ENSG00000272829,ENSG00000099949,0.1653065153696502,0.0051671560340243,0.0051671560340243,1.0,0.1377919884048672,0.1862437222295075,testis:22:2,2
testis,ENSG00000197210,ENSG00000239511,0.9878145891075008,0.1993232719138045,0.1993232719138045,1.0,0.7967441048237407,0.8596633613839981,testis:22:2,7
testis,ENSG00000239511,ENSG00000215498,0.6977393869573234,0.1285278560254093,0.1285278560254093,1.0,0.5178078462616715,0.6145907803315633,testis:22:2,7
testis,ENSG00000215498,ENSG00000229266,0.3138825754102328,-0.019674977820867,-0.0198028893151878,1.0,-0.2409726805375468,0.2798040896445284,testis:22:2,0
testis,ENSG00000229266,ENSG00000206142,0.9744235515105116,0.1610067284876989,0.1610067284876989,1.0,0.4939007051468072,0.6085777319569636,testis:22:2,7
testis,ENSG00000273295,ENSG00000225282,0.3157818236345662,0.077661289521947,0.0777530416398471,1.0,0.4921622491424664,0.2254583031839799,testis:22:2,6
testis,ENSG00000225282,ENSG00000133433,0.3845840929075166,-0.1460546441302553,-0.1460546441302553,1.0,-0.4059933073285424,-0.2908941579418559,testis:22:2,0
testis,ENSG00000284070,ENSG00000224124,1.0,0.2084439805059334,0.2084439805059334,1.0,0.8530990628960925,0.7911652198875467,testis:22:2,7
testis,ENSG00000223831,ENSG00000185339,0.502124052184449,0.0122280484097835,0.0122437997494233,1.0,0.6574457305614946,0.8179518115798489,testis:22:3,3
testis,ENSG00000198832,ENSG00000185133,0.1057863430918182,0.0070354662169775,0.007051742097771,1.0,0.3294191384482288,0.4910342288519667,testis:22:3,3
testis,ENSG00000278195,ENSG00000128340,0.3959967323230096,0.0177883678050699,0.0179035181444569,1.0,0.1695395956465589,0.4039416108189551,testis:22:3,4
testis,ENSG00000272836,ENSG00000273137,0.3124986773566363,0.0197419084180181,0.0197419084180181,1.0,0.4307985620591413,0.6483827193931772,testis:22:5,4
testis,ENSG00000163814,ENSG00000249992,0.9917438639435688,0.0239889002124746,0.0239889002124746,1.0,0.4257527820126395,0.6444360576932358,testis:3:4,5
testis,ENSG00000184345,ENSG00000235455,0.1132921386059564,0.00133866361959,0.0013504503185384,1.0,0.2047146428330044,0.7246544725188613,testis:3:5,1
testis,ENSG00000239513,ENSG00000261146,0.9978691339492798,0.0484535013407474,0.0484535013407474,1.0,0.3194928330215033,0.7878571293238232,testis:3:13,6
testis,ENSG00000203645,ENSG00000228221,0.1697317087816223,0.0025595188183978,0.0,0.1405078990702525,0.1404883160054654,0.1676855598326695,testis:3:17,1
testis,ENSG00000229433,ENSG00000288576,0.7818571856832435,0.0299290208743213,0.0299290208743213,1.0,0.3271021669724697,0.5299348751734493,testis:3:18,5
testis,ENSG00000181982,ENSG00000153012,0.1125690874620843,0.0029518098869836,0.002950021449764,1.0,0.1465295565848359,0.1112215141376246,testis:4:2,2
testis,ENSG00000251642,ENSG00000248227,0.9981061418872628,0.1542001489150152,0.1542001489150152,1.0,0.591667031654485,0.8346264658349504,testis:4:3,7
testis,ENSG00000287571,ENSG00000249747,0.4999492168426513,0.0302273260739952,0.0302273260739952,1.0,0.5047354974641874,0.8214683884071357,testis:4:18,5
testis,ENSG00000247130,ENSG00000248370,0.3556198821350698,0.0395528125808937,0.0395528125808937,1.0,0.2410451202617411,0.2396711365980241,testis:4:18,5
testis,ENSG00000206077,ENSG00000188818,0.9273720380337168,-0.0975845523865788,-0.0975845523865788,1.0,-0.1507281673908207,0.039412830084319,testis:5:0,0
testis,ENSG00000288579,ENSG00000249572,0.4614259135479415,0.06420494242585,0.06420494242585,1.0,0.1520437532966645,0.1630559172998947,testis:5:3,6
testis,ENSG00000205572,ENSG00000205571,0.987031538778716,0.0505666532572005,0.0505666532572005,1.0,0.3601596460017173,0.3840892195069932,testis:5:7,6
testis,ENSG00000205571,ENSG00000179978,0.9999246608325478,0.0,0.0,0.0,0.1223885292208168,0.0218960006599631,testis:5:7,1
testis,ENSG00000179978,ENSG00000288349,0.1013256311416626,0.0094718307164719,0.0094718307164719,1.0,0.3174175312772438,0.3271769785689836,testis:5:7,3
testis,ENSG00000288349,ENSG00000172058,0.855923648489842,-0.1197191864144841,-0.1197191864144841,1.0,-0.1728284565597447,-0.0730528823849756,testis:5:7,0
testis,ENSG00000248428,ENSG00000145777,0.5541890247771697,0.2636479673180134,0.2636479673180134,1.0,0.7641111660384552,0.7792363936235392,testis:5:11,7
testis,ENSG00000250346,ENSG00000133710,0.2020447850383355,0.0075876637223298,0.0076101451108996,1.0,0.4930235103941809,0.6702361426196425,testis:5:14,3
testis,ENSG00000280068,ENSG00000051596,0.1411669126192976,0.0175062426292231,0.0175062426292231,1.0,0.5960583983190355,0.6140134370666579,testis:5:17,4
testis,ENSG00000280207,ENSG00000249129,0.1222245310735594,0.0062381345760517,0.0062291326627251,1.0,0.5049497687849817,0.609217993513095,testis:5:17,2
testis,ENSG00000249412,ENSG00000285865,0.1919961625589117,0.0168076187494718,0.0168324174158708,1.0,0.2593355309060861,0.260150116383019,testis:5:17,4
testis,ENSG00000113303,ENSG00000168903,1.0,-0.4719705240553527,-0.4719705240553527,1.0,-0.6517291596455335,-0.4159469849344012,testis:5:18,0
testis,ENSG00000280107,ENSG00000216901,0.1891836840057834,-0.0387216529336722,-0.0387216529336722,1.0,-0.338759430343275,-0.0527107068900102,testis:6:2,0
testis,ENSG00000244731,ENSG00000204338,0.1416516689510771,0.0301073569474719,0.0301073569474719,1.0,0.5202894212756571,0.602739140435615,testis:6:3,5
testis,ENSG00000198502,ENSG00000196126,0.3514287083935059,0.1454003309061692,0.1454347344601579,1.0,0.6845267323944603,0.7194650610778007,testis:6:3,7
testis,ENSG00000161904,ENSG00000287089,0.4647112792210919,0.0835337159105891,0.0835337159105891,1.0,0.4449746891377156,0.4753126474027338,testis:6:3,6
testis,ENSG00000112782,ENSG00000231769,0.1933795944739245,0.0188974124003747,0.0188974124003747,1.0,0.227300841217803,0.2411435235276058,testis:6:4,4
testis,ENSG00000231769,ENSG00000001561,0.4984837774076709,0.1172939092083989,0.1172939092083989,1.0,0.6229636780759973,0.1889004185188479,testis:6:4,7
testis,ENSG00000135338,ENSG00000198478,0.980886569878514,0.0281885936740139,0.0281885936740139,1.0,0.3155776879763332,0.5601355174582554,testis:6:7,5
testis,ENSG00000226440,ENSG00000251258,0.2965051474820654,0.019028306559348,0.0190272503981841,1.0,0.5274661226942655,0.5404570001981991,testis:6:11,4
testis,ENSG00000216906,ENSG00000203722,0.8243928160712812,0.2340257917495703,0.2340257917495703,1.0,0.4239758439854443,0.4334738665876372,testis:6:14,7
testis,ENSG00000197461,ENSG00000223855,0.9998542709343,0.0,0.0,0.0,0.3539881275154031,0.6015934021714807,testis:7:0,1
testis,ENSG00000273230,ENSG00000164880,0.387257309496519,0.0110542775084872,0.0110592721000566,1.0,0.1544971354947062,-0.0322631204059217,testis:7:0,3
testis,ENSG00000231892,ENSG00000236708,0.982120931148529,0.1987699749399286,0.1987699749399286,1.0,0.5172427045598592,0.6626709542839619,testis:7:0,7
testis,ENSG00000106346,ENSG00000008256,0.9421109388827204,0.0092655786633741,0.0092655786633741,1.0,0.2357571761013136,-0.2856054743273852,testis:7:0,3
testis,ENSG00000272361,ENSG00000106524,0.1167602462954526,0.0,0.0,0.0,0.1578724965199477,0.1741244880492761,testis:7:1,1
testis,ENSG00000214870,ENSG00000122548,0.9884466590866624,-0.0279019779817553,-0.0278954206123764,1.0,0.348373897271934,0.529254449556756,testis:7:2,0
testis,ENSG00000223813,ENSG00000176532,0.7485356330871582,0.0636638994177481,0.0636638994177481,1.0,0.273354169355461,0.1901377042863062,testis:7:2,6
testis,ENSG00000277253,ENSG00000279072,0.3807164398607909,0.0411796328636715,0.0412614246067289,1.0,0.5123823975458883,0.1895585975485663,testis:7:5,5
testis,ENSG00000229301,ENSG00000232817,0.9387298304765572,0.0119733102268481,0.0119733102268481,1.0,0.2018701015842301,0.7577854994527187,testis:7:6,3
testis,ENSG00000287317,ENSG00000196247,0.2577623617431186,0.0084713102767328,0.0085220003042047,1.0,0.5870029506997896,0.4267209408879429,testis:7:6,3
testis,ENSG00000225703,ENSG00000186704,0.9771402308669864,0.0159944183878145,0.0159944183878145,1.0,0.142847566162863,-0.3865732968827409,testis:7:7,4
testis,ENSG00000186704,ENSG00000242435,0.9996866070476358,0.0336991885898357,0.0336991885898357,1.0,0.519435234810972,0.8076145487168007,testis:7:7,5
testis,ENSG00000186088,ENSG00000273341,0.1391073390658661,0.0049324121653987,0.0049590571926632,1.0,0.1819342001839433,0.3478316376224133,testis:7:7,2
testis,ENSG00000005075,ENSG00000170667,0.124375256163681,0.0133377918250867,0.0133377918250867,1.0,0.3160468922561615,0.4495809055065105,testis:7:10,4
testis,ENSG00000243896,ENSG00000244479,0.99999737739563,0.0759345747056189,0.0759345747056189,1.0,0.4699934581763485,0.4497126794590203,testis:7:14,6
testis,ENSG00000215374,ENSG00000215372,0.1297631859779358,0.0073960823062649,0.0073960823062649,1.0,0.7249657314781359,0.5421405941838595,testis:8:0,3
testis,ENSG00000215372,ENSG00000215356,0.9999998211860656,-0.0924711147892575,-0.0924711147892575,1.0,-0.3348360828937871,-0.012772763221895,testis:8:0,0
testis,ENSG00000269918,ENSG00000255310,0.2126233389473704,0.0124053815171523,0.0124053815171523,1.0,0.64695793344534,0.6683964975977331,testis:8:1,3
testis,ENSG00000227888,ENSG00000145002,0.3472399777516202,0.0191766505253253,0.0191766505253253,1.0,0.2780230056245314,0.4550855146275197,testis:8:1,4
testis,ENSG00000158806,ENSG00000158815,0.9617403252142652,0.0304186418799964,0.0304186418799964,1.0,0.3492617575704257,0.4859232357348093,testis:8:2,5
testis,ENSG00000155090,ENSG00000283959,0.4991840124130249,0.0430173052981138,0.043017303080621,1.0,0.4244938593498154,-0.2369340732452446,testis:8:10,5
testis,ENSG00000231808,ENSG00000170122,0.9997149109840392,0.0901203587087587,0.0901203587087587,1.0,0.445457804501133,0.5822477835036445,testis:9:0,6
testis,ENSG00000273056,ENSG00000137038,0.9826396107673644,-0.0317023747989996,-0.0317023747989996,1.0,-0.0540714229493617,-0.237842604738847,testis:9:0,0
testis,ENSG00000122729,ENSG00000107201,0.6187237875951226,0.0069081690247046,0.0069081690247046,1.0,0.2397602495029821,0.8160775259560533,testis:9:3,3
testis,ENSG00000281128,ENSG00000260947,0.1495920445648835,0.0150524546296651,0.0150746453079523,1.0,0.4861080864170516,0.6706606753657045,testis:9:3,4
testis,ENSG00000288571,ENSG00000287514,0.1062621734157254,0.0066390936996568,0.0067017601898863,1.0,0.2983034971937234,0.3244995563099691,testis:9:3,2
testis,ENSG00000225345,ENSG00000180071,0.5702946147543422,0.101887224120189,0.101887224120189,1.0,0.624240618638259,0.593969507550512,testis:9:3,7
testis,ENSG00000275239,ENSG00000278001,0.15529613416291,0.0036856681796461,0.0037532479841043,1.0,0.3673764759559105,0.6521120106490634,testis:9:4,2
testis,ENSG00000172014,ENSG00000224185,0.2101849007877447,0.0187159049089329,0.0187582656142293,1.0,0.5941208450251481,0.5026534506975885,testis:9:6,4
testis,ENSG00000224185,ENSG00000229156,0.5213708789051452,0.0512535259393289,0.0512535259393289,1.0,0.4780222851802364,0.5469952918789582,testis:9:6,6
testis,ENSG00000233884,ENSG00000214888,0.1813806186854556,0.0404914168664719,0.0405960764165646,1.0,0.5708853849109974,0.5976777432108271,testis:9:8,5
testis,ENSG00000187742,ENSG00000187764,0.1174093117738266,-0.0030211188412117,-0.0030723811835275,1.0,0.007893013424816,-0.0001823055205086,testis:9:8,1
testis,ENSG00000165030,ENSG00000233081,0.9985683911019124,0.263217880659637,0.263217880659637,1.0,0.6941259510048601,0.0829586215292576,testis:9:9,7
testis,ENSG00000229314,ENSG00000228278,0.1629366308991358,0.0153075189271612,0.0155854468066896,1.0,0.3878095262958764,0.3507929952861672,testis:9:11,4
testis,ENSG00000197191,ENSG00000233198,0.4604656006722933,0.0478435280434413,0.0479481475785429,1.0,0.4706087447694145,0.4370811273628669,testis:9:13,6
testis,ENSG00000233198,ENSG00000198569,0.142102726076061,0.0091448094157812,0.0092407815331586,1.0,0.5333632393124765,0.692266631581135,testis:9:13,3
testis,ENSG00000130653,ENSG00000182154,0.4549671979983998,0.0275815612085615,0.0275815612085615,1.0,0.2642093373438499,0.0462644421658634,testis:9:13,5
testis,ENSG00000238039,ENSG00000241769,0.4075561842640809,0.0265213689968888,0.0265213689968888,1.0,0.5325284300037603,0.6182824314959445,testis:X:14,5
skin_sun_exposed_lower_leg,ENSG00000223764,ENSG00000187634,0.9048084283205498,0.0348376298637958,0.0348376298637958,1.0,0.7579883399747736,0.7128661483931114,skin_sun_exposed_lower_leg:1:0,5
skin_sun_exposed_lower_leg,ENSG00000215915,ENSG00000160072,0.1850175032009176,0.0129837817941822,0.0129837817941822,1.0,0.2370991403663714,0.3040527384792184,skin_sun_exposed_lower_leg:1:0,4
skin_sun_exposed_lower_leg,ENSG00000008128,ENSG00000227775,1.0,0.220381055891629,0.220381055891629,1.0,0.4682307506375233,0.3589724612175785,skin_sun_exposed_lower_leg:1:0,7
skin_sun_exposed_lower_leg,ENSG00000224387,ENSG00000229393,1.0,0.0990282271349334,0.0990282271349334,1.0,0.6391144417209681,0.82231433048597,skin_sun_exposed_lower_leg:1:0,7
skin_sun_exposed_lower_leg,ENSG00000219481,ENSG00000186301,0.999991476536799,-0.0524347141392473,-0.0524347141392473,1.0,-0.0192274781078747,-0.0074072891931896,skin_sun_exposed_lower_leg:1:1,0
skin_sun_exposed_lower_leg,ENSG00000211454,ENSG00000162482,0.5,0.0322839425985833,0.0322839425985833,1.0,0.4897635490584264,0.7995457262271816,skin_sun_exposed_lower_leg:1:1,5
skin_sun_exposed_lower_leg,ENSG00000158825,ENSG00000158828,0.4999633431565087,0.0152313770319026,0.0152313770319026,1.0,0.3799487487931678,0.48835619695546,skin_sun_exposed_lower_leg:1:2,4
skin_sun_exposed_lower_leg,ENSG00000261349,ENSG00000187010,0.9979922771453856,0.496477712479503,0.496477712479503,1.0,0.7310051818643001,0.7280111536200117,skin_sun_exposed_lower_leg:1:2,7
skin_sun_exposed_lower_leg,ENSG00000189280,ENSG00000189433,0.2054655108947543,0.000611023363882,0.0006110015064769,1.0,0.3509042145145912,0.8144688890343308,skin_sun_exposed_lower_leg:1:3,1
skin_sun_exposed_lower_leg,ENSG00000189433,ENSG00000188910,0.2020576110149221,0.0009519618992183,0.0009567027228752,1.0,0.4071428633888992,0.8329304543014574,skin_sun_exposed_lower_leg:1:3,1
skin_sun_exposed_lower_leg,ENSG00000263513,ENSG00000270872,0.9990875720977784,0.0393393067805492,0.0393382324644886,1.0,0.2605253088556795,0.4078356924595904,skin_sun_exposed_lower_leg:1:14,5
skin_sun_exposed_lower_leg,ENSG00000131788,ENSG00000198483,1.0,0.0951527838972422,0.0951527838972422,1.0,0.3335032475195332,0.6648864582472884,skin_sun_exposed_lower_leg:1:14,6
skin_sun_exposed_lower_leg,ENSG00000286219,ENSG00000271383,1.0,0.0780011238905488,0.0780011238905488,1.0,0.5337140521766537,0.6036112828912565,skin_sun_exposed_lower_leg:1:14,6
skin_sun_exposed_lower_leg,ENSG00000143457,ENSG00000143452,0.1183564709157281,0.055805435811764,0.055805435811764,1.0,0.7611581227439874,0.6540225132926932,skin_sun_exposed_lower_leg:1:15,6
skin_sun_exposed_lower_leg,ENSG00000236427,ENSG00000197915,0.6233886140832823,0.0,0.0,0.0,0.2012442579520573,0.5047773297967416,skin_sun_exposed_lower_leg:1:15,1
skin_sun_exposed_lower_leg,ENSG00000185966,ENSG00000163202,0.5754031186689481,0.0084402269494641,0.0085134273836426,1.0,0.8136773023563313,0.8618799531861022,skin_sun_exposed_lower_leg:1:15,3
skin_sun_exposed_lower_leg,ENSG00000186226,ENSG00000172155,0.3362577865474634,0.0816335417157564,0.0815307057703027,1.0,0.8445623488381028,0.9020183404525134,skin_sun_exposed_lower_leg:1:15,6
skin_sun_exposed_lower_leg,ENSG00000282386,ENSG00000273026,0.994548201560974,0.0467879741254219,0.0467879741254219,1.0,0.1923697401658821,0.229980985141277,skin_sun_exposed_lower_leg:1:15,6
skin_sun_exposed_lower_leg,ENSG00000232093,ENSG00000143537,0.315777570434637,0.0,0.0,0.0,0.0830074710960181,0.4454957090664652,skin_sun_exposed_lower_leg:1:15,1
skin_sun_exposed_lower_leg,ENSG00000198929,ENSG00000171722,1.0,0.0706306738346854,0.0706306738346854,1.0,0.5172698587970592,0.5726080438683362,skin_sun_exposed_lower_leg:1:16,6
skin_sun_exposed_lower_leg,ENSG00000171722,ENSG00000239887,1.0,0.0891197331672498,0.0891197331672498,1.0,0.5763329111260763,0.5254340018418857,skin_sun_exposed_lower_leg:1:16,6
skin_sun_exposed_lower_leg,ENSG00000143753,ENSG00000232628,0.2376549131706404,-0.0108901840796126,-0.0108901840796126,1.0,0.0400843230821217,0.3100169532057235,skin_sun_exposed_lower_leg:1:22,0
skin_sun_exposed_lower_leg,ENSG00000163041,ENSG00000225518,0.1999538700276169,0.0167455290297254,0.0167455290297254,1.0,0.2226747784219008,0.2926619199971289,skin_sun_exposed_lower_leg:1:22,4
skin_sun_exposed_lower_leg,ENSG00000260855,ENSG00000227953,0.6686496546872434,0.0275270497935033,0.0275337442011701,1.0,0.5868040803673337,0.7401605201665841,skin_sun_exposed_lower_leg:1:24,5
skin_sun_exposed_lower_leg,ENSG00000204175,ENSG00000204176,0.9942658374216756,0.0324678725571025,0.0324678725571025,1.0,0.1897516306624723,0.3592299613932309,skin_sun_exposed_lower_leg:10:4,5
skin_sun_exposed_lower_leg,ENSG00000264717,ENSG00000273760,0.1133705147849433,-0.0161652770592519,-0.016165885920698,1.0,-0.0400079600674743,0.243525285278244,skin_sun_exposed_lower_leg:10:4,0
skin_sun_exposed_lower_leg,ENSG00000273760,ENSG00000276430,0.9999983906745912,0.0405691057273158,0.0405691057273158,1.0,-0.0809653584148231,0.1507318293328205,skin_sun_exposed_lower_leg:10:4,5
skin_sun_exposed_lower_leg,ENSG00000182010,ENSG00000138311,0.9798232745592372,0.135081797717485,0.135081797717485,1.0,0.573493132390129,0.5209449722123921,skin_sun_exposed_lower_leg:10:6,7
skin_sun_exposed_lower_leg,ENSG00000236842,ENSG00000148655,0.7238268245658901,-0.0290704796464306,-0.0290704796464306,1.0,-0.1022434115005677,0.3981234898838439,skin_sun_exposed_lower_leg:10:7,0
skin_sun_exposed_lower_leg,ENSG00000175470,ENSG00000176171,0.9876888990402222,0.0249846044011434,0.0249846044011434,1.0,0.1840123722507184,0.5672339675719896,skin_sun_exposed_lower_leg:10:13,5
skin_sun_exposed_lower_leg,ENSG00000148803,ENSG00000127884,0.7279892731448427,0.0044855128827913,0.004488625388309,1.0,-0.0943202461129846,0.1984091360985353,skin_sun_exposed_lower_leg:10:13,2
skin_sun_exposed_lower_leg,ENSG00000127884,ENSG00000148832,0.2993936423758683,0.0029335486608184,0.0029335486608184,1.0,0.1104761542849473,0.4949032021893916,skin_sun_exposed_lower_leg:10:13,2
skin_sun_exposed_lower_leg,ENSG00000254910,ENSG00000185885,0.1444982472938392,0.0010093097256437,0.0010158925722524,1.0,0.2813513492680555,0.2930700133756397,skin_sun_exposed_lower_leg:11:0,1
skin_sun_exposed_lower_leg,ENSG00000226416,ENSG00000232987,0.9574889129723444,0.0941976358237947,0.0941976358237947,1.0,0.6561405300326091,0.6468789250376685,skin_sun_exposed_lower_leg:11:0,6
skin_sun_exposed_lower_leg,ENSG00000275612,ENSG00000276668,0.3642182630281034,0.0116190278670615,0.0116933759881562,1.0,0.4594721903506996,0.7254187373562461,skin_sun_exposed_lower_leg:11:0,3
skin_sun_exposed_lower_leg,ENSG00000188211,ENSG00000260196,0.4500475918409776,0.0050923704251227,0.0050964959381314,1.0,0.7096838161009573,0.617357119944636,skin_sun_exposed_lower_leg:11:1,2
skin_sun_exposed_lower_leg,ENSG00000148935,ENSG00000198168,0.4796618564736832,0.0105211826460326,0.0105727445339986,1.0,0.1654316303474437,0.2738897397572236,skin_sun_exposed_lower_leg:11:2,3
skin_sun_exposed_lower_leg,ENSG00000085063,ENSG00000110429,0.13599993632711,0.0015865492690625,0.0015865492690625,1.0,0.1376660678140986,-0.2446105191209883,skin_sun_exposed_lower_leg:11:3,1
skin_sun_exposed_lower_leg,ENSG00000110455,ENSG00000151348,1.0,0.0741002962244481,0.0741002962244481,1.0,0.0959267561546156,-0.2640643372238692,skin_sun_exposed_lower_leg:11:4,6
skin_sun_exposed_lower_leg,ENSG00000167985,ENSG00000162148,0.2499659657505617,-0.007192930670329,-0.007192930670329,1.0,-0.2785600179361518,-0.253660968722071,skin_sun_exposed_lower_leg:11:6,0
skin_sun_exposed_lower_leg,ENSG00000162148,ENSG00000255931,0.2206518650061752,0.0074997129607771,0.0074997129607771,1.0,0.3671900753791892,0.5081880411158286,skin_sun_exposed_lower_leg:11:6,3
skin_sun_exposed_lower_leg,ENSG00000173113,ENSG00000126432,0.1229676362130369,0.0,0.0,0.0,0.2760003699724666,0.7379707705056423,skin_sun_exposed_lower_leg:11:6,1
skin_sun_exposed_lower_leg,ENSG00000254461,ENSG00000254855,0.2012479668386504,0.005221538033428,0.0053012643856582,1.0,0.3151063495259893,0.5508676147425702,skin_sun_exposed_lower_leg:11:6,2
skin_sun_exposed_lower_leg,ENSG00000162341,ENSG00000284713,0.7026731263544264,-0.078812645689425,-0.078812645689425,1.0,-0.1514010266070366,-0.2061547935618106,skin_sun_exposed_lower_leg:11:6,0
skin_sun_exposed_lower_leg,ENSG00000137522,ENSG00000137496,0.3200197289648798,-0.0059592399333652,-0.0059592399333652,1.0,0.1962274565665444,-0.1740979232210698,skin_sun_exposed_lower_leg:11:7,0
skin_sun_exposed_lower_leg,ENSG00000245148,ENSG00000214530,0.2389260582776273,0.0025896622291308,0.0026129173868835,1.0,0.0714493954895198,-0.2362308834560252,skin_sun_exposed_lower_leg:11:7,1
skin_sun_exposed_lower_leg,ENSG00000188997,ENSG00000118369,0.4189762252455082,0.0071367100342008,0.0071609731044806,1.0,0.3945344138188045,0.4369161088243134,skin_sun_exposed_lower_leg:11:7,3
skin_sun_exposed_lower_leg,ENSG00000204241,ENSG00000166086,0.1744550864588312,0.0023983928707283,0.0024084033366945,1.0,0.3752656642077052,0.1013338980798383,skin_sun_exposed_lower_leg:11:13,1
skin_sun_exposed_lower_leg,ENSG00000151500,ENSG00000151498,0.2484008750109048,0.0109562718773832,0.0109562718773832,1.0,0.2483048958333212,0.0095591847602115,skin_sun_exposed_lower_leg:11:13,3
skin_sun_exposed_lower_leg,ENSG00000256218,ENSG00000255983,0.489861463795961,0.1615371617718121,0.1615371617718121,1.0,0.7448388538827629,0.7362473339693304,skin_sun_exposed_lower_leg:12:0,7
skin_sun_exposed_lower_leg,ENSG00000111788,ENSG00000260423,0.9957525098458112,0.0156505857763235,0.0156521657982345,0.131238855824268,0.3261966369233861,0.4242141382954775,skin_sun_exposed_lower_leg:12:0,4
skin_sun_exposed_lower_leg,ENSG00000275476,ENSG00000257176,1.0,0.3620225407834641,0.3620225407834641,1.0,0.7485950434937616,0.8023311366485667,skin_sun_exposed_lower_leg:12:2,7
skin_sun_exposed_lower_leg,ENSG00000178401,ENSG00000123352,0.2091925561034244,0.0114373397562274,0.0114547807735439,1.0,0.2925047624212908,0.2745261809126191,skin_sun_exposed_lower_leg:12:4,3
skin_sun_exposed_lower_leg,ENSG00000110881,ENSG00000066117,0.1536763690336897,-0.0012364047624091,-0.0012471786135119,1.0,0.0782702129216082,-0.0479329424012829,skin_sun_exposed_lower_leg:12:5,1
skin_sun_exposed_lower_leg,ENSG00000258120,ENSG00000172867,0.9984266811302795,0.0105377644464619,0.0105377644464619,1.0,0.6438427003729136,0.733182809424165,skin_sun_exposed_lower_leg:12:5,3
skin_sun_exposed_lower_leg,ENSG00000172867,ENSG00000167768,0.990328057678699,-0.0053085640320432,-0.0053085640320432,1.0,-0.2885579804968728,0.5098361136250836,skin_sun_exposed_lower_leg:12:5,0
skin_sun_exposed_lower_leg,ENSG00000135441,ENSG00000135437,0.4952725178287416,-0.0146544173926373,-0.0146616949761283,1.0,0.0980068810812483,0.0213846765017125,skin_sun_exposed_lower_leg:12:5,0
skin_sun_exposed_lower_leg,ENSG00000257859,ENSG00000257890,0.4348824024200439,0.037403682793727,0.037403682793727,1.0,0.1813357380314202,0.2338888623073924,skin_sun_exposed_lower_leg:12:10,5
skin_sun_exposed_lower_leg,ENSG00000135124,ENSG00000110931,0.8111484492152918,-0.0081142351746358,-0.0081142351746358,1.0,0.037125005695173,0.4591053783502755,skin_sun_exposed_lower_leg:12:12,0
skin_sun_exposed_lower_leg,ENSG00000233610,ENSG00000152207,0.9733435994813712,-0.0687907897141786,-0.0687907897141786,1.0,-0.0257169989729298,0.1253358145404637,skin_sun_exposed_lower_leg:13:4,0
skin_sun_exposed_lower_leg,ENSG00000278238,ENSG00000136108,0.1341573337576846,0.0029419157171708,0.0029860773492523,1.0,0.2571720819261536,0.4049849415432395,skin_sun_exposed_lower_leg:13:5,2
skin_sun_exposed_lower_leg,ENSG00000267868,ENSG00000235280,0.886459730086699,0.0555904089543063,0.0555904089543063,1.0,0.5434800014833641,0.5427725565371946,skin_sun_exposed_lower_leg:13:11,6
skin_sun_exposed_lower_leg,ENSG00000183087,ENSG00000272695,0.1542082466464087,0.0024421618332204,0.0024695199254318,1.0,0.3724032057582185,0.3262954641370023,skin_sun_exposed_lower_leg:13:11,1
skin_sun_exposed_lower_leg,ENSG00000165782,ENSG00000198805,0.6316805547546878,0.0190742313755884,0.0190742313755884,1.0,0.1993844404778547,0.2240537758243833,skin_sun_exposed_lower_leg:14:2,4
skin_sun_exposed_lower_leg,ENSG00000157326,ENSG00000187630,0.9985182849009108,0.0324831850224494,0.032507609069806,1.0,0.5228611655284647,0.8100496400203304,skin_sun_exposed_lower_leg:14:2,5
skin_sun_exposed_lower_leg,ENSG00000278784,ENSG00000139908,0.1801849300142421,0.0039992432486793,0.0039992432486793,1.0,0.4256824945898215,0.5209266803117819,skin_sun_exposed_lower_leg:14:2,2
skin_sun_exposed_lower_leg,ENSG00000119673,ENSG00000279026,1.0,0.0742670653070694,0.0742670653070694,1.0,0.3330834189593871,0.339012507723239,skin_sun_exposed_lower_leg:14:7,6
skin_sun_exposed_lower_leg,ENSG00000270000,ENSG00000119655,0.106713610037616,-0.0027818656687013,-0.0027999393047861,1.0,-0.0696111924757147,0.0636094088361448,skin_sun_exposed_lower_leg:14:7,1
skin_sun_exposed_lower_leg,ENSG00000259151,ENSG00000258752,0.1461861656316081,0.002916331630448,0.0029555101895272,1.0,0.4560028007347002,0.561649592577108,skin_sun_exposed_lower_leg:14:8,2
skin_sun_exposed_lower_leg,ENSG00000247970,ENSG00000182218,0.512006453013143,0.024199119287666,0.0242330660255514,1.0,0.2204114433191712,0.0680350452243228,skin_sun_exposed_lower_leg:14:9,5
skin_sun_exposed_lower_leg,ENSG00000269940,ENSG00000269958,0.1088061671987183,0.0024577685939624,0.0024855756245629,1.0,0.4621460011700782,0.5718340443167997,skin_sun_exposed_lower_leg:14:10,1
skin_sun_exposed_lower_leg,ENSG00000258811,ENSG00000099814,0.1429416406965522,0.0,0.0,0.0,0.032063350072675,-0.0671097867973194,skin_sun_exposed_lower_leg:14:10,1
skin_sun_exposed_lower_leg,ENSG00000286786,ENSG00000259326,0.205075464955815,0.0186728126130178,0.0186892389457921,1.0,0.6001481549158776,0.785203212006076,skin_sun_exposed_lower_leg:15:3,4
skin_sun_exposed_lower_leg,ENSG00000140279,ENSG00000140274,0.9997998483288484,0.0366078164229726,0.0366078164229726,1.0,0.8004726910260533,0.8749300617245444,skin_sun_exposed_lower_leg:15:4,5
skin_sun_exposed_lower_leg,ENSG00000178718,ENSG00000198794,0.921313226222992,0.0303256639591994,0.0303256639591994,1.0,0.109853771709902,0.2173774805937062,skin_sun_exposed_lower_leg:15:7,5
skin_sun_exposed_lower_leg,ENSG00000259416,ENSG00000183655,0.4749508913420186,0.0235276040655236,0.0235502673794819,0.9440469504422044,0.4018927348600806,0.2521656347551105,skin_sun_exposed_lower_leg:15:8,4
skin_sun_exposed_lower_leg,ENSG00000259291,ENSG00000182054,0.2400901264970869,0.012197062410925,0.0122037388723348,1.0,0.4592988287888785,0.3239645811869296,skin_sun_exposed_lower_leg:15:9,3
skin_sun_exposed_lower_leg,ENSG00000258647,ENSG00000258676,0.2547517143053959,0.0118365008890606,0.011853002991088,1.0,0.4917093832188689,0.6081520033357671,skin_sun_exposed_lower_leg:15:9,3
skin_sun_exposed_lower_leg,ENSG00000270127,ENSG00000259205,0.9999988675117492,0.4695721145272402,0.4695024420437433,1.0,0.8833084231106753,0.8574213337953838,skin_sun_exposed_lower_leg:15:10,7
skin_sun_exposed_lower_leg,ENSG00000262185,ENSG00000162104,0.1573060940121493,-0.0046806349040993,-0.0046806349040993,1.0,0.0032797869817514,0.3089466240192259,skin_sun_exposed_lower_leg:16:0,1
skin_sun_exposed_lower_leg,ENSG00000279662,ENSG00000260468,0.7139255319966686,0.0291308097638704,0.0291308097638704,1.0,0.3901200914982846,0.6061575128178525,skin_sun_exposed_lower_leg:16:1,5
skin_sun_exposed_lower_leg,ENSG00000183426,ENSG00000179889,0.8725105273151001,0.0211814611298283,0.0211814611298283,1.0,-0.0062376020899052,0.1149296686980753,skin_sun_exposed_lower_leg:16:1,4
skin_sun_exposed_lower_leg,ENSG00000103226,ENSG00000183889,0.8333418965339661,0.1910901294636481,0.1910901294636481,1.0,0.2909569882934467,0.1593689947828563,skin_sun_exposed_lower_leg:16:1,7
skin_sun_exposed_lower_leg,ENSG00000205746,ENSG00000254681,1.0,0.081270141349167,0.081270141349167,1.0,0.7357736283215267,0.7461198152941553,skin_sun_exposed_lower_leg:16:1,6
skin_sun_exposed_lower_leg,ENSG00000166828,ENSG00000168447,0.1602044819939578,0.0019561032908423,0.001964675993877,1.0,0.3987458747706848,0.7418495881368689,skin_sun_exposed_lower_leg:16:2,1
skin_sun_exposed_lower_leg,ENSG00000271105,ENSG00000263326,0.2367802350996015,0.0097595592661191,0.0097745121426774,1.0,0.2570866912690974,0.5881911284905139,skin_sun_exposed_lower_leg:16:2,3
skin_sun_exposed_lower_leg,ENSG00000279722,ENSG00000166971,0.1954288842891145,-0.0065143980507371,-0.0065607100197508,1.0,0.0231530571777455,-0.1190543980757425,skin_sun_exposed_lower_leg:16:5,0
skin_sun_exposed_lower_leg,ENSG00000125124,ENSG00000102891,0.9679199759956808,0.0,0.0,0.0,0.1706735209137221,0.2197025303490924,skin_sun_exposed_lower_leg:16:5,1
skin_sun_exposed_lower_leg,ENSG00000205358,ENSG00000187193,0.1558230437974153,0.0042783935586851,0.0042832514266082,1.0,0.3441221834914969,0.4873395101813735,skin_sun_exposed_lower_leg:16:5,2
skin_sun_exposed_lower_leg,ENSG00000261302,ENSG00000102900,0.1325281841593799,-0.0022112097037148,-0.0022492407474948,1.0,-0.1358897247831353,-0.2461802254023104,skin_sun_exposed_lower_leg:16:5,1
skin_sun_exposed_lower_leg,ENSG00000260186,ENSG00000103034,0.3317057684603597,0.0074537880869792,0.0074537880869792,1.0,0.5401538675051637,0.7685276335661236,skin_sun_exposed_lower_leg:16:5,3
skin_sun_exposed_lower_leg,ENSG00000246898,ENSG00000166546,0.7864810824394226,0.0629058144234995,0.0629058144234995,1.0,0.1840545472948644,0.2188640608843234,skin_sun_exposed_lower_leg:16:6,6
skin_sun_exposed_lower_leg,ENSG00000261656,ENSG00000166548,0.1525015150254844,0.0057309959269919,0.0057662510618143,1.0,0.165812233802528,0.2674422356992068,skin_sun_exposed_lower_leg:16:6,2
skin_sun_exposed_lower_leg,ENSG00000270020,ENSG00000103248,0.5,-0.07286774024269,-0.07286774024269,1.0,-0.3228293013121427,-0.1439759176013367,skin_sun_exposed_lower_leg:16:8,0
skin_sun_exposed_lower_leg,ENSG00000187741,ENSG00000204991,0.1785175800001397,0.0076488094526795,0.0076488094526795,1.0,0.2185143811102036,0.0332890650400079,skin_sun_exposed_lower_leg:16:8,3
skin_sun_exposed_lower_leg,ENSG00000273172,ENSG00000181031,0.7586860462862823,0.0602680816157956,0.0602680816157956,1.0,0.283831643537597,0.3238692583963866,skin_sun_exposed_lower_leg:17:0,6
skin_sun_exposed_lower_leg,ENSG00000167721,ENSG00000141258,1.0,0.0854485230261679,0.0854485230261679,1.0,0.4380697198200388,-0.0888286169473223,skin_sun_exposed_lower_leg:17:0,6
skin_sun_exposed_lower_leg,ENSG00000262165,ENSG00000129219,0.1668335199356079,-0.0061177179682077,-0.0061177179682077,1.0,-0.0082382176019607,0.0995151642209237,skin_sun_exposed_lower_leg:17:0,0
skin_sun_exposed_lower_leg,ENSG00000234327,ENSG00000129204,1.0,0.1884210770725903,0.1884210770725903,1.0,0.4999682506362291,0.4611252162048101,skin_sun_exposed_lower_leg:17:0,7
skin_sun_exposed_lower_leg,ENSG00000180638,ENSG00000262681,0.4251385778088377,0.0191666380055637,0.0191666401927368,1.0,0.7892214704728094,0.8460618141262962,skin_sun_exposed_lower_leg:17:1,4
skin_sun_exposed_lower_leg,ENSG00000007171,ENSG00000232859,0.831670821348105,-0.1352903359558877,-0.1352903359558877,1.0,-0.2944717260032983,0.1633634506200209,skin_sun_exposed_lower_leg:17:2,0
skin_sun_exposed_lower_leg,ENSG00000267547,ENSG00000267648,0.8839510589047279,0.0367633899314465,0.0367633899314465,1.0,0.2258342440279047,0.5647760167652851,skin_sun_exposed_lower_leg:17:3,5
skin_sun_exposed_lower_leg,ENSG00000267648,ENSG00000172123,0.948847219748462,0.0420433832852447,0.0420433832852447,1.0,0.4821407380086341,0.772554848023459,skin_sun_exposed_lower_leg:17:3,5
skin_sun_exposed_lower_leg,ENSG00000276409,ENSG00000274736,0.2818934766823275,-0.0236378966082043,-0.0236595311285147,1.0,0.2079250740250005,0.4549697709469089,skin_sun_exposed_lower_leg:17:3,0
skin_sun_exposed_lower_leg,ENSG00000266013,ENSG00000161381,0.5777540091746083,0.0368642836294838,0.0368907608406016,1.0,0.4094942777207247,0.296899665334975,skin_sun_exposed_lower_leg:17:3,5
skin_sun_exposed_lower_leg,ENSG00000094796,ENSG00000234859,0.9955238942136866,0.0124385914617892,0.0124385914617892,1.0,0.7339356147261508,0.6833073373678524,skin_sun_exposed_lower_leg:17:4,3
skin_sun_exposed_lower_leg,ENSG00000175906,ENSG00000067596,0.4553448804686439,-0.0383144436381239,-0.0385520437082528,1.0,-0.3215729649671559,0.2156488407535033,skin_sun_exposed_lower_leg:17:4,0
skin_sun_exposed_lower_leg,ENSG00000266918,ENSG00000267198,1.0,0.2540827669746479,0.2540824588271229,1.0,0.5033495970373573,0.5072915084409898,skin_sun_exposed_lower_leg:17:4,7
skin_sun_exposed_lower_leg,ENSG00000285668,ENSG00000280022,0.5276004614879071,0.1110998810943686,0.1110998810943686,1.0,0.4782951089513929,0.5069588142788023,skin_sun_exposed_lower_leg:17:4,7
skin_sun_exposed_lower_leg,ENSG00000176681,ENSG00000238083,0.86221144122797,0.0198531765288042,0.0198536917580272,1.0,0.8164726837968737,0.8415696777491544,skin_sun_exposed_lower_leg:17:4,4
skin_sun_exposed_lower_leg,ENSG00000278627,ENSG00000011143,0.7494521625848094,-0.0192506523514061,-0.0192506523514061,1.0,-0.0084367458376789,0.2136641155395262,skin_sun_exposed_lower_leg:17:5,0
skin_sun_exposed_lower_leg,ENSG00000274565,ENSG00000011028,0.9969292283058168,0.0036803079746021,0.0036803079746021,0.3342404206407581,0.4906755568365703,0.7465079514428697,skin_sun_exposed_lower_leg:17:6,2
skin_sun_exposed_lower_leg,ENSG00000176194,ENSG00000280302,0.999344766139984,0.078957948726478,0.078957948726478,1.0,0.3741123157376002,0.3546221030995307,skin_sun_exposed_lower_leg:18:1,6
skin_sun_exposed_lower_leg,ENSG00000197766,ENSG00000175221,0.2389071179226292,0.0011662651018052,0.0011822627482318,1.0,0.2271858006365963,0.1066626934694065,skin_sun_exposed_lower_leg:19:0,1
skin_sun_exposed_lower_leg,ENSG00000133275,ENSG00000133243,0.1464868679514133,-0.0009855906992477,-0.0009924479809554,1.0,0.3206242313281667,0.3318273709992324,skin_sun_exposed_lower_leg:19:0,1
skin_sun_exposed_lower_leg,ENSG00000267139,ENSG00000060558,0.3129836151263703,0.0058262455079365,0.0058262452958168,1.0,0.3984066057258658,0.6283839940932759,skin_sun_exposed_lower_leg:19:0,2
skin_sun_exposed_lower_leg,ENSG00000125734,ENSG00000125733,0.176233558243851,-0.0027581332497851,-0.0027581332497851,1.0,0.0345940386884577,0.1236136626321325,skin_sun_exposed_lower_leg:19:0,1
skin_sun_exposed_lower_leg,ENSG00000104921,ENSG00000182566,0.9990296961033563,0.0,0.0,0.0,0.3806401185344903,0.6074211744291766,skin_sun_exposed_lower_leg:19:0,1
skin_sun_exposed_lower_leg,ENSG00000188321,ENSG00000188629,0.9999786019325256,0.076488213643592,0.076488213643592,1.0,0.4086799691989283,0.7004925759931664,skin_sun_exposed_lower_leg:19:0,6
skin_sun_exposed_lower_leg,ENSG00000127507,ENSG00000127530,0.6072630880219663,0.1015323459740832,0.1015391125182218,1.0,0.4451001937115383,0.4730094088925749,skin_sun_exposed_lower_leg:19:1,7
skin_sun_exposed_lower_leg,ENSG00000269044,ENSG00000267904,0.3922728785281251,0.0042847615496825,0.0042847615496825,1.0,0.3900753200388445,0.5365020555188589,skin_sun_exposed_lower_leg:19:1,2
skin_sun_exposed_lower_leg,ENSG00000099330,ENSG00000160113,0.9947760105133056,0.0203629662581478,0.0203629662581478,1.0,0.1802075416908423,0.3888025606479273,skin_sun_exposed_lower_leg:19:1,4
skin_sun_exposed_lower_leg,ENSG00000074855,ENSG00000130299,0.9996880292892456,0.0145513969566943,0.0145513969566943,1.0,0.3795804720530085,0.55164776320221,skin_sun_exposed_lower_leg:19:1,4
skin_sun_exposed_lower_leg,ENSG00000268081,ENSG00000268555,0.178116746390561,0.0650903061323398,0.0652012238161923,1.0,0.5471292323174356,0.4885686836285705,skin_sun_exposed_lower_leg:19:2,6
skin_sun_exposed_lower_leg,ENSG00000205076,ENSG00000178934,0.3887246666401722,-0.0041164613546652,-0.0041164613546652,0.0337859415676401,-0.6255216998102668,0.0903188590242418,skin_sun_exposed_lower_leg:19:3,1
skin_sun_exposed_lower_leg,ENSG00000130203,ENSG00000130208,0.3762922072378956,0.0097249869863825,0.0097057861441141,1.0,0.5517841982573685,0.481246642616941,skin_sun_exposed_lower_leg:19:4,3
skin_sun_exposed_lower_leg,ENSG00000213793,ENSG00000180257,0.1462583065228919,0.0175478278187707,0.0174800386300328,1.0,0.3702990279845739,0.5257127278882072,skin_sun_exposed_lower_leg:19:5,4
skin_sun_exposed_lower_leg,ENSG00000105048,ENSG00000129991,0.9674574732780457,0.0477071685447965,0.0477071685447965,1.0,0.4617908223806957,0.5883548962163179,skin_sun_exposed_lower_leg:19:5,6
skin_sun_exposed_lower_leg,ENSG00000197016,ENSG00000197951,0.2948793702000145,0.0127944764429624,0.0128215229111233,1.0,0.2086507418588744,0.0974325624896636,skin_sun_exposed_lower_leg:19:5,4
skin_sun_exposed_lower_leg,ENSG00000186230,ENSG00000276449,0.1117117537837941,-0.0089175892427801,-0.0089175892427801,1.0,0.0251838183911777,0.1435342707029103,skin_sun_exposed_lower_leg:19:5,0
skin_sun_exposed_lower_leg,ENSG00000235688,ENSG00000172554,0.2499371948525137,0.0070405930316411,0.0070637907686495,1.0,0.517447141642298,0.6708509787606663,skin_sun_exposed_lower_leg:2:0,3
skin_sun_exposed_lower_leg,ENSG00000115750,ENSG00000269973,0.9719131027009738,0.2185263668902204,0.2185263668902204,1.0,0.6418103117500018,0.3472433157210258,skin_sun_exposed_lower_leg:2:0,7
skin_sun_exposed_lower_leg,ENSG00000084674,ENSG00000231204,0.3559041445890685,0.0221360039355785,0.0223109645781784,1.0,0.2322290251624111,0.3814933988824487,skin_sun_exposed_lower_leg:2:2,4
skin_sun_exposed_lower_leg,ENSG00000260025,ENSG00000150938,0.121702942834343,0.0014532626903792,0.0014707860504419,1.0,0.4389271780184364,0.239125841851978,skin_sun_exposed_lower_leg:2:3,1
skin_sun_exposed_lower_leg,ENSG00000119878,ENSG00000279254,0.145145766995995,0.0113745524946962,0.0113378647724703,1.0,0.4078233706785144,0.5005984692224611,skin_sun_exposed_lower_leg:2:4,3
skin_sun_exposed_lower_leg,ENSG00000188687,ENSG00000204843,0.5089646611970373,-0.0109416161263432,-0.0109749204154129,1.0,-0.2685812532694301,-0.5094229310526118,skin_sun_exposed_lower_leg:2:7,0
skin_sun_exposed_lower_leg,ENSG00000118640,ENSG00000168899,0.1009080682689465,-0.000878048956277,-0.0008844858788134,1.0,0.1342366167452016,-0.1230131487729965,skin_sun_exposed_lower_leg:2:8,1
skin_sun_exposed_lower_leg,ENSG00000234231,ENSG00000125551,0.1749623291593955,0.0270212590662374,0.0270511325774466,1.0,0.0756520890356112,0.1028566358472783,skin_sun_exposed_lower_leg:2:8,5
skin_sun_exposed_lower_leg,ENSG00000232931,ENSG00000174501,0.5460420196335853,0.0061356559328602,0.0061370455310608,1.0,0.5126105346403823,0.6929156498715463,skin_sun_exposed_lower_leg:2:9,2
skin_sun_exposed_lower_leg,ENSG00000234997,ENSG00000272563,0.2378580346791281,0.0349972488117909,0.0349972488117909,1.0,0.5434512536721148,0.7230218762856172,skin_sun_exposed_lower_leg:2:11,5
skin_sun_exposed_lower_leg,ENSG00000231943,ENSG00000226516,0.105113023028025,0.017784736335806,0.017784736335806,1.0,0.4175753734131303,0.5079501441860804,skin_sun_exposed_lower_leg:2:11,4
skin_sun_exposed_lower_leg,ENSG00000243792,ENSG00000251491,1.0,0.3007250102535784,0.3007250102535784,1.0,0.589713094927959,0.6394028061897058,skin_sun_exposed_lower_leg:2:15,7
skin_sun_exposed_lower_leg,ENSG00000115339,ENSG00000235192,0.9545074589369592,0.0606150897410178,0.0606150897410178,1.0,0.3115005725586092,0.2802501508407949,skin_sun_exposed_lower_leg:2:16,6
skin_sun_exposed_lower_leg,ENSG00000079156,ENSG00000223960,0.1162363246045288,0.0029175988193566,0.0029175986558591,1.0,0.2580495154920925,-0.0193858290557856,skin_sun_exposed_lower_leg:2:17,2
skin_sun_exposed_lower_leg,ENSG00000064012,ENSG00000155749,0.1130928247202298,-0.0153582998479136,-0.0153700446986591,1.0,-0.2286040765348045,-0.1683678925049646,skin_sun_exposed_lower_leg:2:20,0
skin_sun_exposed_lower_leg,ENSG00000279348,ENSG00000260804,0.5442413715080114,0.0279485647593139,0.0279485647593139,1.0,0.5453125981565246,0.7686774703213866,skin_sun_exposed_lower_leg:2:21,5
skin_sun_exposed_lower_leg,ENSG00000283312,ENSG00000181798,0.9996758103370668,0.0941033297687789,0.0941033297687789,1.0,0.3048169803287505,0.5788932082794727,skin_sun_exposed_lower_leg:2:23,6
skin_sun_exposed_lower_leg,ENSG00000286588,ENSG00000223374,0.1730170830652966,0.0089105076054682,0.0089105083409166,1.0,0.127148245828373,0.3851012408447313,skin_sun_exposed_lower_leg:2:24,3
skin_sun_exposed_lower_leg,ENSG00000101361,ENSG00000101365,0.2145820118394112,-0.0018426830742632,-0.0018426830742632,1.0,0.0799771501330482,0.4820407081509229,skin_sun_exposed_lower_leg:20:0,1
skin_sun_exposed_lower_leg,ENSG00000274414,ENSG00000100994,0.1577018866449435,0.0048463233586499,0.0048293909378898,1.0,0.4110489033760933,0.6350329478770237,skin_sun_exposed_lower_leg:20:2,2
skin_sun_exposed_lower_leg,ENSG00000101210,ENSG00000125534,0.3968204855918884,0.02033913888694,0.02033913888694,1.0,0.3225386341127055,0.658272976825911,skin_sun_exposed_lower_leg:20:6,4
skin_sun_exposed_lower_leg,ENSG00000277117,ENSG00000280071,0.9933186769485474,-0.0826526726452016,-0.0826526726452016,1.0,-0.0666097908715363,-0.0385602078481629,skin_sun_exposed_lower_leg:21:0,0
skin_sun_exposed_lower_leg,ENSG00000280071,ENSG00000275464,1.0,0.2913733234595421,0.2913733234595421,1.0,0.7960100025042502,0.6803353992195891,skin_sun_exposed_lower_leg:21:0,7
skin_sun_exposed_lower_leg,ENSG00000275464,ENSG00000280433,1.0,0.1778738257165021,0.1778738257165021,1.0,0.6044760772628809,0.4441876114257896,skin_sun_exposed_lower_leg:21:0,7
skin_sun_exposed_lower_leg,ENSG00000184809,ENSG00000183067,0.9627054333686828,0.0532444795795328,0.0532444795795328,1.0,0.5829479126171595,0.7815136618028844,skin_sun_exposed_lower_leg:21:3,6
skin_sun_exposed_lower_leg,ENSG00000183844,ENSG00000183486,0.3377207144994862,0.0097173063421178,0.0098261109309931,1.0,0.255643704626927,0.4756946448036646,skin_sun_exposed_lower_leg:21:4,3
skin_sun_exposed_lower_leg,ENSG00000236384,ENSG00000232401,1.0,0.4502963313089291,0.4498137353375283,0.6719081503234156,0.7589547727745075,0.786788936157343,skin_sun_exposed_lower_leg:21:4,7
skin_sun_exposed_lower_leg,ENSG00000160282,ENSG00000160284,0.9998164772987366,0.1894337004786107,0.1894337004786107,1.0,0.392744008240811,0.3758054774568825,skin_sun_exposed_lower_leg:21:4,7
skin_sun_exposed_lower_leg,ENSG00000100056,ENSG00000063515,0.9192902166430555,-0.0300018371673281,-0.0300018371673281,1.0,-0.0347782769167578,0.2388900605806391,skin_sun_exposed_lower_leg:22:1,0
skin_sun_exposed_lower_leg,ENSG00000272829,ENSG00000099949,0.4974855550738084,0.0181233716323525,0.0180048480498496,1.0,0.1924902271038967,-0.078022383812054,skin_sun_exposed_lower_leg:22:2,4
skin_sun_exposed_lower_leg,ENSG00000279278,ENSG00000274422,0.4680925520464996,0.0553272250295931,0.0553272217825773,1.0,0.483292515256321,0.4954562447552618,skin_sun_exposed_lower_leg:22:2,6
skin_sun_exposed_lower_leg,ENSG00000274422,ENSG00000234630,0.2904512971318311,0.0361752870997232,0.0361791314575375,1.0,0.535209516384056,0.6629107641813269,skin_sun_exposed_lower_leg:22:2,5
skin_sun_exposed_lower_leg,ENSG00000272779,ENSG00000211643,1.0,0.0766717550909596,0.0766782569721845,1.0,0.6033149066921223,0.5298490419356432,skin_sun_exposed_lower_leg:22:2,6
skin_sun_exposed_lower_leg,ENSG00000272733,ENSG00000189269,0.9991383415943248,0.3254058714525409,0.3254058714525409,0.9848144700358638,0.655668884242257,0.6855255607381384,skin_sun_exposed_lower_leg:22:2,7
skin_sun_exposed_lower_leg,ENSG00000218537,ENSG00000273295,0.4999092221476218,0.3221080147161052,0.3221080331348696,1.0,0.8871459846630556,0.8525517213176411,skin_sun_exposed_lower_leg:22:2,7
skin_sun_exposed_lower_leg,ENSG00000273295,ENSG00000133433,0.4983927396203427,-0.2682973801315289,-0.2682974171491732,1.0,-0.7098119769298072,-0.6065499665749323,skin_sun_exposed_lower_leg:22:2,0
skin_sun_exposed_lower_leg,ENSG00000100014,ENSG00000128271,0.9732648111372164,0.0244293926284426,0.0244293926284426,1.0,0.2662344763995818,0.2563235375767288,skin_sun_exposed_lower_leg:22:2,5
skin_sun_exposed_lower_leg,ENSG00000100060,ENSG00000100065,0.5785478949546814,0.0287867567206452,0.0287867567206452,1.0,0.2719503864606448,0.0494886033401636,skin_sun_exposed_lower_leg:22:3,5
skin_sun_exposed_lower_leg,ENSG00000100156,ENSG00000128298,0.1255229901010928,0.0025442802708803,0.0025377391137134,1.0,0.5835211888042596,0.8054738587899788,skin_sun_exposed_lower_leg:22:3,1
skin_sun_exposed_lower_leg,ENSG00000244509,ENSG00000243811,0.1343622713768582,0.0027482071729141,0.0027625145497217,1.0,0.3522290017514765,0.4374977256524002,skin_sun_exposed_lower_leg:22:3,2
skin_sun_exposed_lower_leg,ENSG00000273243,ENSG00000093000,0.4404426695913344,0.0120070819324756,0.0120070819324756,1.0,0.1791156366457209,0.2825279810784226,skin_sun_exposed_lower_leg:22:4,3
skin_sun_exposed_lower_leg,ENSG00000130943,ENSG00000075234,0.3015097455982385,0.0209837564596774,0.0209837564596774,1.0,0.3366183408538277,0.1381528933083154,skin_sun_exposed_lower_leg:22:4,4
skin_sun_exposed_lower_leg,ENSG00000271643,ENSG00000170248,0.1077396638227448,-0.0074862327048653,-0.0075131311906572,1.0,0.0335415131290304,0.1017304016680493,skin_sun_exposed_lower_leg:3:3,0
skin_sun_exposed_lower_leg,ENSG00000168329,ENSG00000287780,0.9966679634189326,0.1973620907230556,0.1973620907230556,1.0,0.2746413776327966,0.2287279200190499,skin_sun_exposed_lower_leg:3:3,7
skin_sun_exposed_lower_leg,ENSG00000196653,ENSG00000186446,0.8496065866076208,0.0456880992189015,0.0456880992189015,1.0,0.4124393564346399,0.5804864133282736,skin_sun_exposed_lower_leg:3:4,6
skin_sun_exposed_lower_leg,ENSG00000280422,ENSG00000180929,0.1879654830317356,0.010911270235923,0.0109480178720513,1.0,0.3846730710713014,0.4808040730380806,skin_sun_exposed_lower_leg:3:5,3
skin_sun_exposed_lower_leg,ENSG00000236138,ENSG00000242516,0.5,0.2381450451788523,0.2381450451788523,1.0,0.6608157095121254,0.6312279866604764,skin_sun_exposed_lower_leg:3:7,7
skin_sun_exposed_lower_leg,ENSG00000114021,ENSG00000154174,0.1151130516081266,-0.0010013613605213,-0.0010131993817721,1.0,0.0292215928998215,0.0621478989152314,skin_sun_exposed_lower_leg:3:10,1
skin_sun_exposed_lower_leg,ENSG00000114446,ENSG00000144821,0.9940798980971052,0.0628454389042963,0.0628454389042963,1.0,0.2917334779813771,0.1929220780691146,skin_sun_exposed_lower_leg:3:10,6
skin_sun_exposed_lower_leg,ENSG00000196981,ENSG00000272758,0.1761308967846169,0.0107369897680325,0.0105699699859185,1.0,0.032482521454596,0.0822210942994461,skin_sun_exposed_lower_leg:3:12,3
skin_sun_exposed_lower_leg,ENSG00000066405,ENSG00000158163,0.2764421260418928,0.0068137412983433,0.0068821938029995,1.0,0.2928778545898278,0.2789910960056267,skin_sun_exposed_lower_leg:3:13,3
skin_sun_exposed_lower_leg,ENSG00000090512,ENSG00000113905,1.0,0.0643044845836923,0.0643044845836923,1.0,0.430454970231675,0.5369911380962128,skin_sun_exposed_lower_leg:3:18,6
skin_sun_exposed_lower_leg,ENSG00000224769,ENSG00000242086,0.9844027714331708,0.2258083077339849,0.2258083077339849,1.0,0.6308189240304604,0.627519707212645,skin_sun_exposed_lower_leg:3:19,7
skin_sun_exposed_lower_leg,ENSG00000273308,ENSG00000286909,0.9845726490020752,0.3102417822262761,0.3102417822262761,1.0,0.6531084283382096,0.704201138802901,skin_sun_exposed_lower_leg:3:19,7
skin_sun_exposed_lower_leg,ENSG00000273238,ENSG00000283183,0.1105775099665606,0.0062222365480618,0.0062222365480618,1.0,0.6665549425398211,0.7753950093339282,skin_sun_exposed_lower_leg:4:0,2
skin_sun_exposed_lower_leg,ENSG00000250986,ENSG00000184160,0.879916850160587,0.0201851733762092,0.0201851733762092,1.0,0.8137040044866128,0.8640658608101622,skin_sun_exposed_lower_leg:4:0,4
skin_sun_exposed_lower_leg,ENSG00000078177,ENSG00000260296,0.400324710087272,0.0107953334201677,0.0108000920546632,1.0,0.4209952289482634,0.3223920850037522,skin_sun_exposed_lower_leg:4:4,3
skin_sun_exposed_lower_leg,ENSG00000164342,ENSG00000109794,0.9201051937957416,0.0089034847526674,0.0089034847526674,1.0,0.1237518381176489,0.2497224355746972,skin_sun_exposed_lower_leg:4:18,3
skin_sun_exposed_lower_leg,ENSG00000205572,ENSG00000205571,0.978463649749756,0.037609252537284,0.037609252537284,1.0,0.2946159277556699,0.2666206778885995,skin_sun_exposed_lower_leg:5:7,5
skin_sun_exposed_lower_leg,ENSG00000205571,ENSG00000179978,0.9947887659072876,0.0264254697488678,0.0264254697488678,1.0,0.1446788558160274,0.1207260412763524,skin_sun_exposed_lower_leg:5:7,5
skin_sun_exposed_lower_leg,ENSG00000164291,ENSG00000178015,0.9882863759994508,0.0333691295130137,0.0333691295130137,1.0,0.4182843976575707,0.3278851745720796,skin_sun_exposed_lower_leg:5:9,5
skin_sun_exposed_lower_leg,ENSG00000248734,ENSG00000272109,0.8964232778982222,0.0451815913949552,0.0451815913949552,1.0,0.1160104221844567,0.2847957974743816,skin_sun_exposed_lower_leg:5:9,6
skin_sun_exposed_lower_leg,ENSG00000155508,ENSG00000082516,0.1087504018569553,0.0034789775723485,0.0034797472254749,1.0,0.4053274351853584,0.5597664926900799,skin_sun_exposed_lower_leg:5:15,2
skin_sun_exposed_lower_leg,ENSG00000169258,ENSG00000074317,0.3100992898254908,0.0184840591017375,0.018510346598957,1.0,0.3495647519600133,0.4685420589612056,skin_sun_exposed_lower_leg:5:17,4
skin_sun_exposed_lower_leg,ENSG00000146067,ENSG00000272459,0.1186880510923629,0.0031233487190373,0.0031369460694973,1.0,0.2242789230116336,-0.0323169187643269,skin_sun_exposed_lower_leg:5:17,2
skin_sun_exposed_lower_leg,ENSG00000137267,ENSG00000137285,0.502694845199585,-0.0243987768691134,-0.0243987768691134,1.0,0.1446241392986701,0.4788209251968809,skin_sun_exposed_lower_leg:6:0,0
skin_sun_exposed_lower_leg,ENSG00000214113,ENSG00000145982,0.9978767037391664,0.0111926358428749,0.0111926358428749,1.0,0.196518445350309,0.3855037520482227,skin_sun_exposed_lower_leg:6:0,3
skin_sun_exposed_lower_leg,ENSG00000244731,ENSG00000204338,0.9228635592554362,0.1633644981495175,0.1633644981495175,1.0,0.3283171687752725,0.3792966897199463,skin_sun_exposed_lower_leg:6:3,7
skin_sun_exposed_lower_leg,ENSG00000112130,ENSG00000137200,0.1944762428383626,0.0036537458634901,0.0036547219826667,1.0,0.1469339383282271,0.0925987624785254,skin_sun_exposed_lower_leg:6:3,2
skin_sun_exposed_lower_leg,ENSG00000137200,ENSG00000198937,0.2258048036570485,0.0050832969483242,0.0051082515430834,1.0,0.3603556215142158,-0.1807046251332666,skin_sun_exposed_lower_leg:6:3,2
skin_sun_exposed_lower_leg,ENSG00000198937,ENSG00000112139,0.2943894565658844,0.0293640348221337,0.0293640348221337,1.0,0.2904859131749576,0.2335021149268249,skin_sun_exposed_lower_leg:6:3,5
skin_sun_exposed_lower_leg,ENSG00000183826,ENSG00000124767,0.7304751873016357,0.0205940724660591,0.0205940724660591,1.0,0.2214810945608074,0.3715008541489019,skin_sun_exposed_lower_leg:6:3,4
skin_sun_exposed_lower_leg,ENSG00000153291,ENSG00000180113,0.3310523973060526,-0.0305752773433745,-0.0306263431842899,1.0,-0.109217901001964,0.4046048783844755,skin_sun_exposed_lower_leg:6:4,0
skin_sun_exposed_lower_leg,ENSG00000079819,ENSG00000118507,0.5646431929922535,0.0081355503510338,0.0081355503510338,1.0,0.0984377180878044,0.4390698557079607,skin_sun_exposed_lower_leg:6:13,3
skin_sun_exposed_lower_leg,ENSG00000273230,ENSG00000164880,0.9374194112854184,0.0234374603287509,0.0234374603287509,1.0,0.183665615255381,0.2491918115182713,skin_sun_exposed_lower_leg:7:0,4
skin_sun_exposed_lower_leg,ENSG00000122687,ENSG00000106268,0.2451984963947282,-0.0041430648584184,-0.0041430648584184,1.0,-0.0217357663398861,0.4565224139387032,skin_sun_exposed_lower_leg:7:0,1
skin_sun_exposed_lower_leg,ENSG00000225507,ENSG00000136273,0.8444506744221947,0.0317968456093242,0.0317968456093242,1.0,0.2899987989997976,0.3879970059690805,skin_sun_exposed_lower_leg:7:4,5
skin_sun_exposed_lower_leg,ENSG00000178809,ENSG00000272391,0.12902236946735,0.0056971280757911,0.0057096740923315,1.0,0.1089131626731011,-0.0512764338626237,skin_sun_exposed_lower_leg:7:7,2
skin_sun_exposed_lower_leg,ENSG00000182165,ENSG00000005469,0.4856302673108672,0.0458923193579083,0.0458923193579083,1.0,0.4819657497703201,0.5272343403064047,skin_sun_exposed_lower_leg:7:8,6
skin_sun_exposed_lower_leg,ENSG00000284981,ENSG00000285437,0.4430184521352345,0.028122699315297,0.028130014113483,1.0,0.5760626556987015,0.5750740981814699,skin_sun_exposed_lower_leg:7:10,5
skin_sun_exposed_lower_leg,ENSG00000224940,ENSG00000106348,0.4030916094779968,0.0208270617640622,0.0208270617640622,1.0,0.2654530221428435,0.457221822677848,skin_sun_exposed_lower_leg:7:12,4
skin_sun_exposed_lower_leg,ENSG00000242588,ENSG00000243302,0.6428732221358793,0.1383322372935366,0.1383370158272277,1.0,0.8204214586882609,0.8506945218054491,skin_sun_exposed_lower_leg:7:12,7
skin_sun_exposed_lower_leg,ENSG00000243302,ENSG00000230715,0.7868917118841843,0.1689652106298679,0.16896635159661,1.0,0.8618551438064339,0.8872640899999835,skin_sun_exposed_lower_leg:7:12,7
skin_sun_exposed_lower_leg,ENSG00000230715,ENSG00000229413,0.5595917543028968,0.1371180706566193,0.1371237752899447,1.0,0.7645584776161808,0.8376756588210315,skin_sun_exposed_lower_leg:7:12,7
skin_sun_exposed_lower_leg,ENSG00000243679,ENSG00000281490,0.8808656352119613,0.2343422126810948,0.2343422126810948,1.0,0.5650654538549978,0.3110293138684479,skin_sun_exposed_lower_leg:7:12,7
skin_sun_exposed_lower_leg,ENSG00000271553,ENSG00000205085,0.9999989867210388,-0.040935869668282,-0.040935869668282,1.0,0.0305455467526248,0.3375709524803079,skin_sun_exposed_lower_leg:7:12,0
skin_sun_exposed_lower_leg,ENSG00000223872,ENSG00000233191,0.1904842718154569,0.0163732111384732,0.0163732111384732,1.0,0.8125509064418,0.8285012340769363,skin_sun_exposed_lower_leg:7:15,4
skin_sun_exposed_lower_leg,ENSG00000253641,ENSG00000253649,0.1959132139146788,0.0099514939970331,0.0099514939970331,1.0,0.4532068178676362,0.5458078386967112,skin_sun_exposed_lower_leg:8:1,3
skin_sun_exposed_lower_leg,ENSG00000158806,ENSG00000158815,0.4222902175685732,0.0111433186536837,0.0112142169440135,1.0,0.452585769247864,0.5798780782227327,skin_sun_exposed_lower_leg:8:2,3
skin_sun_exposed_lower_leg,ENSG00000226490,ENSG00000287677,0.9674234390258788,0.0299033160033432,0.0299033160033432,1.0,0.4006485243188191,0.4749743976228329,skin_sun_exposed_lower_leg:8:14,5
skin_sun_exposed_lower_leg,ENSG00000287332,ENSG00000171045,0.1211756900313716,0.0037167005716281,0.0036984894670832,1.0,0.0983200081466516,0.0274105889509321,skin_sun_exposed_lower_leg:8:14,2
skin_sun_exposed_lower_leg,ENSG00000272871,ENSG00000229029,0.3901714336709041,0.0221259199061047,0.0221815103552261,1.0,0.2499865287364539,0.4075835614557097,skin_sun_exposed_lower_leg:9:1,4
skin_sun_exposed_lower_leg,ENSG00000229029,ENSG00000175893,0.3426791429519653,0.0243395597680173,0.0243395597680173,1.0,0.2986241050892234,0.4436286225873482,skin_sun_exposed_lower_leg:9:1,5
skin_sun_exposed_lower_leg,ENSG00000286322,ENSG00000165272,0.6278828527377627,0.0407371939669307,0.0407371939669307,1.0,0.2392587176839201,-0.1966859923283037,skin_sun_exposed_lower_leg:9:3,5
skin_sun_exposed_lower_leg,ENSG00000288062,ENSG00000275318,0.3014353037886366,0.0286048724527278,0.0286619032864709,1.0,0.2535975701424329,0.3259333602483572,skin_sun_exposed_lower_leg:9:9,5
skin_sun_exposed_lower_leg,ENSG00000127081,ENSG00000127084,0.6618530390095465,0.0318022121005198,0.0318022121005198,1.0,0.2178857439266368,0.1331910775145602,skin_sun_exposed_lower_leg:9:9,5
skin_sun_exposed_lower_leg,ENSG00000254876,ENSG00000197816,0.9999938011169434,0.0531255665677895,0.0531255024968316,1.0,0.3450901445596311,0.5978525944739503,skin_sun_exposed_lower_leg:9:9,6
skin_sun_exposed_lower_leg,ENSG00000259953,ENSG00000106868,0.2359158599622333,0.0082785568340596,0.0082785568340596,1.0,0.5418653876713588,0.6671474552994273,skin_sun_exposed_lower_leg:9:11,3
skin_sun_exposed_lower_leg,ENSG00000228623,ENSG00000136866,0.3501323156399394,0.006903587744566,0.006903587744566,1.0,0.3382427836502169,0.4253412699722536,skin_sun_exposed_lower_leg:9:11,3
skin_sun_exposed_lower_leg,ENSG00000175283,ENSG00000095319,0.9876921589354168,0.0,0.0,0.0,0.0799935708485611,0.4119930584559551,skin_sun_exposed_lower_leg:9:12,1
skin_sun_exposed_lower_leg,ENSG00000177239,ENSG00000176978,0.2442990236228155,0.0091924571595154,0.0091987930069213,1.0,0.1300996927039956,0.463520800388084,skin_sun_exposed_lower_leg:9:13,3
skin_sun_exposed_lower_leg,ENSG00000165802,ENSG00000130653,0.9969617186805309,0.0314451712145174,0.0314451712145174,1.0,0.1894982312430143,0.1822265952633726,skin_sun_exposed_lower_leg:9:13,5
skin_sun_exposed_lower_leg,ENSG00000130653,ENSG00000182154,0.9644087549861596,-0.0318629649499006,-0.0318629649499006,1.0,-0.0157635153357849,0.3269014956778403,skin_sun_exposed_lower_leg:9:13,0
skin_sun_exposed_lower_leg,ENSG00000236871,ENSG00000236017,1.0,0.1831036680514224,0.1831036680514224,0.7887367999489288,0.7834400041425349,0.8284292382577404,skin_sun_exposed_lower_leg:X:0,7
skin_sun_exposed_lower_leg,ENSG00000165197,ENSG00000087842,0.1536336009970398,0.0034626240412398,0.0034626240412398,1.0,0.3379884814588799,0.1854937305306482,skin_sun_exposed_lower_leg:X:1,2
skin_sun_exposed_lower_leg,ENSG00000147162,ENSG00000147174,0.3713846268301211,-0.0038588936585837,-0.0038662707254449,1.0,-0.005294644179896,0.4023948368471972,skin_sun_exposed_lower_leg:X:7,1
skin_sun_exposed_lower_leg,ENSG00000228492,ENSG00000271533,0.8363061090862871,0.0104249208689133,0.0104249208689133,1.0,0.3761714926822732,0.5975882231316784,skin_sun_exposed_lower_leg:X:7,3
skin_sun_exposed_lower_leg,ENSG00000233680,ENSG00000179031,0.7847204047715977,-0.0073260269256562,-0.0073362571536281,1.0,0.1677712316276059,0.5935318981732786,skin_sun_exposed_lower_leg:X:10,0
skin_sun_exposed_lower_leg,ENSG00000203930,ENSG00000182195,0.9993997897789376,0.009913133786736,0.009913133786736,1.0,0.1739023453165204,-0.0056293765654584,skin_sun_exposed_lower_leg:X:14,3
skin_sun_exposed_lower_leg,ENSG00000238039,ENSG00000241769,1.0,0.1374506189327848,0.1374506189327848,1.0,0.6451531332601423,0.6869705460625605,skin_sun_exposed_lower_leg:X:14,7
skin_sun_exposed_lower_leg,ENSG00000184343,ENSG00000067829,0.7484733058402888,-0.0068074312095194,-0.0068074312095194,1.0,-0.0703191406576571,-0.1332599628691805,skin_sun_exposed_lower_leg:X:15,0
esophagus_mucosa,ENSG00000223764,ENSG00000187634,0.1161236743450899,0.0027904222885295,0.0027904222885295,1.0,0.6025816197973844,0.5666419788437953,esophagus_mucosa:1:0,2
esophagus_mucosa,ENSG00000225285,ENSG00000179403,0.4037441090069933,0.0135840907193872,0.0135840907193872,1.0,0.5694808069550336,0.7013245922799562,esophagus_mucosa:1:0,4
esophagus_mucosa,ENSG00000008128,ENSG00000227775,1.0,0.1363924942196562,0.1363924942196562,1.0,0.4217289452798217,0.2763979587063388,esophagus_mucosa:1:0,7
esophagus_mucosa,ENSG00000224387,ENSG00000229393,0.9920336017568444,0.0892590580568789,0.0892590580568789,1.0,0.5916101902594947,0.7921062835496648,esophagus_mucosa:1:0,6
esophagus_mucosa,ENSG00000198912,ENSG00000236423,0.1231043443534787,-0.0039551065194168,-0.0039602115060515,1.0,-0.050866585503159,0.1119370611423322,esophagus_mucosa:1:0,1
esophagus_mucosa,ENSG00000162494,ENSG00000162493,0.3343578207198732,0.011558158862623,0.011558158862623,1.0,0.3472252154462221,0.1416754770242179,esophagus_mucosa:1:1,3
esophagus_mucosa,ENSG00000142623,ENSG00000142619,0.1902435424268205,0.0019560825556772,0.0019617851325024,1.0,0.6702326496084607,0.8750523111501775,esophagus_mucosa:1:1,1
esophagus_mucosa,ENSG00000211454,ENSG00000162482,0.4999938605037783,0.0252273617585911,0.0252273617585911,1.0,0.3953028191399145,0.603669362644289,esophagus_mucosa:1:1,5
esophagus_mucosa,ENSG00000189280,ENSG00000189433,0.4125623963739429,0.0095774112762982,0.0094990671773649,0.8520916760380242,0.4747027843510031,0.6377876985236768,esophagus_mucosa:1:3,3
esophagus_mucosa,ENSG00000189433,ENSG00000188910,0.3662187221423707,0.0079275920564545,0.0079275920564545,1.0,0.468895875397573,0.6343546415246452,esophagus_mucosa:1:3,3
esophagus_mucosa,ENSG00000183386,ENSG00000183520,0.2571109533309936,0.005025264056925,0.005025264056925,1.0,0.2944624789601985,0.2341380725881995,esophagus_mucosa:1:3,2
esophagus_mucosa,ENSG00000272864,ENSG00000116791,0.1925747915065301,0.0411613816889895,0.0411613816889895,1.0,0.3067486531755614,0.1918492250106407,esophagus_mucosa:1:7,5
esophagus_mucosa,ENSG00000266338,ENSG00000196369,0.5964293934498244,0.0169453709142166,0.0170275571194853,1.0,0.0560045633779684,0.1759581173141957,esophagus_mucosa:1:14,4
esophagus_mucosa,ENSG00000131788,ENSG00000198483,1.0,0.0964381844528471,0.0964381844528471,0.6746582612796398,0.4444046046596932,0.5357734039231663,esophagus_mucosa:1:14,6
esophagus_mucosa,ENSG00000286219,ENSG00000271383,1.0,0.0842590614244592,0.0850100349651427,1.0,0.5668107259170783,0.6268308834067224,esophagus_mucosa:1:14,6
esophagus_mucosa,ENSG00000225556,ENSG00000234614,0.2247274401786612,0.0091074351552303,0.0092262800856233,1.0,0.5982801355312967,0.552608097679588,esophagus_mucosa:1:15,3
esophagus_mucosa,ENSG00000236427,ENSG00000197915,0.1524360995464349,-0.0138866823167673,-0.0138829028212044,1.0,0.0616710498274316,0.4148281284411014,esophagus_mucosa:1:15,0
esophagus_mucosa,ENSG00000160678,ENSG00000160679,0.1373036710155517,-0.0069977907460744,-0.0069937797672068,1.0,-0.0351951574615887,0.1724208406935588,esophagus_mucosa:1:15,0
esophagus_mucosa,ENSG00000272068,ENSG00000272405,0.6946646015280606,0.0423986810334181,0.0424336945053846,1.0,0.6241509957392576,0.6940425105517832,esophagus_mucosa:1:15,5
esophagus_mucosa,ENSG00000272405,ENSG00000229953,0.2172292229517296,0.0157443986067801,0.0156536339597442,1.0,0.741004751397988,0.7774810148048025,esophagus_mucosa:1:15,4
esophagus_mucosa,ENSG00000198929,ENSG00000239887,0.9999991059303284,0.0696218801350542,0.0697279165092472,1.0,0.7956024341458345,0.6997282645788832,esophagus_mucosa:1:16,6
esophagus_mucosa,ENSG00000135845,ENSG00000094975,0.940747857093811,0.0128062600187475,0.0128062600187475,1.0,0.3115196067101727,0.2343119199066441,esophagus_mucosa:1:17,4
esophagus_mucosa,ENSG00000117139,ENSG00000228288,0.1406312759905006,0.0088360593598921,0.0088469232700382,1.0,0.3244517116137994,0.3881635587367842,esophagus_mucosa:1:20,3
esophagus_mucosa,ENSG00000260855,ENSG00000227953,0.5472628324897428,0.008074249944369,0.0081453998905711,1.0,0.355190227135832,0.6403781838739977,esophagus_mucosa:1:24,3
esophagus_mucosa,ENSG00000152465,ENSG00000148468,0.30170339345932,0.0076656896921557,0.0076656896921557,1.0,0.2197492330095581,0.2560044103942305,esophagus_mucosa:10:1,3
esophagus_mucosa,ENSG00000204175,ENSG00000204176,0.5729953687582778,0.0134763092828773,0.0134763092828773,1.0,0.2412726441909133,0.3833893403029001,esophagus_mucosa:10:4,4
esophagus_mucosa,ENSG00000099282,ENSG00000287306,0.2443519137802496,0.0442788052928222,0.0442788052928221,1.0,0.3801520537871556,0.3205378056212254,esophagus_mucosa:10:6,5
esophagus_mucosa,ENSG00000236842,ENSG00000148655,0.1570893530480646,-0.0072354606418078,-0.0072354606418078,1.0,0.0187859080902462,0.3081353982489643,esophagus_mucosa:10:7,0
esophagus_mucosa,ENSG00000148600,ENSG00000204033,0.3157429057377499,0.0626868758856142,0.062692103803011,1.0,0.764460424906045,0.7682128680668713,esophagus_mucosa:10:8,6
esophagus_mucosa,ENSG00000119986,ENSG00000155254,0.1258035753386295,0.0045551049619231,0.0045239292662066,1.0,0.1742317799856099,0.1247668331327598,esophagus_mucosa:10:9,2
esophagus_mucosa,ENSG00000023041,ENSG00000151532,0.4970762078319524,0.0161584457253257,0.0161584457253257,1.0,0.3146273649974324,0.4761378642151308,esophagus_mucosa:10:11,4
esophagus_mucosa,ENSG00000188211,ENSG00000260196,1.0,0.1063379918076998,0.1063379918076998,1.0,0.8753004047754557,0.3848808407085973,esophagus_mucosa:11:1,7
esophagus_mucosa,ENSG00000260196,ENSG00000187486,1.0,0.2888764783745314,0.2888764783745314,1.0,0.7314142404394834,0.6621527229371843,esophagus_mucosa:11:1,7
esophagus_mucosa,ENSG00000205177,ENSG00000085063,0.8805749904698175,0.0195385211074894,0.0195385211074894,1.0,0.4101018003676805,0.566448392888313,esophagus_mucosa:11:3,4
esophagus_mucosa,ENSG00000110455,ENSG00000151348,1.0,0.072062947378556,0.072062947378556,1.0,0.0637115295738988,-0.166291214673845,esophagus_mucosa:11:4,6
esophagus_mucosa,ENSG00000242689,ENSG00000280010,0.1179141044107154,0.0068608456997095,0.0068995599477083,1.0,0.3850710878381617,0.4718129477615242,esophagus_mucosa:11:5,3
esophagus_mucosa,ENSG00000167985,ENSG00000162148,0.2499217399988254,-0.0047113658973803,-0.0047113658973803,1.0,-0.157915425703296,-0.2496322962235268,esophagus_mucosa:11:6,1
esophagus_mucosa,ENSG00000134780,ENSG00000124920,0.3200000290512967,0.0220180919393281,0.022032220840834,1.0,0.5138997945646778,0.6143791231780977,esophagus_mucosa:11:6,4
esophagus_mucosa,ENSG00000110057,ENSG00000006534,0.4056914077540625,0.0178487569957473,0.0178487569957473,1.0,0.4521960063270682,0.3860003124489918,esophagus_mucosa:11:6,4
esophagus_mucosa,ENSG00000188997,ENSG00000118369,0.153058726989844,0.0022031486076687,0.0022095972686308,1.0,0.3352878409413366,0.0649599040282295,esophagus_mucosa:11:7,1
esophagus_mucosa,ENSG00000182985,ENSG00000246100,0.3315867442514673,0.011620347175042,0.011620347175042,1.0,0.5003738838035023,0.366272353613337,esophagus_mucosa:11:11,3
esophagus_mucosa,ENSG00000010278,ENSG00000008323,0.4443569719516276,0.0038988799477143,0.0039184646203789,1.0,0.1866099908763677,0.4732660022573132,esophagus_mucosa:12:0,2
esophagus_mucosa,ENSG00000110811,ENSG00000111664,0.1843141908373269,0.0036963335197405,0.0036963335197405,1.0,0.3573156473042326,0.7398001341513165,esophagus_mucosa:12:0,2
esophagus_mucosa,ENSG00000255837,ENSG00000256537,0.2071418754743952,0.0206872522777586,0.020687175705136,1.0,0.2470708334070371,0.094669764663678,esophagus_mucosa:12:1,4
esophagus_mucosa,ENSG00000256537,ENSG00000247157,0.2020064773055914,0.0269709046559632,0.0269674890811801,1.0,0.2188007070858229,0.0509831056693429,esophagus_mucosa:12:1,5
esophagus_mucosa,ENSG00000255649,ENSG00000256751,0.1890621934901482,-0.0042132103530035,-0.0042338982518354,1.0,0.0215382900298745,0.4172858856291157,esophagus_mucosa:12:1,1
esophagus_mucosa,ENSG00000280054,ENSG00000079337,0.999226570175491,0.0392957716505468,0.0392957716505468,1.0,0.453114123904145,0.2931678714883239,esophagus_mucosa:12:4,5
esophagus_mucosa,ENSG00000111666,ENSG00000111670,0.5304757080322418,0.0187119856835456,0.0187309235936457,1.0,0.2618439651664301,0.2748054746532418,esophagus_mucosa:12:10,4
esophagus_mucosa,ENSG00000198598,ENSG00000177169,0.3005061365939028,-0.0025585612692293,-0.002564585596884,1.0,0.0828850124417697,0.229552946128432,esophagus_mucosa:12:13,1
esophagus_mucosa,ENSG00000165474,ENSG00000121742,0.6469585126287924,0.0084695088620219,0.008484822093823,1.0,0.671857524184592,0.8627952228047995,esophagus_mucosa:13:2,3
esophagus_mucosa,ENSG00000121742,ENSG00000165475,0.7819465513141033,-0.0262123727636643,-0.0262123727636643,1.0,0.045480410644911,0.3928155370806737,esophagus_mucosa:13:2,0
esophagus_mucosa,ENSG00000224429,ENSG00000180776,0.2219893449603027,0.0131953742202952,0.0130689087929542,1.0,0.4515036235228432,0.2850400971433137,esophagus_mucosa:13:2,4
esophagus_mucosa,ENSG00000102760,ENSG00000288598,0.7716029738040859,0.0151127055819938,0.0151127055819938,1.0,0.0505713662512405,-0.011082742062332,esophagus_mucosa:13:4,4
esophagus_mucosa,ENSG00000136144,ENSG00000152213,0.4181431941730871,0.00887774296873,0.0089790631639669,1.0,0.1509642899329112,0.1747222474222179,esophagus_mucosa:13:4,3
esophagus_mucosa,ENSG00000267868,ENSG00000235280,0.5510903341956634,0.0331927255743787,0.0331927255743787,1.0,0.5024029547382864,0.6458974646421796,esophagus_mucosa:13:11,5
esophagus_mucosa,ENSG00000157326,ENSG00000187630,0.9999139318063044,0.0253979646641066,0.0253979646641066,1.0,0.5242304054306653,0.7268281666583193,esophagus_mucosa:14:2,5
esophagus_mucosa,ENSG00000139998,ENSG00000257365,0.2610034909441445,-0.0045190601510806,-0.0045358060818052,1.0,0.0927383490752674,-0.2151401593122315,esophagus_mucosa:14:6,1
esophagus_mucosa,ENSG00000119673,ENSG00000279026,1.0,0.0548717536374593,0.0548717536374593,1.0,0.1961230406414326,0.3179891501847632,esophagus_mucosa:14:7,6
esophagus_mucosa,ENSG00000260711,ENSG00000165929,0.3430936306199115,0.0135300113083142,0.0135428758318319,1.0,0.4885394095835907,0.3247858616370868,esophagus_mucosa:14:9,4
esophagus_mucosa,ENSG00000185100,ENSG00000184990,0.1388137215634586,0.0083947459520628,0.0084179690275109,1.0,0.3983769258759154,0.1115144761757295,esophagus_mucosa:14:10,3
esophagus_mucosa,ENSG00000270550,ENSG00000231475,0.6919950921036957,0.0079595782072377,0.0079595782072377,1.0,0.7335010007774352,0.8974669505983166,esophagus_mucosa:14:10,3
esophagus_mucosa,ENSG00000261794,ENSG00000247728,0.7349289653868638,-0.0255796681458017,-0.0255923969602459,1.0,-0.1142003940756174,0.2551467066444968,esophagus_mucosa:15:3,0
esophagus_mucosa,ENSG00000184507,ENSG00000176454,0.9425862341716708,0.0311142055402894,0.0311142055402894,1.0,0.3832285486097052,0.2676252368925594,esophagus_mucosa:15:3,5
esophagus_mucosa,ENSG00000286786,ENSG00000259326,0.3103345376185302,0.0207532406555228,0.0207410628281886,1.0,0.5198042033182443,0.8104218773840984,esophagus_mucosa:15:3,4
esophagus_mucosa,ENSG00000128944,ENSG00000128928,0.3001474414994476,-0.0198695409416211,-0.0198695409416211,1.0,-0.1013403731103818,-0.3147496216997723,esophagus_mucosa:15:4,0
esophagus_mucosa,ENSG00000159337,ENSG00000168907,0.2211317357907205,0.0135930584039251,0.0135930584039251,1.0,0.418554273353839,0.4592864391718322,esophagus_mucosa:15:4,4
esophagus_mucosa,ENSG00000275601,ENSG00000223572,0.2616112303409466,0.0314621384601726,0.0314621384601726,1.0,0.3434402486124035,0.2017983924550995,esophagus_mucosa:15:4,5
esophagus_mucosa,ENSG00000166949,ENSG00000103591,0.9992411732673644,-0.0249360378847051,-0.0249360378847051,1.0,-0.127851003165978,-0.0918079241220538,esophagus_mucosa:15:6,0
esophagus_mucosa,ENSG00000140506,ENSG00000213578,0.1403924802420171,0.0124247621556159,0.0124626427946639,1.0,0.776986091585289,0.8313248830099589,esophagus_mucosa:15:7,3
esophagus_mucosa,ENSG00000140474,ENSG00000140497,0.103682019061182,0.00042429086968,0.0004296637800191,1.0,0.048112261739403,0.6922618677659075,esophagus_mucosa:15:7,1
esophagus_mucosa,ENSG00000259291,ENSG00000182054,0.1249153593787468,0.0139976547803595,0.0140070181492045,1.0,0.3801870590097767,0.3780331594970837,esophagus_mucosa:15:9,4
esophagus_mucosa,ENSG00000258647,ENSG00000258676,0.6449588157266817,0.0178964873081985,0.0178964873081985,1.0,0.5206259648498254,0.570318087522828,esophagus_mucosa:15:9,4
esophagus_mucosa,ENSG00000259341,ENSG00000068305,0.9159743109970008,0.0277405805452226,0.0277405805452226,1.0,0.3925359127815973,0.1876795220374399,esophagus_mucosa:15:9,5
esophagus_mucosa,ENSG00000270127,ENSG00000259205,0.8119277954101562,0.3116058458775772,0.3116058458775772,1.0,0.8634693060562837,0.7654173280023643,esophagus_mucosa:15:10,7
esophagus_mucosa,ENSG00000255513,ENSG00000255198,0.1533683942871988,0.0,0.0,0.0,0.002930612797309,0.1125764340552007,esophagus_mucosa:16:0,1
esophagus_mucosa,ENSG00000183426,ENSG00000179889,0.1170640871355743,0.0030079412270572,0.0029751278950555,1.0,0.0180233601042307,-0.3135762783640858,esophagus_mucosa:16:1,2
esophagus_mucosa,ENSG00000261819,ENSG00000275910,0.7188218521484089,0.0317735669523052,0.0317735669523052,1.0,0.4602492528264822,0.6003654972210754,esophagus_mucosa:16:1,5
esophagus_mucosa,ENSG00000205746,ENSG00000254681,1.0,0.0633312973682331,0.0633312973682331,1.0,0.7654597829521971,0.782996234161694,esophagus_mucosa:16:1,6
esophagus_mucosa,ENSG00000250616,ENSG00000102886,0.4917740665975358,-0.0069680812102638,-0.0069680817161935,1.0,0.1716491263586745,0.0443044056048807,esophagus_mucosa:16:3,0
esophagus_mucosa,ENSG00000261367,ENSG00000275371,0.4999999999854481,-0.0334017915147367,-0.0334017952459335,1.0,0.1008617822659411,0.1771399685794513,esophagus_mucosa:16:3,0
esophagus_mucosa,ENSG00000261804,ENSG00000262714,0.7342451837573805,0.1520351236629118,0.1520351236629118,1.0,0.8099193968925646,0.7977288638628823,esophagus_mucosa:16:5,7
esophagus_mucosa,ENSG00000205364,ENSG00000205362,0.4236017940853003,0.0093186776897168,0.00935109385564,1.0,0.8017984240251197,0.8421354158326109,esophagus_mucosa:16:5,3
esophagus_mucosa,ENSG00000246898,ENSG00000166546,0.5154646794809636,0.0341451478762898,0.0341451478762898,1.0,0.3512389459361988,0.2060631261587266,esophagus_mucosa:16:6,5
esophagus_mucosa,ENSG00000166595,ENSG00000172831,0.2431556062192186,0.0095794558045338,0.0095897786327746,1.0,0.5597108690409435,0.5261245607350638,esophagus_mucosa:16:6,3
esophagus_mucosa,ENSG00000223496,ENSG00000090861,0.1263707880779918,-0.0060683497281459,-0.0060683497281459,1.0,-0.1380787594829511,0.1715457677799824,esophagus_mucosa:16:7,0
esophagus_mucosa,ENSG00000270020,ENSG00000103248,0.5,-0.0542592464248109,-0.0542592452975579,1.0,-0.2506631568239149,0.052715680718666,esophagus_mucosa:16:8,0
esophagus_mucosa,ENSG00000272636,ENSG00000273172,0.987080454826355,-0.0296680948512673,-0.0295695114579347,1.0,0.245170986285185,0.408399457084492,esophagus_mucosa:17:0,0
esophagus_mucosa,ENSG00000273172,ENSG00000181031,0.2252458527617307,0.0297736125877173,0.0297736125877173,1.0,0.3672080891793144,0.4635838579588441,esophagus_mucosa:17:0,5
esophagus_mucosa,ENSG00000185561,ENSG00000186594,0.3047231783328072,0.0061668775447867,0.0061833195351875,1.0,0.2068212890540981,0.259765113475772,esophagus_mucosa:17:0,2
esophagus_mucosa,ENSG00000167721,ENSG00000141258,1.0,0.0264230320813861,0.0264230320813861,1.0,0.3094899392973999,-0.4114372456973319,esophagus_mucosa:17:0,5
esophagus_mucosa,ENSG00000197417,ENSG00000040531,0.1012507112019385,0.0077453810164289,0.007807341838484,1.0,0.4760632467694806,0.1605675452864686,esophagus_mucosa:17:0,3
esophagus_mucosa,ENSG00000234327,ENSG00000129204,1.0,0.1818714949162961,0.1818714949162961,1.0,0.5828434493373497,0.5164056366458628,esophagus_mucosa:17:0,7
esophagus_mucosa,ENSG00000181856,ENSG00000006047,0.9713104367256165,0.0500417393041729,0.0500417393041729,1.0,0.3573908511935344,0.1767298657453395,esophagus_mucosa:17:0,6
esophagus_mucosa,ENSG00000214999,ENSG00000179148,0.9874957912062144,0.1369372952033643,0.1369372952033643,1.0,0.7185123518748011,0.7791108288253127,esophagus_mucosa:17:0,7
esophagus_mucosa,ENSG00000153976,ENSG00000236088,0.2241237584905846,0.0080664747618287,0.0081506644368522,1.0,0.3931276348548918,0.3647030777282615,esophagus_mucosa:17:1,3
esophagus_mucosa,ENSG00000265519,ENSG00000276855,0.1063517155198781,0.006100273891079,0.0061277090943756,1.0,0.4704531777211266,0.6188152124915298,esophagus_mucosa:17:1,2
esophagus_mucosa,ENSG00000171916,ENSG00000273018,0.19405378742821,0.0300778369573174,0.0300722324617141,1.0,0.2787540154561097,0.158838510385513,esophagus_mucosa:17:1,5
esophagus_mucosa,ENSG00000275152,ENSG00000276409,0.3641859042246267,0.0155108241673562,0.0155108241673562,1.0,0.5329533746349789,0.6638338872501209,esophagus_mucosa:17:3,4
esophagus_mucosa,ENSG00000276409,ENSG00000274736,0.3077058583644216,-0.0192450614360088,-0.0191897136483552,1.0,0.3580958702020083,0.5381334368320054,esophagus_mucosa:17:3,0
esophagus_mucosa,ENSG00000131475,ENSG00000126562,0.9940716624259948,0.0142656046916502,0.0142656046916502,1.0,0.3517385915002083,0.520544275479398,esophagus_mucosa:17:4,4
esophagus_mucosa,ENSG00000214401,ENSG00000228696,0.1166066820432973,0.0,0.0,0.0,0.0198659316018401,0.0488486917199951,esophagus_mucosa:17:4,1
esophagus_mucosa,ENSG00000176681,ENSG00000238083,0.952213474712316,0.0001150156084513,0.0001161514626954,0.0004984168977692,0.542897913370099,0.6722025732497344,esophagus_mucosa:17:4,1
esophagus_mucosa,ENSG00000253730,ENSG00000108823,0.3965758736743652,0.0128802521326112,0.0127865733252492,1.0,0.4063767480949698,0.6247256526357478,esophagus_mucosa:17:5,4
esophagus_mucosa,ENSG00000274565,ENSG00000011028,0.7717476845120075,0.016708244611388,0.016708244611388,1.0,0.5362036370951951,0.7956948988574444,esophagus_mucosa:17:6,4
esophagus_mucosa,ENSG00000257949,ENSG00000250506,0.2555442980940796,0.0048608354114038,0.0048676121579284,1.0,0.3479651046448172,0.4096214569467158,esophagus_mucosa:17:7,2
esophagus_mucosa,ENSG00000129646,ENSG00000161542,0.9999585749072396,0.066665213302369,0.066665213302369,1.0,0.3682186014492521,0.4462989186194502,esophagus_mucosa:17:7,6
esophagus_mucosa,ENSG00000185168,ENSG00000185332,0.2247164083216546,0.0038157497517721,0.0039192287541128,1.0,0.4634716560201391,0.6545532412981371,esophagus_mucosa:17:8,2
esophagus_mucosa,ENSG00000176225,ENSG00000170677,0.1916245664247,0.0047009675086461,0.0047779839287378,1.0,0.0643963914590931,-0.0477642607024134,esophagus_mucosa:18:7,2
esophagus_mucosa,ENSG00000174886,ENSG00000187650,0.1165181546902367,0.0080992851057951,0.0081456281547416,1.0,0.4841892985098604,0.215075117841074,esophagus_mucosa:19:0,3
esophagus_mucosa,ENSG00000187650,ENSG00000267571,0.1197971129807555,0.0074466144243797,0.0074717497639529,1.0,0.65611009533402,0.7013565961079589,esophagus_mucosa:19:0,3
esophagus_mucosa,ENSG00000174788,ENSG00000268204,0.1177068616110332,0.0078948658870222,0.0079087824762419,1.0,0.5673404245689104,0.6899244959053192,esophagus_mucosa:19:0,3
esophagus_mucosa,ENSG00000188321,ENSG00000188629,0.9999990463256836,0.0734465934013372,0.0734465934013372,1.0,0.3891162389768137,0.7453237692778649,esophagus_mucosa:19:0,6
esophagus_mucosa,ENSG00000240616,ENSG00000161860,0.7531540236922964,-0.0203508225715801,-0.0203716677079624,1.0,0.0986530904203188,0.1383007582555797,esophagus_mucosa:19:1,0
esophagus_mucosa,ENSG00000141858,ENSG00000072062,0.1755040433296884,0.0060090813461553,0.0060090813461553,1.0,0.3194978506177695,0.3828504989983664,esophagus_mucosa:19:1,2
esophagus_mucosa,ENSG00000267056,ENSG00000171903,1.0,0.3404912144555832,0.3404912144555832,1.0,0.9264780074758376,0.9069224576189892,esophagus_mucosa:19:1,7
esophagus_mucosa,ENSG00000105650,ENSG00000284797,0.3661201000213623,0.0449936052639251,0.0449936052639251,1.0,0.4850187997785977,0.490009906069025,esophagus_mucosa:19:1,5
esophagus_mucosa,ENSG00000172687,ENSG00000196268,0.1245941072255405,0.0066538504242852,0.0066538504242852,1.0,0.3627864248104854,0.5991275431994243,esophagus_mucosa:19:2,2
esophagus_mucosa,ENSG00000196268,ENSG00000268119,0.1851555163086757,0.0388306251197765,0.0388306251197765,1.0,0.5222054055356796,0.4952744810653227,esophagus_mucosa:19:2,5
esophagus_mucosa,ENSG00000268119,ENSG00000268658,0.2226822209766084,0.0810894916930888,0.0813884755569366,1.0,0.5572227159688848,0.5844355331515524,esophagus_mucosa:19:2,6
esophagus_mucosa,ENSG00000268081,ENSG00000268555,0.4543547599510553,0.1842635158661405,0.1844193789716233,1.0,0.6722032847785665,0.5271896062099802,esophagus_mucosa:19:2,7
esophagus_mucosa,ENSG00000088002,ENSG00000105523,0.9999734163284302,0.0116494850142034,0.0116494850142034,1.0,-0.1540624385162561,-0.2072422992738657,esophagus_mucosa:19:4,3
esophagus_mucosa,ENSG00000104805,ENSG00000104808,0.3671819959650406,0.0179143568785204,0.0179143568785204,1.0,0.3872721023734246,0.3472384842027109,esophagus_mucosa:19:4,4
esophagus_mucosa,ENSG00000104808,ENSG00000087088,0.9997158776930136,0.0321994173561835,0.0321994173561835,1.0,0.1459402545987841,-0.0490838322088295,esophagus_mucosa:19:4,5
esophagus_mucosa,ENSG00000087088,ENSG00000087086,0.8621385090638825,0.0096834750999715,0.0096834750999715,1.0,0.1922043116757311,0.1244508872371087,esophagus_mucosa:19:4,3
esophagus_mucosa,ENSG00000269352,ENSG00000039650,0.1375074428518772,0.0044430609720669,0.0044539192275718,1.0,0.4504423260974163,0.6267511972789592,esophagus_mucosa:19:4,2
esophagus_mucosa,ENSG00000129451,ENSG00000167757,0.7317781290092853,0.0138240967683814,0.0138240967683814,1.0,0.3850404951292398,0.6300643486480307,esophagus_mucosa:19:5,4
esophagus_mucosa,ENSG00000167757,ENSG00000186474,0.7540745735168457,0.0636416997159049,0.0636416997159049,1.0,0.3836426537464135,0.5957828700131205,esophagus_mucosa:19:5,6
esophagus_mucosa,ENSG00000268906,ENSG00000167759,0.9997333907721212,0.1526252909818618,0.1526252909818618,1.0,0.5795284653967296,0.6948783618852916,esophagus_mucosa:19:5,7
esophagus_mucosa,ENSG00000167562,ENSG00000123870,0.9643345561281258,0.0196892736300056,0.0196892736300056,1.0,0.4294784488672895,0.6432285875746165,esophagus_mucosa:19:5,4
esophagus_mucosa,ENSG00000182986,ENSG00000213793,0.3543175177214266,0.0245354776397747,0.0245354776397747,1.0,0.3829917103688666,0.5370516377970077,esophagus_mucosa:19:5,5
esophagus_mucosa,ENSG00000125505,ENSG00000170892,0.105859658380524,0.0016524010940508,0.0016564224099981,1.0,0.4423594524626566,0.2684988751402371,esophagus_mucosa:19:5,1
esophagus_mucosa,ENSG00000197016,ENSG00000197951,0.1648347364530096,0.0034638607532361,0.0034770260949375,1.0,0.2439015285832204,0.3157145750789199,esophagus_mucosa:19:5,2
esophagus_mucosa,ENSG00000186230,ENSG00000276449,0.4922099135001687,-0.1016607789552013,-0.1016607789552013,1.0,-0.2893334735370518,-0.1418582979896567,esophagus_mucosa:19:5,0
esophagus_mucosa,ENSG00000179909,ENSG00000083814,0.9610676169395448,0.0,0.0,0.0,0.520468197291281,0.6262054439549135,esophagus_mucosa:19:5,1
esophagus_mucosa,ENSG00000198466,ENSG00000269867,0.2802478911347101,0.0118065954753058,0.0119466827980949,1.0,0.4888431718160049,0.4359126849154552,esophagus_mucosa:19:5,3
esophagus_mucosa,ENSG00000242136,ENSG00000261104,0.8326268196105957,0.0231156436982694,0.0231156436982694,1.0,0.6832374109597554,0.8592613483343337,esophagus_mucosa:2:0,4
esophagus_mucosa,ENSG00000115750,ENSG00000269973,0.999174878767036,0.1311903303812702,0.1311903303812702,1.0,0.5871430524831871,-0.049571798891375,esophagus_mucosa:2:0,7
esophagus_mucosa,ENSG00000158089,ENSG00000214711,0.7718635201454163,0.0244329017003245,0.0244329017003245,1.0,0.2079703275526659,0.3941354485730335,esophagus_mucosa:2:3,5
esophagus_mucosa,ENSG00000214711,ENSG00000013016,1.0,0.0406681044528342,0.0406681044528342,1.0,0.3819141819543629,0.6058898187099157,esophagus_mucosa:2:3,5
esophagus_mucosa,ENSG00000119878,ENSG00000279254,0.2224107529981793,0.0080540550233414,0.0081499824335807,1.0,0.3212092209514243,-0.0011048327263783,esophagus_mucosa:2:4,3
esophagus_mucosa,ENSG00000243244,ENSG00000242441,0.9999909996986388,-0.0665049636076517,-0.0665049636076517,1.0,-0.0556968754563914,0.4035190503191234,esophagus_mucosa:2:4,0
esophagus_mucosa,ENSG00000188687,ENSG00000204843,0.2273182148834784,-0.0041639876082923,-0.0041564956048243,1.0,-0.0407825614685815,-0.2275454462864166,esophagus_mucosa:2:7,1
esophagus_mucosa,ENSG00000246575,ENSG00000152291,0.1280381151356948,-0.0052131492392104,-0.0052320486913938,1.0,-0.0362103001913285,0.144139857975261,esophagus_mucosa:2:8,0
esophagus_mucosa,ENSG00000186281,ENSG00000274286,0.1693241979746709,-0.0068107874775004,-0.0068180071618189,1.0,0.0314418610028396,0.2824931942470393,esophagus_mucosa:2:9,0
esophagus_mucosa,ENSG00000136710,ENSG00000136718,0.9924783701653012,0.0049857594851963,0.0049820833728524,1.0,0.0641027714435878,-0.2183829469566796,esophagus_mucosa:2:13,2
esophagus_mucosa,ENSG00000279348,ENSG00000260804,0.8111441277969433,0.0691577513904044,0.0691577513904044,1.0,0.489636664349533,0.6456478214154188,esophagus_mucosa:2:21,6
esophagus_mucosa,ENSG00000081052,ENSG00000169031,0.1322628780648038,0.0033246999913606,0.0033445783077529,1.0,0.8370169101447497,0.89188931836141,esophagus_mucosa:2:22,2
esophagus_mucosa,ENSG00000144476,ENSG00000232328,0.6385119507385184,0.0255947583027314,0.0255947583027314,1.0,0.3038968154801691,0.0344019424076429,esophagus_mucosa:2:23,5
esophagus_mucosa,ENSG00000130414,ENSG00000172428,0.7454324084376651,0.0187602201400818,0.0187602201400818,1.0,0.2439644397583354,0.3649517558612127,esophagus_mucosa:2:23,4
esophagus_mucosa,ENSG00000287430,ENSG00000185052,0.86431329321357,0.0323315063866654,0.0323315063866654,1.0,0.4452443576432592,0.5709751153577058,esophagus_mucosa:20:1,5
esophagus_mucosa,ENSG00000124120,ENSG00000132824,0.1131761654391176,0.0011313620044035,0.0011470887654536,1.0,0.4605372055992006,0.4173426321958779,esophagus_mucosa:20:4,1
esophagus_mucosa,ENSG00000019186,ENSG00000286587,0.3844665964579334,0.0105263090568062,0.0105510371676771,1.0,0.6391033483141159,0.6664008465488541,esophagus_mucosa:20:5,3
esophagus_mucosa,ENSG00000277496,ENSG00000276317,0.1541709817073098,0.0015008444281564,0.0015008444281564,1.0,0.7528124213024808,0.9075937717000828,esophagus_mucosa:20:6,1
esophagus_mucosa,ENSG00000280071,ENSG00000275464,1.0,0.274336024220172,0.274336024220172,1.0,0.8192360252105553,0.5273946370565433,esophagus_mucosa:21:0,7
esophagus_mucosa,ENSG00000275464,ENSG00000280433,1.0,0.1689174897311236,0.1689174897311236,1.0,0.610635705279939,0.2787623122375321,esophagus_mucosa:21:0,7
esophagus_mucosa,ENSG00000230965,ENSG00000215559,0.9394063359398253,0.136776977743165,0.1367769822982171,1.0,0.754016089442711,0.7700475417636716,esophagus_mucosa:21:1,7
esophagus_mucosa,ENSG00000203616,ENSG00000224905,0.3333335916201534,-0.0407163056474649,-0.0407163099464105,1.0,-0.1419464235985499,0.2600082910693718,esophagus_mucosa:21:1,0
esophagus_mucosa,ENSG00000281903,ENSG00000180530,0.3525922667312784,0.0059345304112134,0.0059345304112134,1.0,0.4079567236409269,0.281816889451533,esophagus_mucosa:21:1,2
esophagus_mucosa,ENSG00000159231,ENSG00000142197,0.1445370520973057,0.0128418418779025,0.0128492577657125,1.0,0.3108976060208017,0.3550857334813224,esophagus_mucosa:21:3,4
esophagus_mucosa,ENSG00000160233,ENSG00000227999,0.1627685322906202,0.0047189646889905,0.0048006695501204,1.0,0.2840303875968912,0.2363844391328823,esophagus_mucosa:21:4,2
esophagus_mucosa,ENSG00000278558,ENSG00000183628,0.7762397592193224,-0.0364151513805988,-0.0364151513805988,1.0,-0.2191399176623985,0.0320112923787132,esophagus_mucosa:22:1,0
esophagus_mucosa,ENSG00000099960,ENSG00000187905,0.1381660011542003,0.0047243913984968,0.004774296231237,1.0,0.4647576344764466,0.6127742330343805,esophagus_mucosa:22:2,2
esophagus_mucosa,ENSG00000274422,ENSG00000234630,0.3833944315887549,0.0090676584657242,0.0090676584657242,1.0,0.6093310152380192,0.7146078410190616,esophagus_mucosa:22:2,3
esophagus_mucosa,ENSG00000211669,ENSG00000211670,1.0,0.035684287664308,0.035684287664308,1.0,0.5449955803314644,0.7906056933322311,esophagus_mucosa:22:2,5
esophagus_mucosa,ENSG00000133460,ENSG00000218537,0.2389177386119456,-0.0266046863851965,-0.0266046863851965,1.0,-0.2568445272639119,-0.1273030001194418,esophagus_mucosa:22:2,0
esophagus_mucosa,ENSG00000218537,ENSG00000273295,0.4999959468841553,0.2803464726677609,0.2803464726677609,1.0,0.8760579462215214,0.8346841431647225,esophagus_mucosa:22:2,7
esophagus_mucosa,ENSG00000133433,ENSG00000099974,0.1710731591107901,0.0174934833326132,0.0174934833326132,1.0,0.2734710249485685,0.2506050225162747,esophagus_mucosa:22:2,4
esophagus_mucosa,ENSG00000272977,ENSG00000100077,0.1121271848678588,0.0085680471893355,0.0085680471893355,1.0,0.1325111936821162,-0.009532353081492,esophagus_mucosa:22:2,3
esophagus_mucosa,ENSG00000100060,ENSG00000100065,0.3240617579970433,0.0110872168115329,0.0110872168115329,1.0,0.3347310062089316,0.3216016405937213,esophagus_mucosa:22:3,3
esophagus_mucosa,ENSG00000100156,ENSG00000128298,0.9053850173950196,0.0650477704548493,0.0650477704548493,1.0,0.3071939972549894,0.412736223249886,esophagus_mucosa:22:3,6
esophagus_mucosa,ENSG00000163576,ENSG00000144566,0.6339359161049671,0.025451175768536,0.025451175768536,1.0,0.213920277137889,-0.0649070279576373,esophagus_mucosa:3:1,5
esophagus_mucosa,ENSG00000178567,ENSG00000076242,0.3717092510977693,0.0026638870928467,0.0026903166177585,1.0,0.062882470940453,-0.0635655750603038,esophagus_mucosa:3:3,2
esophagus_mucosa,ENSG00000196653,ENSG00000186446,0.8014506066167542,0.0331879386976464,0.0331879386976464,1.0,0.4426510475437575,0.6173416115773614,esophagus_mucosa:3:4,5
esophagus_mucosa,ENSG00000164054,ENSG00000114268,0.2453274130821228,0.0075960829343985,0.0075960829343985,1.0,0.1167005008922071,0.2381774307377644,esophagus_mucosa:3:4,3
esophagus_mucosa,ENSG00000244586,ENSG00000242317,0.1536905864580759,0.006637176150739,0.0066724595766389,1.0,0.4746591579153936,0.6661211238637785,esophagus_mucosa:3:5,2
esophagus_mucosa,ENSG00000236138,ENSG00000242516,0.5000033378601074,0.1478781256780482,0.1478781256780482,1.0,0.4800707268903706,0.4872286473341627,esophagus_mucosa:3:7,7
esophagus_mucosa,ENSG00000173706,ENSG00000221955,0.2735769574052753,0.0152247336487745,0.0152247336487745,1.0,0.3736911656477414,0.0966311931309823,esophagus_mucosa:3:12,4
esophagus_mucosa,ENSG00000163781,ENSG00000091513,0.9999890327453612,0.0986122159206295,0.0986122159206295,1.0,0.3429132146075529,0.2077105302584575,esophagus_mucosa:3:13,7
esophagus_mucosa,ENSG00000163347,ENSG00000113946,0.3531618451213489,0.0427459274503456,0.0427740455178174,1.0,0.5449077435797779,0.4633293593982411,esophagus_mucosa:3:19,5
esophagus_mucosa,ENSG00000229178,ENSG00000242086,0.9454680281034769,0.1095741794654263,0.1095741794654263,1.0,0.4711700424310419,0.4275933113353813,esophagus_mucosa:3:19,7
esophagus_mucosa,ENSG00000145113,ENSG00000223783,0.9925151187978152,0.0,0.0,0.0,0.405302467383183,0.3544289193229866,esophagus_mucosa:3:19,1
esophagus_mucosa,ENSG00000272989,ENSG00000161267,0.999997854232788,-0.0497528936319239,-0.0497528936319239,1.0,0.2125185698728436,0.5321608787246559,esophagus_mucosa:3:19,0
esophagus_mucosa,ENSG00000178950,ENSG00000127419,0.262390198256206,-0.0033991859159383,-0.0034304489163755,1.0,0.0844345754141352,0.1972596218353235,esophagus_mucosa:4:0,1
esophagus_mucosa,ENSG00000250986,ENSG00000184160,0.2706318860811691,0.0198647148925155,0.0199038030489506,1.0,0.666137519992546,0.7089050807213146,esophagus_mucosa:4:0,4
esophagus_mucosa,ENSG00000173040,ENSG00000072840,0.2675579562208909,0.0052636232768433,0.0053011674931338,1.0,0.3067332987228527,0.4747699684405014,esophagus_mucosa:4:0,2
esophagus_mucosa,ENSG00000118816,ENSG00000138764,0.9999696016311646,0.0103025914341147,0.0103025914341147,1.0,0.1948687320110715,0.5347845272596544,esophagus_mucosa:4:7,3
esophagus_mucosa,ENSG00000205572,ENSG00000205571,0.995676040649414,0.0531082275396264,0.0531082275396264,1.0,0.2982322327562096,0.2392591551582225,esophagus_mucosa:5:7,6
esophagus_mucosa,ENSG00000205571,ENSG00000179978,0.8037583827972412,-0.0126703196399321,-0.0126703196399321,1.0,0.1334407305765413,0.1551660873736228,esophagus_mucosa:5:7,0
esophagus_mucosa,ENSG00000253807,ENSG00000168916,0.9989241361618042,0.1267583680644451,0.1267583680644451,1.0,0.2498569690980464,-0.0651349335427605,esophagus_mucosa:5:12,7
esophagus_mucosa,ENSG00000169247,ENSG00000250072,0.3311776259695591,0.0226550461502298,0.0226550461502298,1.0,0.6381861403776556,0.7394949637518347,esophagus_mucosa:5:14,4
esophagus_mucosa,ENSG00000230438,ENSG00000170542,0.9665132761001588,-0.1156431615972654,-0.1156431615972654,1.0,-0.1323786579315972,0.0172101549699191,esophagus_mucosa:6:0,0
esophagus_mucosa,ENSG00000214113,ENSG00000145982,0.9996229412863328,0.0,0.0,0.0,0.1379924603407501,0.3829156283573501,esophagus_mucosa:6:0,1
esophagus_mucosa,ENSG00000241106,ENSG00000204267,0.5,-0.0571733642661373,-0.0571733642661373,1.0,-0.0802852791682843,0.1627119772157967,esophagus_mucosa:6:3,0
esophagus_mucosa,ENSG00000112130,ENSG00000137200,0.2666812450650972,0.0085848860165147,0.0086139810201033,1.0,0.2152788665740896,-0.1435978216691536,esophagus_mucosa:6:3,3
esophagus_mucosa,ENSG00000137200,ENSG00000198937,0.2797567019871714,0.0094415408277206,0.0094464835187636,1.0,0.2303824931975246,-0.1731044087244918,esophagus_mucosa:6:3,3
esophagus_mucosa,ENSG00000198937,ENSG00000112139,0.2847429054940562,0.0394946695147282,0.0394946695147282,1.0,0.3602358891413408,0.169405915235749,esophagus_mucosa:6:3,5
esophagus_mucosa,ENSG00000183826,ENSG00000124767,0.5746724605560303,0.0147981901536808,0.0147981901536808,1.0,0.0870078646110647,0.2090976081871321,esophagus_mucosa:6:3,4
esophagus_mucosa,ENSG00000153291,ENSG00000180113,0.1739952729438556,-0.0129384959359185,-0.0129680130119368,1.0,-0.1176774084805983,0.5071190161003113,esophagus_mucosa:6:4,0
esophagus_mucosa,ENSG00000146281,ENSG00000146276,0.1737988273704047,0.0142903744184316,0.014374326914932,1.0,0.2648306930580761,0.1846622556541019,esophagus_mucosa:6:8,4
esophagus_mucosa,ENSG00000112303,ENSG00000146409,0.1028623942004607,0.001715107522371,0.0017330877384798,1.0,0.2068727862816874,0.3212953461565472,esophagus_mucosa:6:13,1
esophagus_mucosa,ENSG00000155906,ENSG00000146476,0.1646168768794709,0.005693282580952,0.0056691666177573,1.0,0.1542811935922282,0.5589599853113887,esophagus_mucosa:6:15,2
esophagus_mucosa,ENSG00000287594,ENSG00000203688,0.2714419664883962,0.0112218620280376,0.0110678379664579,1.0,0.9648696693492712,0.9718078859960496,esophagus_mucosa:6:16,3
esophagus_mucosa,ENSG00000230825,ENSG00000236712,0.4848842711493262,-0.0823056476265694,-0.0823056476265694,1.0,-0.1720548394516149,0.4076125038854412,esophagus_mucosa:7:0,0
esophagus_mucosa,ENSG00000223813,ENSG00000176532,0.9886719980563718,0.0,0.0,0.0,0.4633525583524087,0.4408949582645306,esophagus_mucosa:7:2,1
esophagus_mucosa,ENSG00000271550,ENSG00000197008,0.166133064580972,0.0,0.0,0.0,0.2264485510917081,0.1547303726242036,esophagus_mucosa:7:6,1
esophagus_mucosa,ENSG00000006606,ENSG00000106178,0.1528069341971942,0.0075187384646961,0.0076553310266085,1.0,0.2721125191995905,0.3664478003616152,esophagus_mucosa:7:7,3
esophagus_mucosa,ENSG00000186704,ENSG00000242435,0.9984208468108058,0.015221205073082,0.015221205073082,1.0,0.4846489043595363,0.7411891350694004,esophagus_mucosa:7:7,4
esophagus_mucosa,ENSG00000182165,ENSG00000005469,0.2555388371121907,0.0123064220165464,0.012306421596572,1.0,0.3891624363350487,0.4051228973322777,esophagus_mucosa:7:8,3
esophagus_mucosa,ENSG00000106404,ENSG00000214253,0.1953525368096151,-0.0090008116853809,-0.0090041523593052,1.0,-0.165888940588347,-0.1457427443092171,esophagus_mucosa:7:10,0
esophagus_mucosa,ENSG00000224940,ENSG00000106348,0.1804509162902832,0.0136849801300209,0.0136849801300209,1.0,0.3964522434006918,0.2966775386920272,esophagus_mucosa:7:12,4
esophagus_mucosa,ENSG00000242588,ENSG00000243302,0.9290434080997868,0.1227268744562858,0.1227268744562858,1.0,0.7550336901463643,0.823268281336221,esophagus_mucosa:7:12,7
esophagus_mucosa,ENSG00000243302,ENSG00000230715,0.7321036234314668,0.1171068653141648,0.1171068653141648,1.0,0.8148394962350782,0.8598680647488193,esophagus_mucosa:7:12,7
esophagus_mucosa,ENSG00000230715,ENSG00000229413,0.5877310275176129,0.109222228487402,0.109245112248542,1.0,0.8192205196604435,0.8544454463053811,esophagus_mucosa:7:12,7
esophagus_mucosa,ENSG00000243679,ENSG00000281490,0.9039025829189667,0.119349137546284,0.119349137546284,1.0,0.5693033394718692,-0.0576724640468361,esophagus_mucosa:7:12,7
esophagus_mucosa,ENSG00000243896,ENSG00000204959,0.9961085915565492,0.0771013095454219,0.0771013095454219,1.0,0.5337764779741104,0.5889218786378146,esophagus_mucosa:7:14,6
esophagus_mucosa,ENSG00000204959,ENSG00000244479,0.9961085915565492,0.0788395959461118,0.0788395959461118,1.0,0.5707873769273805,0.5252917993434102,esophagus_mucosa:7:14,6
esophagus_mucosa,ENSG00000255052,ENSG00000186523,0.2657554552237684,0.0171998819933439,0.0172139991968409,1.0,0.4568613147733781,0.4051076920938161,esophagus_mucosa:8:1,4
esophagus_mucosa,ENSG00000186523,ENSG00000227888,0.4532589848900983,0.0281669264688928,0.0282021466904526,1.0,0.4953679633749313,0.4937844803405189,esophagus_mucosa:8:1,5
esophagus_mucosa,ENSG00000158806,ENSG00000158815,0.4541631362526033,0.0200273829644445,0.0200273829644445,1.0,0.2358234446824302,0.3700761325778116,esophagus_mucosa:8:2,4
esophagus_mucosa,ENSG00000104722,ENSG00000277586,0.2624272961008849,0.0960236588721629,0.0960277317266577,1.0,0.7813926265995426,0.7284807349351424,esophagus_mucosa:8:2,6
esophagus_mucosa,ENSG00000014164,ENSG00000287576,0.1047175552300423,0.0171639900945073,0.0172048904269037,1.0,0.5136785129641774,0.1689136907867092,esophagus_mucosa:8:14,4
esophagus_mucosa,ENSG00000179632,ENSG00000179698,0.1875759417991318,0.0069930506295799,0.0069920036307316,1.0,0.1188120111665222,0.2136443277077145,esophagus_mucosa:8:14,3
esophagus_mucosa,ENSG00000272842,ENSG00000273226,0.4441236228325351,0.0247140599165117,0.024738106032132,1.0,0.2130723601238711,0.2701940374565093,esophagus_mucosa:9:1,5
esophagus_mucosa,ENSG00000177076,ENSG00000260912,0.9945851631725232,0.0133953140470076,0.0134236893466008,1.0,0.6761949494947396,0.142271343288965,esophagus_mucosa:9:1,4
esophagus_mucosa,ENSG00000165269,ENSG00000165272,0.981445318029639,0.1432597745146253,0.1432597745146253,1.0,0.4382046356164695,0.0994716457724125,esophagus_mucosa:9:3,7
esophagus_mucosa,ENSG00000070610,ENSG00000107185,0.1573006110677539,-0.0038809152195755,-0.0038775951555764,1.0,0.2333238606344365,-0.0546545958714005,esophagus_mucosa:9:3,1
esophagus_mucosa,ENSG00000254876,ENSG00000197816,0.9999746084213256,0.0563791414849384,0.0563791414849384,1.0,0.4302975881099792,0.6642312711122758,esophagus_mucosa:9:9,6
esophagus_mucosa,ENSG00000148334,ENSG00000232850,0.1705567559046024,0.0029696168472439,0.0029731594727799,1.0,0.3545751042582408,0.2376957259585639,esophagus_mucosa:9:12,2
esophagus_mucosa,ENSG00000232850,ENSG00000148346,0.2693534487431037,0.0088873207265728,0.0088873207265728,1.0,0.3656233350917591,0.3403467972538711,esophagus_mucosa:9:12,3
esophagus_mucosa,ENSG00000148346,ENSG00000171159,0.4836943017535233,0.0096944851491827,0.0096944851491827,1.0,0.1670190112493557,-0.0752179724918711,esophagus_mucosa:9:12,3
esophagus_mucosa,ENSG00000175283,ENSG00000095319,0.9998819849196964,0.0003160300270569,0.0003205126001687,0.0248965293683553,0.2369071382409017,0.5392462553075954,esophagus_mucosa:9:12,1
esophagus_mucosa,ENSG00000126878,ENSG00000126883,0.1508282600516004,0.0031117881303355,0.0031147081305892,1.0,0.6182105087734021,0.6438520020039973,esophagus_mucosa:9:13,2
esophagus_mucosa,ENSG00000148303,ENSG00000148290,0.2123104032847322,0.0062808027069024,0.0062808027069024,1.0,0.0321924116794414,0.4616435225705048,esophagus_mucosa:9:13,2
esophagus_mucosa,ENSG00000225756,ENSG00000123453,0.9514795225185856,0.0540199954598473,0.0540183517366417,1.0,0.4577275910150039,0.6442678944545625,esophagus_mucosa:9:13,6
esophagus_mucosa,ENSG00000187922,ENSG00000267206,0.1105993287650513,0.0016721800485903,0.0017154546571413,1.0,0.8963081292343821,0.9276468895985882,esophagus_mucosa:9:13,1
esophagus_mucosa,ENSG00000233198,ENSG00000198569,0.4028484555279377,0.0049364171534068,0.0049567139077353,1.0,0.8499777699204644,0.875234118474252,esophagus_mucosa:9:13,2
esophagus_mucosa,ENSG00000165802,ENSG00000130653,0.6099320478028574,0.0109932119847667,0.0110381819195163,1.0,0.0999244920070731,0.271936709887972,esophagus_mucosa:9:13,3
esophagus_mucosa,ENSG00000130653,ENSG00000182154,0.391773771065921,-0.0082974570391903,-0.0081055216364188,1.0,0.0962477467390587,0.2875036027905291,esophagus_mucosa:9:13,0
esophagus_mucosa,ENSG00000236871,ENSG00000236017,0.4630147961518602,0.0,0.0,0.0,0.7885441782471168,0.5223508508402185,esophagus_mucosa:X:0,1
esophagus_mucosa,ENSG00000172476,ENSG00000287619,0.9987593243501608,0.0236459400367869,0.0236459400367869,1.0,0.5145273784766597,0.4511377498446861,esophagus_mucosa:X:10,5
esophagus_mucosa,ENSG00000238039,ENSG00000241769,0.9999993443489076,0.1332811002757014,0.1332811002757014,1.0,0.6258832748300622,0.7080834730435782,esophagus_mucosa:X:14,7
adipose_subcutaneous,ENSG00000008128,ENSG00000227775,1.0,0.1989223259833719,0.1989223259833719,1.0,0.4901918537951746,0.3347425108263946,adipose_subcutaneous:1:0,7
adipose_subcutaneous,ENSG00000225931,ENSG00000228037,0.992134916773466,0.0167820183537148,0.0167820183537148,1.0,0.2696667885392335,0.4184923119323481,adipose_subcutaneous:1:0,4
adipose_subcutaneous,ENSG00000288398,ENSG00000132881,0.9151919753133058,0.0676264988674165,0.0676264988674165,1.0,0.5504862072376143,0.7395013959309558,adipose_subcutaneous:1:1,6
adipose_subcutaneous,ENSG00000211454,ENSG00000162482,0.5000002384185791,0.0360273778460543,0.0360273778460543,1.0,0.5079167135385536,0.7859452599969345,adipose_subcutaneous:1:1,5
adipose_subcutaneous,ENSG00000162545,ENSG00000090432,0.9572880864143372,-0.0520597773863856,-0.0520597773863856,1.0,-0.1859640993165264,-0.0962835630670867,adipose_subcutaneous:1:2,0
adipose_subcutaneous,ENSG00000261349,ENSG00000187010,0.99973655887311,0.4450989091573741,0.4450989091573741,1.0,0.6613387440836476,0.666528653001926,adipose_subcutaneous:1:2,7
adipose_subcutaneous,ENSG00000183386,ENSG00000183520,0.4689642851973303,0.0091964276935762,0.0092132843597316,1.0,0.289424915059645,0.2308916023446603,adipose_subcutaneous:1:3,3
adipose_subcutaneous,ENSG00000085465,ENSG00000260948,0.1749898765045259,0.0062020761282018,0.0062020761282018,1.0,0.5490304475746681,0.7336163926271915,adipose_subcutaneous:1:11,2
adipose_subcutaneous,ENSG00000273213,ENSG00000270872,0.2491873791704364,0.0156643308065325,0.0159157485927948,1.0,0.3621312318199214,0.2729048305139886,adipose_subcutaneous:1:14,4
adipose_subcutaneous,ENSG00000266338,ENSG00000196369,0.5005813079832819,0.013101274946105,0.0131251140410789,1.0,0.1485531525305192,0.2155656254275474,adipose_subcutaneous:1:14,4
adipose_subcutaneous,ENSG00000286219,ENSG00000271383,0.9999998807907104,0.0668567505800162,0.0668700934723772,1.0,0.6424671149432117,0.6043472765171509,adipose_subcutaneous:1:14,6
adipose_subcutaneous,ENSG00000236427,ENSG00000197915,0.2370194888910006,-0.0795580500155253,-0.0795580500155253,1.0,-0.2531452779999927,-0.1198091884026127,adipose_subcutaneous:1:15,0
adipose_subcutaneous,ENSG00000197915,ENSG00000143631,0.1723219609918338,-0.0366855658728431,-0.0366855658728431,1.0,-0.1788104765311147,-0.0632019188569565,adipose_subcutaneous:1:15,0
adipose_subcutaneous,ENSG00000197956,ENSG00000196154,0.3639167564799095,0.0030884025300732,0.0030884025300732,1.0,0.672993986100899,0.7361809832965572,adipose_subcutaneous:1:15,2
adipose_subcutaneous,ENSG00000163382,ENSG00000160818,0.132773682451301,0.0012313117312675,0.0012313118641616,1.0,0.2272232690930951,0.512651219402276,adipose_subcutaneous:1:15,1
adipose_subcutaneous,ENSG00000272823,ENSG00000238078,1.0,0.3230630619105138,0.3230630619105138,1.0,0.7314042414724936,0.7875344275918433,adipose_subcutaneous:1:22,7
adipose_subcutaneous,ENSG00000260855,ENSG00000227953,0.5626455410520528,0.017397856900562,0.0174110038392936,1.0,0.7600256524971564,0.7754957724148921,adipose_subcutaneous:1:24,4
adipose_subcutaneous,ENSG00000162722,ENSG00000238243,0.9801385732485954,0.0857156903726136,0.0857156903726136,1.0,0.5429279764489593,0.5103297397967415,adipose_subcutaneous:1:24,6
adipose_subcutaneous,ENSG00000179774,ENSG00000108187,0.2678476743800573,-0.0311706151330215,-0.0311814653578902,1.0,-0.1072037489248758,0.0928192086566795,adipose_subcutaneous:10:6,0
adipose_subcutaneous,ENSG00000099282,ENSG00000287306,0.1903249621391296,0.0,0.0,0.0,0.2802107093905585,0.4177065772856409,adipose_subcutaneous:10:6,1
adipose_subcutaneous,ENSG00000236842,ENSG00000148655,0.9984750747680664,-0.1095818333869108,-0.1095818333869108,1.0,-0.1950100285513104,0.2176431593775366,adipose_subcutaneous:10:7,0
adipose_subcutaneous,ENSG00000138135,ENSG00000107798,0.2764093180611979,0.0036318377064583,0.0036340892545087,1.0,0.0337588037236199,0.0954439386964485,adipose_subcutaneous:10:8,2
adipose_subcutaneous,ENSG00000148834,ENSG00000065621,0.97260960897664,-0.0202394513784061,-0.0202394513784061,1.0,-0.0911977591063359,-0.1179959925550731,adipose_subcutaneous:10:10,0
adipose_subcutaneous,ENSG00000188211,ENSG00000260196,0.1278165082795936,0.0060634922748032,0.0060985207483242,1.0,0.5866930924934429,0.7025855497913843,adipose_subcutaneous:11:1,2
adipose_subcutaneous,ENSG00000148935,ENSG00000198168,0.984054342889472,0.0504908725413891,0.0504908725413891,1.0,0.4242152610994755,0.5571300236137305,adipose_subcutaneous:11:2,6
adipose_subcutaneous,ENSG00000148943,ENSG00000245573,0.137888786902991,-0.0027326393169755,-0.0027224603641713,1.0,-0.1593267291889889,-0.1678920119083471,adipose_subcutaneous:11:2,1
adipose_subcutaneous,ENSG00000205177,ENSG00000085063,0.2703383038320517,0.010800313594728,0.010800313594728,1.0,0.4167422813280278,0.5664081221601736,adipose_subcutaneous:11:3,3
adipose_subcutaneous,ENSG00000110455,ENSG00000151348,1.0,0.06589365293416,0.06589365293416,1.0,-0.0375529120816882,-0.0183265337765162,adipose_subcutaneous:11:4,6
adipose_subcutaneous,ENSG00000167985,ENSG00000162148,0.2499976754127146,-0.007203286659688,-0.0072032859074435,1.0,-0.281403958382826,-0.3302852054352104,adipose_subcutaneous:11:6,0
adipose_subcutaneous,ENSG00000256508,ENSG00000162341,0.1879569969017076,0.0042811732363173,0.0042810319257298,1.0,0.3504225628529489,0.2354858345230668,adipose_subcutaneous:11:6,2
adipose_subcutaneous,ENSG00000172927,ENSG00000260877,0.9206765790608245,0.1087772785557677,0.1087772785557677,1.0,0.8215296543233572,0.8958397348487969,adipose_subcutaneous:11:6,7
adipose_subcutaneous,ENSG00000260877,ENSG00000110092,0.1966051798796151,0.0061661617597969,0.0061790638373804,1.0,0.3989427553998163,0.6513307157432324,adipose_subcutaneous:11:6,2
adipose_subcutaneous,ENSG00000263465,ENSG00000149218,0.4684487022818615,0.0084509692123375,0.0084509692123375,1.0,0.3578089952021048,0.500925088962872,adipose_subcutaneous:11:9,3
adipose_subcutaneous,ENSG00000270179,ENSG00000170209,0.3266041076029289,0.024999578466068,0.0250059765662765,1.0,0.1711480190506713,0.3448524021190648,adipose_subcutaneous:11:11,5
adipose_subcutaneous,ENSG00000249628,ENSG00000111186,0.1075154542922973,0.0063264850422547,0.0063264850422547,1.0,0.1546357735937286,0.1344180009169655,adipose_subcutaneous:12:0,2
adipose_subcutaneous,ENSG00000111321,ENSG00000256433,0.5578790307044983,0.0,0.0,0.0,0.1453335982070158,0.2847061457946585,adipose_subcutaneous:12:0,1
adipose_subcutaneous,ENSG00000111788,ENSG00000260423,0.9999974370002748,0.0541186030369904,0.0541670131966795,0.9993749733984972,0.4959685447570497,0.5710924309678983,adipose_subcutaneous:12:0,6
adipose_subcutaneous,ENSG00000275476,ENSG00000257176,0.9952039122581482,0.3347851968728371,0.3347851968728371,1.0,0.6697461545450251,0.7793886631105488,adipose_subcutaneous:12:2,7
adipose_subcutaneous,ENSG00000110888,ENSG00000285517,0.9997435212135316,0.0469677506649406,0.0469677506649406,1.0,0.3576107400896408,0.4271299594901858,adipose_subcutaneous:12:3,6
adipose_subcutaneous,ENSG00000274964,ENSG00000276115,0.3585031625284784,0.00834593261292,0.0083704904833122,1.0,0.3312549201872735,0.6553876714649703,adipose_subcutaneous:12:3,3
adipose_subcutaneous,ENSG00000111405,ENSG00000280054,0.1077379724901455,0.0021994144555469,0.0022036044740665,1.0,0.4492281805572883,0.8091273477804253,adipose_subcutaneous:12:4,1
adipose_subcutaneous,ENSG00000135441,ENSG00000135437,0.1456852965040731,-0.0015402555819366,-0.0015487631909625,1.0,0.1153261509363652,0.483784744600982,adipose_subcutaneous:12:5,1
adipose_subcutaneous,ENSG00000204954,ENSG00000139372,0.6152389932726727,0.0101119540404262,0.0102227682948147,1.0,0.1314619393376122,0.0980240903182316,adipose_subcutaneous:12:10,3
adipose_subcutaneous,ENSG00000136146,ENSG00000136156,0.4741290211677551,0.0055506153224588,0.0055506153224588,1.0,0.1171654885787381,0.4771199370249298,adipose_subcutaneous:13:4,2
adipose_subcutaneous,ENSG00000183087,ENSG00000272695,0.3648438755726637,0.0072168458756121,0.0072231789031921,1.0,0.638329541846828,0.7353302335701026,adipose_subcutaneous:13:11,3
adipose_subcutaneous,ENSG00000272695,ENSG00000260910,0.2851139364624089,0.0089621596427898,0.0089708880927684,1.0,0.3995910882903669,0.3585800789847324,adipose_subcutaneous:13:11,3
adipose_subcutaneous,ENSG00000169413,ENSG00000129538,0.1878426329562685,0.001789563765484,0.0018066974532781,1.0,0.534497533923772,0.6590884570774698,adipose_subcutaneous:14:2,1
adipose_subcutaneous,ENSG00000278784,ENSG00000139908,0.1516495254155643,0.0044545009894023,0.0044976272431595,1.0,0.3654870910350581,0.5211298354619793,adipose_subcutaneous:14:2,2
adipose_subcutaneous,ENSG00000258636,ENSG00000165379,0.1187339854793343,0.0158580030148229,0.0158805516619674,1.0,0.6574928070012821,0.6563431115561695,adipose_subcutaneous:14:4,4
adipose_subcutaneous,ENSG00000184227,ENSG00000258603,0.9999641181892436,0.0230144840430253,0.0230144840430253,1.0,0.2650575871179597,0.525971916460344,adipose_subcutaneous:14:7,4
adipose_subcutaneous,ENSG00000119673,ENSG00000279026,1.0,0.0462126880549569,0.0462126880549569,1.0,0.4065415232438283,0.7300094382998972,adipose_subcutaneous:14:7,6
adipose_subcutaneous,ENSG00000270000,ENSG00000119655,0.1194777071163315,-0.0027829450226953,-0.0028217764318622,1.0,-0.01049761085215,0.181246007474059,adipose_subcutaneous:14:7,1
adipose_subcutaneous,ENSG00000260711,ENSG00000165929,0.4741057381367213,0.0915149278892631,0.0916889913776685,1.0,0.8419080922577445,0.8436737658957691,adipose_subcutaneous:14:9,6
adipose_subcutaneous,ENSG00000133937,ENSG00000285205,0.9999995231628418,0.035062376089652,0.035062376089652,1.0,0.53250338980635,0.6368921469002715,adipose_subcutaneous:14:9,5
adipose_subcutaneous,ENSG00000166664,ENSG00000186399,0.1837178058952133,0.0164846187838109,0.0164846187838109,1.0,0.2875992923565038,0.3140429915069295,adipose_subcutaneous:15:3,4
adipose_subcutaneous,ENSG00000186399,ENSG00000178115,0.2337598687306439,0.0253114268770125,0.0254183445428141,1.0,0.3992895529602827,0.5101349298892855,adipose_subcutaneous:15:3,5
adipose_subcutaneous,ENSG00000261684,ENSG00000180979,0.2150356697672713,-0.0113855366362726,-0.0114257025836009,1.0,0.0228965370266183,-0.1296845399610647,adipose_subcutaneous:15:4,0
adipose_subcutaneous,ENSG00000140279,ENSG00000140254,0.1780885352885377,0.0051559198402128,0.0051788400884284,1.0,0.6733118618400312,0.7468845915950421,adipose_subcutaneous:15:4,2
adipose_subcutaneous,ENSG00000138604,ENSG00000137819,0.8980417964465559,0.0268629367906682,0.0268629367906682,1.0,0.1404182792705027,0.2494075396535673,adipose_subcutaneous:15:6,5
adipose_subcutaneous,ENSG00000103876,ENSG00000259417,0.510749915235742,0.0052311642689513,0.0052428107045532,1.0,0.2323895875977154,0.442874674205382,adipose_subcutaneous:15:8,2
adipose_subcutaneous,ENSG00000277782,ENSG00000140406,0.116091939762871,-0.0046756381701721,-0.004679057106898,1.0,0.1417069936834546,0.3237263454950017,adipose_subcutaneous:15:8,1
adipose_subcutaneous,ENSG00000270127,ENSG00000259205,0.2174381254843282,0.1095466339992605,0.1095466339992605,1.0,0.8400071131487916,0.8300383532435849,adipose_subcutaneous:15:10,7
adipose_subcutaneous,ENSG00000140990,ENSG00000140988,0.1073587430075377,-0.0009719477385667,-0.000976663131392,1.0,0.0010172940954631,0.3330121759203689,adipose_subcutaneous:16:0,1
adipose_subcutaneous,ENSG00000127561,ENSG00000167962,0.537645315429522,0.0095781166835734,0.0096191414406477,1.0,0.0650230865636308,0.0574078173240766,adipose_subcutaneous:16:0,3
adipose_subcutaneous,ENSG00000261819,ENSG00000275910,0.1036367980420891,0.0039405209719451,0.0040311113373328,1.0,0.3202638231246825,0.3543222157372992,adipose_subcutaneous:16:1,2
adipose_subcutaneous,ENSG00000103226,ENSG00000183889,0.1580248475074768,0.0372765884923467,0.0372765884923467,1.0,0.27526205671627,0.2182527906467685,adipose_subcutaneous:16:1,5
adipose_subcutaneous,ENSG00000205746,ENSG00000254681,1.0,0.0787676468408296,0.0787676468408296,1.0,0.7472630140949034,0.7559534039351534,adipose_subcutaneous:16:1,6
adipose_subcutaneous,ENSG00000205364,ENSG00000205362,0.1277251067376958,0.0019784218074227,0.0019899266364192,1.0,0.7533994870221573,0.9159756343865314,adipose_subcutaneous:16:5,1
adipose_subcutaneous,ENSG00000166455,ENSG00000140905,0.9998937845230104,0.0347275349373192,0.0347275349373192,1.0,0.3804426477231113,0.429633108814524,adipose_subcutaneous:16:8,5
adipose_subcutaneous,ENSG00000103168,ENSG00000140955,1.0,0.1516385253193916,0.1516385253193916,1.0,0.5952813733244794,0.5855413141315647,adipose_subcutaneous:16:8,7
adipose_subcutaneous,ENSG00000270020,ENSG00000103248,0.5,-0.0795769369915973,-0.0795769369915973,1.0,-0.3463094383207606,-0.1432724273547828,adipose_subcutaneous:16:8,0
adipose_subcutaneous,ENSG00000187741,ENSG00000204991,0.8288432586566579,0.1245896496694566,0.1245896496694566,1.0,0.4011039492510331,0.3220368781515045,adipose_subcutaneous:16:8,7
adipose_subcutaneous,ENSG00000272636,ENSG00000273172,0.6708793828774589,0.0375236866899684,0.0375236866899684,1.0,0.5003911323445032,0.4919389868786487,adipose_subcutaneous:17:0,5
adipose_subcutaneous,ENSG00000179409,ENSG00000167699,0.8167949084142734,0.0087575597282755,0.0087575597282755,0.983006375379167,0.1100693899234129,-0.2710387496517239,adipose_subcutaneous:17:0,3
adipose_subcutaneous,ENSG00000185561,ENSG00000186594,0.352589039105343,0.0045324323415833,0.0045426935411541,1.0,0.2778409218077392,0.6253984356416862,adipose_subcutaneous:17:0,2
adipose_subcutaneous,ENSG00000234327,ENSG00000129204,1.0,0.1765244309485632,0.1765244309485632,1.0,0.5092548672692762,0.256294712919836,adipose_subcutaneous:17:0,7
adipose_subcutaneous,ENSG00000179277,ENSG00000265519,0.2709459304358574,0.0282369005531191,0.0282622783228625,1.0,0.6404426784899189,0.7642613128081884,adipose_subcutaneous:17:1,5
adipose_subcutaneous,ENSG00000265519,ENSG00000276855,0.144177139010889,0.0120413798238576,0.0121322093509296,1.0,0.5860322235037814,0.6614206463155586,adipose_subcutaneous:17:1,3
adipose_subcutaneous,ENSG00000170160,ENSG00000288235,1.0,0.1365808601573428,0.1365808601573428,1.0,0.8739483317233293,0.8784259218035776,adipose_subcutaneous:17:1,7
adipose_subcutaneous,ENSG00000176974,ENSG00000273018,0.1632509059440394,-0.0152506436290848,-0.0152506425294993,1.0,-0.1596205588448955,-0.1850771968964098,adipose_subcutaneous:17:1,0
adipose_subcutaneous,ENSG00000007171,ENSG00000232859,0.9921279662393124,-0.1262687516731644,-0.1262687516731644,1.0,-0.3664305938234641,0.2705622396448886,adipose_subcutaneous:17:2,0
adipose_subcutaneous,ENSG00000244045,ENSG00000004139,0.1873066596354746,0.0055481582775426,0.0055162213796629,1.0,0.2285049758428073,0.0484552849788649,adipose_subcutaneous:17:2,2
adipose_subcutaneous,ENSG00000267547,ENSG00000267648,0.9949651905519304,0.1127032998726402,0.1127032998726402,1.0,0.5603407358316514,0.740353495445853,adipose_subcutaneous:17:3,7
adipose_subcutaneous,ENSG00000267648,ENSG00000172123,0.9999891519546508,0.1115073963063421,0.1115073963063421,1.0,0.645558303844882,0.8238995136484515,adipose_subcutaneous:17:3,7
adipose_subcutaneous,ENSG00000154760,ENSG00000205045,0.2363308559825334,0.0071672030320148,0.0073102907306388,1.0,0.4571799205437716,0.6922895455495104,adipose_subcutaneous:17:3,3
adipose_subcutaneous,ENSG00000205045,ENSG00000267369,0.1681520442619906,0.0043192056171425,0.0043192056171425,1.0,0.6827470325496774,0.8078156283282985,adipose_subcutaneous:17:3,2
adipose_subcutaneous,ENSG00000274767,ENSG00000276070,0.9999831914901732,0.1336503712715196,0.1336503712715196,1.0,0.5178804577992456,0.6028872932000249,adipose_subcutaneous:17:3,7
adipose_subcutaneous,ENSG00000108349,ENSG00000108352,0.3785769062183277,-0.0113318276658778,-0.0113318276658778,1.0,0.0756409140268346,0.0924480278494783,adipose_subcutaneous:17:4,0
adipose_subcutaneous,ENSG00000161692,ENSG00000073670,0.1811227640132635,0.0029204402552687,0.0038397456278685,0.3733588850434135,0.4261437533978615,0.3244229915220006,adipose_subcutaneous:17:4,2
adipose_subcutaneous,ENSG00000214401,ENSG00000228696,0.999995768070221,0.0,0.0,0.0,0.0919371821063136,0.0552093598549366,adipose_subcutaneous:17:4,1
adipose_subcutaneous,ENSG00000274561,ENSG00000277476,0.1200070758667877,0.004167261826454,0.0041732396154942,1.0,0.608621579345633,0.6619072315875909,adipose_subcutaneous:17:6,2
adipose_subcutaneous,ENSG00000278740,ENSG00000267731,0.1361108362628833,0.0137429383938866,0.0137603402893623,1.0,0.4043581923434952,0.5898959427503243,adipose_subcutaneous:17:6,4
adipose_subcutaneous,ENSG00000257949,ENSG00000250506,0.1647210561481173,0.0077510056325129,0.0077491888251853,1.0,0.6178250332552867,0.5415218138664855,adipose_subcutaneous:17:7,3
adipose_subcutaneous,ENSG00000141401,ENSG00000267480,0.5524409581299814,0.0363057243922117,0.0363312362157939,1.0,0.5067189999565991,0.5697724713599436,adipose_subcutaneous:18:1,5
adipose_subcutaneous,ENSG00000141391,ENSG00000267199,0.3878794798358456,0.0634247622108246,0.0634247622108246,1.0,0.5336961788805096,0.5393277082117179,adipose_subcutaneous:18:1,6
adipose_subcutaneous,ENSG00000153391,ENSG00000141429,0.1740072552657068,0.0045902302653699,0.0046001151048206,1.0,0.4143822022206437,0.2447431885228444,adipose_subcutaneous:18:3,2
adipose_subcutaneous,ENSG00000134440,ENSG00000267040,0.1003799358050798,0.0009003581134995,0.0009084777308862,1.0,0.0446910439858165,-0.1092214487413911,adipose_subcutaneous:18:5,1
adipose_subcutaneous,ENSG00000105556,ENSG00000183186,0.3857549437799079,0.0210714813172198,0.0210722117090999,1.0,0.5450593391012766,0.5907270369567905,adipose_subcutaneous:19:0,4
adipose_subcutaneous,ENSG00000129946,ENSG00000181781,0.3984656677351168,0.019656338593349,0.0196818919829431,1.0,0.3558957719377076,0.3727634594442841,adipose_subcutaneous:19:0,4
adipose_subcutaneous,ENSG00000197561,ENSG00000197766,0.9919954013857648,0.0128671964881139,0.0128671964881139,1.0,0.2914655187117924,0.4867235371231831,adipose_subcutaneous:19:0,4
adipose_subcutaneous,ENSG00000104921,ENSG00000182566,0.9999908804893494,0.0295335386815515,0.0295335386815515,1.0,0.4272535288105937,0.5322655374900543,adipose_subcutaneous:19:0,5
adipose_subcutaneous,ENSG00000182566,ENSG00000090659,0.9987208363007624,0.0087117079647549,0.0087117079647549,1.0,0.740396015679554,0.8320969785358767,adipose_subcutaneous:19:0,3
adipose_subcutaneous,ENSG00000130803,ENSG00000188000,0.4999619722366333,-0.0466503866521686,-0.0466503866521686,1.0,-0.0299961811096022,0.0745825670466764,adipose_subcutaneous:19:0,0
adipose_subcutaneous,ENSG00000188321,ENSG00000188629,1.0,0.0913699278774681,0.0913699278774681,1.0,0.3731184607769605,0.6878244750835858,adipose_subcutaneous:19:0,6
adipose_subcutaneous,ENSG00000269736,ENSG00000171773,0.1196713769360613,0.0040589371627028,0.0040589371627028,1.0,0.4866854440529806,0.753867508224041,adipose_subcutaneous:19:1,2
adipose_subcutaneous,ENSG00000268081,ENSG00000268555,0.2213167745907185,0.1001015330903091,0.1001518663417426,1.0,0.6271569877485312,0.6225712694209027,adipose_subcutaneous:19:2,7
adipose_subcutaneous,ENSG00000124299,ENSG00000124302,0.1201449972737478,0.0160091743189015,0.0161293577880568,1.0,0.4145568416750466,0.3077868901321012,adipose_subcutaneous:19:3,4
adipose_subcutaneous,ENSG00000280106,ENSG00000180884,0.1133859896783349,-0.0003389409221137,-0.0003397984358379,0.0870902296335489,0.4503158837047625,0.667204658398545,adipose_subcutaneous:19:3,1
adipose_subcutaneous,ENSG00000248098,ENSG00000177191,0.487973118840955,-0.0054254087806743,-0.0054254087806743,1.0,-0.0259521431967776,0.005739951778203,adipose_subcutaneous:19:4,0
adipose_subcutaneous,ENSG00000269352,ENSG00000039650,0.1716139534478635,0.0064889717910477,0.0064957714154576,1.0,0.5110477778547794,0.5115409077708263,adipose_subcutaneous:19:4,2
adipose_subcutaneous,ENSG00000167562,ENSG00000123870,0.9536164730751864,0.0192473319528744,0.0192473319528744,1.0,0.2822559988341019,0.6225222581073014,adipose_subcutaneous:19:5,4
adipose_subcutaneous,ENSG00000170949,ENSG00000170954,1.0,0.0824953697497646,0.0824953697497646,1.0,0.3526272161762913,0.3377655913381222,adipose_subcutaneous:19:5,6
adipose_subcutaneous,ENSG00000186230,ENSG00000276449,0.9240058587116272,-0.0986918121352263,-0.0986918121352263,1.0,-0.0824730816098277,0.1089296480546215,adipose_subcutaneous:19:5,0
adipose_subcutaneous,ENSG00000269054,ENSG00000152475,0.2388814352541786,0.0108469534724585,0.0110519803282039,1.0,0.3152548274501797,0.5358334159486497,adipose_subcutaneous:19:5,3
adipose_subcutaneous,ENSG00000205837,ENSG00000225964,1.0,0.1389910306590688,0.1389910306590688,1.0,0.581281094938848,0.6574735267131676,adipose_subcutaneous:2:0,7
adipose_subcutaneous,ENSG00000115750,ENSG00000269973,0.6804589999692006,0.1055086090291909,0.1055756658538224,1.0,0.57470686036247,0.4635026280818679,adipose_subcutaneous:2:0,7
adipose_subcutaneous,ENSG00000119878,ENSG00000279254,0.243176614716404,0.0245691974546599,0.0242026140297243,1.0,0.4749346667388641,0.5574755758472568,adipose_subcutaneous:2:4,5
adipose_subcutaneous,ENSG00000188687,ENSG00000204843,0.4561041761094486,-0.0097710156144861,-0.0097710156144861,1.0,-0.2032920966709208,-0.2746271855060858,adipose_subcutaneous:2:7,0
adipose_subcutaneous,ENSG00000233639,ENSG00000198914,0.9724933067341084,0.015480971826134,0.015480971826134,1.0,0.8577382628266752,0.8636843734182,adipose_subcutaneous:2:10,4
adipose_subcutaneous,ENSG00000071051,ENSG00000119147,0.1436831408369236,0.0014864048321089,0.0014903382084638,1.0,0.3808276569434762,0.6297459956986153,adipose_subcutaneous:2:10,1
adipose_subcutaneous,ENSG00000227992,ENSG00000271590,0.999519169531041,0.0638871791740329,0.0638552106180789,1.0,0.4084616594101296,0.5622647958796451,adipose_subcutaneous:2:11,6
adipose_subcutaneous,ENSG00000144152,ENSG00000278962,0.1388240628532067,0.0077908805383387,0.0078602679397248,1.0,0.8242666624256583,0.886293465998356,adipose_subcutaneous:2:11,3
adipose_subcutaneous,ENSG00000231943,ENSG00000226516,0.100236559978363,0.0068223157531114,0.0068233420374905,1.0,0.4178449446464939,0.6692024994134324,adipose_subcutaneous:2:11,3
adipose_subcutaneous,ENSG00000115339,ENSG00000235192,0.2910971840415755,0.0371705412674972,0.0371828727264653,1.0,0.466721910712199,0.5783199075698379,adipose_subcutaneous:2:16,5
adipose_subcutaneous,ENSG00000175879,ENSG00000128652,0.4014167680513196,0.0049545445695583,0.0049558677109819,1.0,0.422207614161961,0.4799031034162162,adipose_subcutaneous:2:17,2
adipose_subcutaneous,ENSG00000163364,ENSG00000279205,0.9999995827674866,0.0217499616208191,0.0217499616208191,1.0,0.3555732130372254,0.5209467551028245,adipose_subcutaneous:2:17,4
adipose_subcutaneous,ENSG00000064012,ENSG00000155749,0.1575238808578163,-0.0220193454513177,-0.0220643851554468,1.0,-0.2533676755623236,-0.3438870713837588,adipose_subcutaneous:2:20,0
adipose_subcutaneous,ENSG00000279348,ENSG00000260804,0.6150782357565987,0.0382812281861002,0.0382812281861002,1.0,0.5724324258741462,0.7550110111533973,adipose_subcutaneous:2:21,5
adipose_subcutaneous,ENSG00000081052,ENSG00000169031,0.7254060912879865,0.0677175090444654,0.0677486064708001,1.0,0.916271272100355,0.9174644275574432,adipose_subcutaneous:2:22,6
adipose_subcutaneous,ENSG00000144488,ENSG00000168427,0.1596964026582981,0.0166504282313356,0.0166504276764132,1.0,0.3735908475727392,0.2853212403869066,adipose_subcutaneous:2:23,4
adipose_subcutaneous,ENSG00000204099,ENSG00000235151,0.9954696856648582,0.0964312109998452,0.0964312109998452,1.0,0.554100973508814,0.5434667752972562,adipose_subcutaneous:2:24,6
adipose_subcutaneous,ENSG00000188389,ENSG00000188011,0.1570859518617311,0.0070974792762182,0.0070974792762182,1.0,0.558211415178306,0.6382111936710421,adipose_subcutaneous:2:24,3
adipose_subcutaneous,ENSG00000286288,ENSG00000198053,0.2538537308864761,0.0056803020469754,0.0056803020469754,1.0,0.4314727185757714,0.57944351410093,adipose_subcutaneous:20:0,2
adipose_subcutaneous,ENSG00000088325,ENSG00000179772,0.99981809474059,0.0192582331087206,0.0192582331087206,1.0,0.1836088732450443,0.2280965344011535,adipose_subcutaneous:20:3,4
adipose_subcutaneous,ENSG00000101367,ENSG00000260257,0.2028853125334713,-0.0044001808137545,-0.0044041887941817,1.0,0.0306111188160577,0.0833779717286735,adipose_subcutaneous:20:3,1
adipose_subcutaneous,ENSG00000279253,ENSG00000242372,0.2817074999749991,-0.0063629629034916,-0.0063629627394231,1.0,-0.086967665637017,0.0508378840984886,adipose_subcutaneous:20:3,0
adipose_subcutaneous,ENSG00000166913,ENSG00000101104,0.9856575999523898,0.0113877953402395,0.0113877953402395,1.0,0.0369703005322424,-0.2185011379280703,adipose_subcutaneous:20:4,3
adipose_subcutaneous,ENSG00000280071,ENSG00000275464,1.0,0.248177544369727,0.248177544369727,1.0,0.757380155104414,0.6235273690367557,adipose_subcutaneous:21:0,7
adipose_subcutaneous,ENSG00000275464,ENSG00000280433,1.0,0.1619716633968432,0.1619716633968432,1.0,0.6041584805379422,0.4783873625814682,adipose_subcutaneous:21:0,7
adipose_subcutaneous,ENSG00000215559,ENSG00000224905,0.572278925881065,-0.0238557807607054,-0.0238557807607054,1.0,-0.095466431757936,-0.2560654379667567,adipose_subcutaneous:21:1,0
adipose_subcutaneous,ENSG00000185808,ENSG00000182670,0.7059470415115356,-0.0930845261907264,-0.0930845261907264,1.0,-0.2501734046942656,0.2540328968314391,adipose_subcutaneous:21:3,0
adipose_subcutaneous,ENSG00000226496,ENSG00000182240,0.9726793952518662,0.0,0.0,0.0,0.4010257794367316,0.6404119350276273,adipose_subcutaneous:21:4,1
adipose_subcutaneous,ENSG00000183844,ENSG00000183486,0.2404623572442723,0.0124552310494705,0.0122396208936903,1.0,0.2241500140101259,0.2478191864747236,adipose_subcutaneous:21:4,3
adipose_subcutaneous,ENSG00000227999,ENSG00000274225,0.4329496352857482,0.0098400025671516,0.0098858230350879,0.9996957092722688,0.5502092589890192,0.6816936929272595,adipose_subcutaneous:21:4,3
adipose_subcutaneous,ENSG00000228709,ENSG00000235890,0.5350962025796591,0.0223498236698252,0.0221940987378323,1.0,0.8217744851070342,0.8207820596663989,adipose_subcutaneous:21:4,4
adipose_subcutaneous,ENSG00000273796,ENSG00000182871,0.1329512500767755,0.0025268716913827,0.0025281037525639,1.0,0.3100776210795732,0.64880193888785,adipose_subcutaneous:21:4,1
adipose_subcutaneous,ENSG00000160282,ENSG00000160284,1.0,0.216242317862661,0.216242317862661,1.0,0.5060346614451147,0.5201048640853064,adipose_subcutaneous:21:4,7
adipose_subcutaneous,ENSG00000272829,ENSG00000099949,0.8765393336043381,0.0294888111432159,0.0294888111432159,1.0,0.1137139444832168,0.0619628357426677,adipose_subcutaneous:22:2,5
adipose_subcutaneous,ENSG00000272779,ENSG00000211643,0.5000000596046448,0.0,0.0,0.0,0.5411211803694402,0.4421243095588866,adipose_subcutaneous:22:2,1
adipose_subcutaneous,ENSG00000272733,ENSG00000189269,0.1704676005716692,0.0,0.0,0.0,0.66277277195477,0.6710405035122816,adipose_subcutaneous:22:2,1
adipose_subcutaneous,ENSG00000218537,ENSG00000273295,0.4997186831382123,0.3065788896546405,0.3065788896546405,1.0,0.8812901377038519,0.8605748530282146,adipose_subcutaneous:22:2,7
adipose_subcutaneous,ENSG00000225465,ENSG00000100285,0.1000621779923598,0.0037822638288515,0.0038107352615015,1.0,0.3218280307216473,0.425496141791895,adipose_subcutaneous:22:2,2
adipose_subcutaneous,ENSG00000221963,ENSG00000100320,0.9976348280906676,0.0160971389791311,0.0160971389791311,1.0,0.1619978469326672,-0.3389985011361123,adipose_subcutaneous:22:3,4
adipose_subcutaneous,ENSG00000244509,ENSG00000243811,0.4678078662965959,0.0139168499073024,0.0139168499073024,1.0,0.3439296987350544,0.6866877571015336,adipose_subcutaneous:22:3,4
adipose_subcutaneous,ENSG00000273243,ENSG00000093000,0.582694389801663,0.016697076425932,0.0164896552680048,0.8235661571030928,0.2856536901766703,0.482451450037142,adipose_subcutaneous:22:4,4
adipose_subcutaneous,ENSG00000093000,ENSG00000100364,0.6261977140771933,0.0113236499588342,0.011330091793551,1.0,0.1621138219291322,-0.2139070141030564,adipose_subcutaneous:22:4,3
adipose_subcutaneous,ENSG00000238120,ENSG00000280383,0.2685826602981507,0.0064020207310246,0.0064020207310246,1.0,0.4224208942219202,0.6072167680581446,adipose_subcutaneous:22:4,2
adipose_subcutaneous,ENSG00000286508,ENSG00000251322,0.2082811946004206,0.0021757172336828,0.0021801883925304,1.0,0.624127051022365,0.8388238475686601,adipose_subcutaneous:22:5,1
adipose_subcutaneous,ENSG00000163702,ENSG00000163703,0.9962186217308044,0.0,0.0,0.0,0.1129754750334887,0.174926529149157,adipose_subcutaneous:3:0,1
adipose_subcutaneous,ENSG00000271643,ENSG00000170248,0.1253696495146954,-0.0040197469499297,-0.0040396137747856,1.0,0.1046189274127669,0.408268415519103,adipose_subcutaneous:3:3,1
adipose_subcutaneous,ENSG00000196653,ENSG00000186446,0.9990478477918644,0.0940088212227677,0.0940088212227677,1.0,0.5113045459452783,0.5851902163140783,adipose_subcutaneous:3:4,6
adipose_subcutaneous,ENSG00000243089,ENSG00000144810,0.1488022821584422,0.0047787884891905,0.0047787884891905,1.0,0.5390853072116191,0.6337996891285124,adipose_subcutaneous:3:9,2
adipose_subcutaneous,ENSG00000144847,ENSG00000121578,0.1137949756506095,0.0039347301512654,0.0039347301512654,1.0,0.1242885384695155,0.2621969620324432,adipose_subcutaneous:3:11,2
adipose_subcutaneous,ENSG00000066405,ENSG00000158163,0.2416211330163094,0.0075903282116463,0.0075719673110536,1.0,0.2446328104824049,0.2238638781533846,adipose_subcutaneous:3:13,3
adipose_subcutaneous,ENSG00000158163,ENSG00000118017,0.3072078946891849,-0.0227468996442315,-0.0228426665191386,1.0,-0.0491467256724571,0.2756229392273373,adipose_subcutaneous:3:13,0
adipose_subcutaneous,ENSG00000114209,ENSG00000163536,0.1135359429211249,0.001235881246873,0.001254181468991,1.0,0.1509067224442094,0.0949413419109993,adipose_subcutaneous:3:16,1
adipose_subcutaneous,ENSG00000284862,ENSG00000285336,0.861028843399275,0.0065314051854454,0.0065314051854454,1.0,0.4777193067843074,0.7136940807508839,adipose_subcutaneous:3:18,2
adipose_subcutaneous,ENSG00000176945,ENSG00000145113,0.2969374060630798,0.0649632944539029,0.0649632944539029,1.0,0.4647959987655406,0.5266265428003967,adipose_subcutaneous:3:19,6
adipose_subcutaneous,ENSG00000273308,ENSG00000286909,0.8322663628561173,0.0978135064159202,0.0978135064159202,1.0,0.3469649595701805,0.4931830641800729,adipose_subcutaneous:3:19,7
adipose_subcutaneous,ENSG00000272588,ENSG00000249592,0.1629806098485176,0.0079409282962418,0.0076840962531199,1.0,0.3149059514659943,0.3766753560715421,adipose_subcutaneous:4:0,3
adipose_subcutaneous,ENSG00000145220,ENSG00000168826,0.978552670457482,0.0196583126221355,0.0196583126221355,1.0,0.2322468884481577,0.1640457201035301,adipose_subcutaneous:4:0,4
adipose_subcutaneous,ENSG00000163995,ENSG00000125089,0.9978538155555724,0.0290903568401273,0.0290903568401273,1.0,0.3636505343428494,0.6119432227671203,adipose_subcutaneous:4:0,5
adipose_subcutaneous,ENSG00000251615,ENSG00000087008,0.996764187047276,-0.0598998244786908,-0.0598998244786908,1.0,-0.1595777964391842,-0.2000729831832685,adipose_subcutaneous:4:0,0
adipose_subcutaneous,ENSG00000272347,ENSG00000145506,0.9275286673040596,0.0403203566769716,0.0403203566769716,1.0,0.3872701281897973,0.5181343357850526,adipose_subcutaneous:5:0,5
adipose_subcutaneous,ENSG00000197822,ENSG00000183474,1.0,0.0947025673129343,0.0947025673129343,1.0,0.1362411911161125,0.103611211176948,adipose_subcutaneous:5:6,6
adipose_subcutaneous,ENSG00000205572,ENSG00000205571,0.9902859926223756,0.0498576145415706,0.0498576145415706,1.0,0.2998852608428962,0.2841661604537699,adipose_subcutaneous:5:7,6
adipose_subcutaneous,ENSG00000287148,ENSG00000172901,0.5111971064788925,0.0163147934981494,0.0163325919366486,1.0,0.3208364875205977,0.6509166551587142,adipose_subcutaneous:5:11,4
adipose_subcutaneous,ENSG00000263432,ENSG00000168938,0.1030143134011751,0.0029550857141011,0.0029550857141011,1.0,0.3568152310119402,0.4511790210534507,adipose_subcutaneous:5:12,2
adipose_subcutaneous,ENSG00000120322,ENSG00000272674,0.992323889302014,-0.2075330016877261,-0.2075330016877261,1.0,-0.1672939406738359,0.1607848932734624,adipose_subcutaneous:5:14,0
adipose_subcutaneous,ENSG00000272674,ENSG00000177839,0.3755213098862242,0.0358528552671955,0.0361902428998633,1.0,0.6339095919799679,0.6230079889107709,adipose_subcutaneous:5:14,5
adipose_subcutaneous,ENSG00000177839,ENSG00000120324,0.1347068784051615,0.0079667350461866,0.0079943191247721,1.0,0.5225522824826547,0.6270899798069703,adipose_subcutaneous:5:14,3
adipose_subcutaneous,ENSG00000250343,ENSG00000169302,0.2918395116326771,0.0073006596266606,0.00735530450244,1.0,0.7063415463549242,0.7195397852218814,adipose_subcutaneous:5:14,3
adipose_subcutaneous,ENSG00000155508,ENSG00000082516,0.1152098216496746,0.0061937490336355,0.0062300519245117,1.0,0.5821853651285429,0.7561803966840313,adipose_subcutaneous:5:15,2
adipose_subcutaneous,ENSG00000146067,ENSG00000272459,0.1452234237082912,0.0055636136272785,0.005591244309201,1.0,0.1596129488296649,0.0895171698762097,adipose_subcutaneous:5:17,2
adipose_subcutaneous,ENSG00000241106,ENSG00000204267,0.499881386756897,-0.0606238193164602,-0.060623824071475,1.0,0.0183836112003752,0.3520439584733461,adipose_subcutaneous:6:3,0
adipose_subcutaneous,ENSG00000112164,ENSG00000112167,0.1262835850788519,0.0032837684011089,0.0032833413442377,1.0,0.2124880637938007,0.1766544427383387,adipose_subcutaneous:6:3,2
adipose_subcutaneous,ENSG00000153291,ENSG00000180113,0.9790578702288676,-0.076037284348489,-0.076037284348489,0.8685518714674039,-0.0314432835508245,0.278062661344933,adipose_subcutaneous:6:4,0
adipose_subcutaneous,ENSG00000279022,ENSG00000233967,0.1230404089072578,0.0035283930536752,0.0035366801422895,1.0,0.5251508999257615,0.7122468040178165,adipose_subcutaneous:6:8,2
adipose_subcutaneous,ENSG00000261366,ENSG00000172469,1.0,0.0377732232624809,0.0377732232624809,1.0,0.47489455725845,0.5386397668595831,adipose_subcutaneous:6:9,5
adipose_subcutaneous,ENSG00000130347,ENSG00000130348,0.99955952167511,-0.0669421766445198,-0.0669421766445198,1.0,0.0903047932732161,0.3046400907064523,adipose_subcutaneous:6:10,0
adipose_subcutaneous,ENSG00000273100,ENSG00000230960,0.271182324109759,0.0160135889644553,0.0160135889644553,1.0,0.7189178362079316,0.8230811234188342,adipose_subcutaneous:6:17,4
adipose_subcutaneous,ENSG00000273230,ENSG00000164880,0.9946953058242798,0.0413017894590457,0.0413017894590457,1.0,0.2426500957996499,0.1144519656181658,adipose_subcutaneous:7:0,5
adipose_subcutaneous,ENSG00000122565,ENSG00000086300,0.9945292472839355,0.0366659094969892,0.0366659094969892,1.0,0.1557319699127951,0.2709247854779651,adipose_subcutaneous:7:2,5
adipose_subcutaneous,ENSG00000214870,ENSG00000122548,0.5294439333081513,0.050998894017134,0.050998894017134,1.0,0.4643790241059702,0.5574855883795276,adipose_subcutaneous:7:2,6
adipose_subcutaneous,ENSG00000106004,ENSG00000106006,0.1605203819776512,0.0040453731408704,0.0040633982992838,1.0,0.6608052784888205,0.6905145408279137,adipose_subcutaneous:7:2,2
adipose_subcutaneous,ENSG00000223813,ENSG00000176532,0.5619397389255845,0.0146686853909358,0.0146927151380893,1.0,0.4111024391797963,0.3707436717925039,adipose_subcutaneous:7:2,4
adipose_subcutaneous,ENSG00000242588,ENSG00000243302,0.999995231633303,0.3314674399722531,0.3314674399722531,1.0,0.8556844952309347,0.8990564145665384,adipose_subcutaneous:7:12,7
adipose_subcutaneous,ENSG00000243302,ENSG00000230715,0.9999967217445374,0.3557816271223358,0.3557816271223358,1.0,0.914616963411248,0.922893964349094,adipose_subcutaneous:7:12,7
adipose_subcutaneous,ENSG00000230715,ENSG00000229413,0.5593875646591187,0.2115560758505256,0.2115560758505256,1.0,0.8070116793472657,0.8579733954731767,adipose_subcutaneous:7:12,7
adipose_subcutaneous,ENSG00000243679,ENSG00000281490,0.999990463256836,0.3998025736452589,0.3998025736452589,1.0,0.701068819214216,0.4533102204712784,adipose_subcutaneous:7:12,7
adipose_subcutaneous,ENSG00000253641,ENSG00000253649,0.9833542055913824,0.049236629252957,0.049236629252957,0.9015580603923328,0.3823198141008239,0.5781008024506327,adipose_subcutaneous:8:1,6
adipose_subcutaneous,ENSG00000269918,ENSG00000255310,0.9275510305089868,0.0681034975723748,0.0681034975723748,1.0,0.5832838148344155,0.6512654802431803,adipose_subcutaneous:8:1,6
adipose_subcutaneous,ENSG00000158806,ENSG00000158815,0.9050927963174332,0.03796125179824,0.03796125179824,1.0,0.2842297084317484,0.4431648947820725,adipose_subcutaneous:8:2,5
adipose_subcutaneous,ENSG00000204839,ENSG00000255050,0.5158275423242991,0.0,0.0,0.0,0.1716370238102956,0.3008334044953726,adipose_subcutaneous:8:14,1
adipose_subcutaneous,ENSG00000179632,ENSG00000179698,0.1497566656325943,0.0042149985780007,0.0042149984208117,1.0,0.1056629246202172,0.1200661340124341,adipose_subcutaneous:8:14,2
adipose_subcutaneous,ENSG00000281769,ENSG00000173253,0.1105674667246461,0.0,0.0,0.0,0.7291494588358491,0.7321393958072563,adipose_subcutaneous:9:0,1
adipose_subcutaneous,ENSG00000272871,ENSG00000229029,0.7009695728183623,0.0277724551651775,0.0278461036615447,1.0,0.1886262755756275,0.3761680729262389,adipose_subcutaneous:9:1,5
adipose_subcutaneous,ENSG00000229029,ENSG00000175893,0.8364371601844027,0.0409521295904004,0.0409521295904004,1.0,0.1898985811108533,0.3043036391603544,adipose_subcutaneous:9:1,5
adipose_subcutaneous,ENSG00000281128,ENSG00000260947,1.0,0.0168551192187014,0.0168551192187014,0.9896588596039052,0.694439710746227,0.7424635973147815,adipose_subcutaneous:9:3,4
adipose_subcutaneous,ENSG00000275318,ENSG00000127081,0.1310843329994568,0.0050665664581108,0.0050632237162764,1.0,0.2858068888333288,0.4182327245160182,adipose_subcutaneous:9:9,2
adipose_subcutaneous,ENSG00000259953,ENSG00000106868,0.9819983763418064,0.120867355352012,0.1207532949693104,1.0,0.6750018908685607,0.7038411328325507,adipose_subcutaneous:9:11,7
adipose_subcutaneous,ENSG00000225756,ENSG00000123453,0.6273855455469644,0.0367400826407324,0.0367400826407324,1.0,0.5603489601404946,0.8198957090192,adipose_subcutaneous:9:13,5
adipose_subcutaneous,ENSG00000177239,ENSG00000176978,0.2453285422988145,0.0120403761519054,0.0120421880747166,1.0,0.1393255887359057,0.1823128042331527,adipose_subcutaneous:9:13,3
adipose_subcutaneous,ENSG00000233198,ENSG00000198569,0.2874884694518727,0.0167645310157928,0.0168042181926181,1.0,0.4018193370476762,0.5821700913071882,adipose_subcutaneous:9:13,4
adipose_subcutaneous,ENSG00000130653,ENSG00000182154,0.3566553518965492,-0.0076125349478517,-0.0076125349478517,1.0,0.0614285354208422,0.4758312754523287,adipose_subcutaneous:9:13,0
adipose_subcutaneous,ENSG00000236871,ENSG00000236017,0.9253590227199312,0.1379633466426471,0.1381140895475396,0.9898139208897954,0.8191381578386531,0.8545674137806409,adipose_subcutaneous:X:0,7
adipose_subcutaneous,ENSG00000000003,ENSG00000102359,0.999987542629242,0.0169045685760679,0.0169045685760679,1.0,0.2648560898461455,0.3954500343794406,adipose_subcutaneous:X:10,4
lung,ENSG00000008128,ENSG00000227775,1.0,0.1625367394628271,0.1625367394628271,1.0,0.5044979248048644,0.2022200815486683,lung:1:0,7
lung,ENSG00000219481,ENSG00000186301,0.9999987483024596,-0.0457253725516767,-0.0457253725516767,1.0,0.0326239439012338,0.2751740017851738,lung:1:1,0
lung,ENSG00000228549,ENSG00000238142,0.5001396069254547,0.0175972841725929,0.0181334300437447,1.0,0.2727402566304605,0.561239435951895,lung:1:1,4
lung,ENSG00000211454,ENSG00000162482,0.4999096393585205,0.038094040170265,0.0380940415054228,1.0,0.4109179641303898,0.6053720353691455,lung:1:1,5
lung,ENSG00000162482,ENSG00000053371,0.5000027418136597,-0.0206363685565188,-0.0206363685565188,1.0,-0.0794425113597979,-0.0277241444450933,lung:1:1,0
lung,ENSG00000261349,ENSG00000187010,0.9918158550727334,0.4262179852103658,0.4262179852103658,1.0,0.6914194944229745,0.6830400423123345,lung:1:2,7
lung,ENSG00000183386,ENSG00000183520,0.1592832106269313,0.004114330614539,0.0042070364483414,1.0,0.3319723168188854,0.1873965769560526,lung:1:3,2
lung,ENSG00000117013,ENSG00000179862,0.362031654091659,0.0098520105146589,0.009890074780747,1.0,0.0302927401953507,0.1154161772962197,lung:1:4,3
lung,ENSG00000162390,ENSG00000184313,0.8973654773905508,0.0156523479338893,0.0156523479338893,1.0,0.4945214395444237,0.2682476464767842,lung:1:5,4
lung,ENSG00000134184,ENSG00000134201,0.9694921374320984,0.0589894019564636,0.0589894019564636,1.0,0.451243636609774,0.3565922574758612,lung:1:10,6
lung,ENSG00000224965,ENSG00000116396,0.1430107275157297,0.0070739359325749,0.0071122422003348,1.0,0.594169050862989,0.5380922469695164,lung:1:11,3
lung,ENSG00000273213,ENSG00000270872,0.6032375152147793,0.039233649293782,0.0392452778348529,1.0,0.3380516981139212,0.251596832381302,lung:1:14,5
lung,ENSG00000266338,ENSG00000196369,0.2462923678159327,0.0062327866362041,0.0063301027524988,1.0,0.1151012854808781,0.4174065667605008,lung:1:14,2
lung,ENSG00000286219,ENSG00000271383,1.0,0.0534798760018765,0.0534798760018765,1.0,0.604176284323696,0.5336280921414022,lung:1:14,6
lung,ENSG00000282386,ENSG00000273026,0.999899864721126,0.0461000995398834,0.0461000995398834,1.0,0.3184625351049464,0.4126568152517271,lung:1:15,6
lung,ENSG00000132681,ENSG00000143318,0.2369579913634218,0.0175481209574973,0.0175885051895047,1.0,0.3860636966913414,0.3924972872297857,lung:1:16,4
lung,ENSG00000143185,ENSG00000143184,0.3631187697202449,-0.0211614711040621,-0.0211614711040621,1.0,0.3695552168811042,0.686684758572176,lung:1:16,0
lung,ENSG00000157181,ENSG00000229739,0.4996604320550091,-0.011963533432778,-0.0119635338953144,0.9519526480940368,-0.1772106050259541,0.0389573107493893,lung:1:18,0
lung,ENSG00000282221,ENSG00000159173,0.135936377642114,0.0023165969089279,0.0023585211785222,1.0,0.2576757703287762,0.4901693377299611,lung:1:20,1
lung,ENSG00000272823,ENSG00000238078,1.0,0.163492071558776,0.163492071558776,1.0,0.6901803552990364,0.8210260305445594,lung:1:22,7
lung,ENSG00000135773,ENSG00000225656,0.4118926845127362,0.0312773552865646,0.0313520541325837,1.0,0.7642600079967085,0.7292846929034847,lung:1:23,5
lung,ENSG00000260855,ENSG00000227953,0.4728653151751416,0.0078122738434503,0.0078490168164439,1.0,0.5285374942086168,0.6628602429864563,lung:1:24,3
lung,ENSG00000204175,ENSG00000204176,0.9648973152060768,0.0147335025040747,0.0147335025040747,1.0,0.4350159754672245,0.5915763972163256,lung:10:4,4
lung,ENSG00000182010,ENSG00000138311,0.3460536193190116,0.0067679212150204,0.0068135328867762,1.0,0.3194727065547858,0.4755395790490518,lung:10:6,2
lung,ENSG00000099282,ENSG00000287306,0.1861832363028384,-0.0159109706817193,-0.0159109703048668,1.0,0.0022787410528684,0.2178182281963789,lung:10:6,0
lung,ENSG00000278616,ENSG00000188199,0.3845642636147062,0.0448256467922129,0.0448256467922129,1.0,0.3090571399169519,0.1376423883047963,lung:10:7,5
lung,ENSG00000232903,ENSG00000240707,0.2387193303925876,0.0650909622953579,0.0650909622953579,1.0,0.6669947858415664,0.6693883297497575,lung:10:13,6
lung,ENSG00000255026,ENSG00000142102,0.5152163209677596,0.0635557362216,0.0635809529228876,1.0,0.9008010339651878,0.8465113931004432,lung:11:0,6
lung,ENSG00000142102,ENSG00000206013,0.5442547832205094,-0.0972284014457302,-0.0972284014457302,1.0,-0.0274453326280182,0.2301769735317833,lung:11:0,0
lung,ENSG00000188211,ENSG00000260196,0.8639784360729337,0.0106542969887385,0.0106542969887385,1.0,0.7292622197320664,0.7205089806966859,lung:11:1,3
lung,ENSG00000006071,ENSG00000006611,0.2242842905178861,0.0215539631568223,0.0216268367384042,1.0,0.3307708624787018,0.1228336310694174,lung:11:1,4
lung,ENSG00000148935,ENSG00000198168,0.2242860479396498,0.0111008695980779,0.0111044909546917,1.0,0.2573983884093249,0.4525733511380675,lung:11:2,3
lung,ENSG00000110455,ENSG00000151348,0.9999996423721312,0.0715032955237248,0.0715032955237248,1.0,0.1417761299805549,-0.1864944035570096,lung:11:4,6
lung,ENSG00000242689,ENSG00000280010,0.1175576460827301,0.0058245324052367,0.0058374153913954,1.0,0.4199151734732121,0.5467069968241923,lung:11:5,2
lung,ENSG00000162341,ENSG00000284713,0.5446047605101185,-0.0394363449078978,-0.0395379896615686,1.0,-0.1403721860936259,0.0317010805654372,lung:11:6,0
lung,ENSG00000278989,ENSG00000151376,0.1324395087553966,0.0028370580188855,0.0028423055712201,1.0,0.4646851394506138,0.253801540257054,lung:11:8,2
lung,ENSG00000166670,ENSG00000196611,0.9897408485412598,0.040919861965459,0.040919861965459,1.0,0.5958295152984319,0.687654484408251,lung:11:10,5
lung,ENSG00000270179,ENSG00000170209,0.3583856706751085,0.0066221551220466,0.0066788867043718,1.0,0.057379611830999,0.5620281735832111,lung:11:11,2
lung,ENSG00000177098,ENSG00000149575,0.1255033352580277,0.0039101913428766,0.0039310467195373,1.0,0.4407127902227298,0.5916615481882352,lung:11:11,2
lung,ENSG00000256948,ENSG00000249695,0.8248715357796925,0.0140340918159579,0.0140340918159579,1.0,0.6158340442210286,0.5776743408484862,lung:12:0,4
lung,ENSG00000249695,ENSG00000256540,0.8887994289398193,0.0266414718971564,0.0266414718971564,1.0,0.2663255758547845,0.3126196958737018,lung:12:0,5
lung,ENSG00000171860,ENSG00000089818,0.2637764511830198,0.0088687205670045,0.0088687205670045,1.0,0.0450684112991512,0.1476377600308691,lung:12:0,3
lung,ENSG00000257027,ENSG00000069493,0.1451266492659115,0.0042074770302208,0.0042083455494009,1.0,0.518801495371191,0.4727091990886837,lung:12:0,2
lung,ENSG00000121318,ENSG00000111215,0.4841200883106751,0.0614702336788917,0.0614702336788917,1.0,0.3556029737199513,0.2133040477895174,lung:12:1,6
lung,ENSG00000275476,ENSG00000257176,0.1502528929676145,0.0354332391203101,0.0354332391203101,1.0,0.6148020776043974,0.7457409872957201,lung:12:2,5
lung,ENSG00000274964,ENSG00000276115,0.1544682226817322,0.0034612164119477,0.0035096976249236,1.0,0.4570021951827206,0.7213321483966754,lung:12:3,2
lung,ENSG00000249388,ENSG00000123415,1.0,-0.0581999317917841,-0.0581999317917841,1.0,-0.173983727824805,0.1301385644374732,lung:12:5,0
lung,ENSG00000258172,ENSG00000258365,0.7929604266640666,0.0287007267299337,0.0287007267299337,1.0,0.3795899328172062,0.5750613698849927,lung:12:9,5
lung,ENSG00000204954,ENSG00000139372,0.999248332976208,0.0151073312877878,0.0151073312877878,1.0,0.2563125231583438,0.2745643108522081,lung:12:10,4
lung,ENSG00000271579,ENSG00000276972,0.873420249822928,0.0930587800011093,0.0930587800011093,1.0,0.6980543115427387,0.7749705816177134,lung:12:11,6
lung,ENSG00000169413,ENSG00000129538,0.3238405852742119,0.0043725600613579,0.0044089833232772,1.0,0.344136990436188,0.5471389568992874,lung:14:2,2
lung,ENSG00000278784,ENSG00000139908,0.1305945361174565,0.0026016427396784,0.0026013023845458,1.0,0.4656245481421541,0.3878202827494095,lung:14:2,1
lung,ENSG00000184227,ENSG00000258603,0.9975242018699646,0.03342594146456,0.03342594146456,1.0,0.2717196879116731,0.4043217523006605,lung:14:7,5
lung,ENSG00000119673,ENSG00000279026,0.9994177222251892,0.0380943186774272,0.0380943186774272,1.0,0.3258962382597978,0.4281687218385742,lung:14:7,5
lung,ENSG00000270000,ENSG00000259005,0.1307419911043226,0.0161463177525668,0.0161607564161418,1.0,0.6147520339949685,0.6628890321354038,lung:14:7,4
lung,ENSG00000186399,ENSG00000178115,0.4012165100513911,0.017068260527517,0.017166777245302,1.0,0.436097173599439,0.4958695878582116,lung:15:3,4
lung,ENSG00000175344,ENSG00000249931,0.1143947885330121,0.0056148606633534,0.0056275665796899,1.0,0.2304906743384447,0.3503342578537952,lung:15:3,2
lung,ENSG00000137825,ENSG00000062524,0.9999998211860656,0.2733692958527967,0.2733692958527967,1.0,0.5333148352806831,0.4469353338737884,lung:15:4,7
lung,ENSG00000243789,ENSG00000243708,0.2745899915247136,0.0081013305384118,0.0081197812082369,1.0,0.5151446020890559,0.2973621803909997,lung:15:4,3
lung,ENSG00000140279,ENSG00000140274,0.2494265431004265,0.0053207385209236,0.0053554267736479,1.0,0.793966185727186,0.8694489945957562,lung:15:4,2
lung,ENSG00000102854,ENSG00000162006,0.723294297411428,0.1483436964937058,0.1483436964937058,1.0,0.7639310302075374,0.7085005160854421,lung:16:0,7
lung,ENSG00000140990,ENSG00000140988,0.5376254929797497,-0.0021865846066435,-0.0021878467019565,1.0,0.0836023619892972,0.614043686911339,lung:16:0,1
lung,ENSG00000260468,ENSG00000213853,0.1171524868265727,-0.0033580288997572,-0.0033540463043742,1.0,0.3419211347902771,0.5111539816657509,lung:16:1,1
lung,ENSG00000183426,ENSG00000179889,0.2752505500290994,0.0064423526057725,0.0065149343236525,1.0,0.0785545460824731,-0.1497536511349937,lung:16:1,2
lung,ENSG00000261819,ENSG00000275910,0.1746992427997753,0.0037567738783197,0.0037651666922181,1.0,0.3871659764995569,0.4322045847373179,lung:16:1,2
lung,ENSG00000103226,ENSG00000183889,0.1988990902900695,0.0308599864752355,0.0308599864752355,1.0,0.2551952957643017,0.0944132743311132,lung:16:1,5
lung,ENSG00000205746,ENSG00000254681,0.9999950528144836,0.0620433542789692,0.0620433542789692,1.0,0.7814724053836226,0.7885670719101563,lung:16:1,6
lung,ENSG00000151006,ENSG00000167397,0.1297546307277493,0.0010438725745412,0.0010438725745412,1.0,0.2079195945121899,-0.0457680503969633,lung:16:3,1
lung,ENSG00000274508,ENSG00000260135,0.9427218209154375,-0.2258210469767416,-0.2258210469767416,0.930382306321684,0.1763234472555069,0.3556255668757257,lung:16:5,0
lung,ENSG00000261742,ENSG00000260695,0.1025365210222801,0.0022415977414965,0.0021902405850764,1.0,0.4978686776063656,0.7800071223984886,lung:16:6,1
lung,ENSG00000185669,ENSG00000158717,0.9999738335609436,0.0391670544818071,0.0391670544818071,1.0,0.5131265794431908,0.4773442364068055,lung:16:8,5
lung,ENSG00000234327,ENSG00000129204,1.0,0.1670980848172212,0.1670980848172212,1.0,0.5661303078709156,0.3773127007715721,lung:17:0,7
lung,ENSG00000179277,ENSG00000265519,0.108662817503383,0.0018480896563436,0.0018947247403819,1.0,0.524868963499961,0.782840565840669,lung:17:1,1
lung,ENSG00000170160,ENSG00000288235,0.999725953711078,0.1276106294101464,0.1276106294101464,1.0,0.8537318776910737,0.8516118699361228,lung:17:1,7
lung,ENSG00000171916,ENSG00000273018,0.3301578563357665,0.0765794012994793,0.0765793987015568,1.0,0.4234773103502663,0.314920657928614,lung:17:1,6
lung,ENSG00000267547,ENSG00000267648,0.2006482024193445,0.005670808350018,0.005670808350018,1.0,0.5156965301163383,0.8617613380954992,lung:17:3,2
lung,ENSG00000267648,ENSG00000172123,0.411479515899245,0.0139486533481759,0.0139486533481759,1.0,0.598033959454369,0.8114650297385373,lung:17:3,4
lung,ENSG00000275152,ENSG00000276409,0.1301248574341187,0.0047392034826141,0.0047392034826141,1.0,0.7291321718423801,0.7090516535734552,lung:17:3,2
lung,ENSG00000276085,ENSG00000276070,0.9991285460562338,0.0826723808495045,0.0826723808495045,1.0,0.8422248173479635,0.8677548194401025,lung:17:3,6
lung,ENSG00000253730,ENSG00000108823,0.4574704201808686,0.044457537535881,0.044457537535881,1.0,0.4504501360601898,0.6322677170879695,lung:17:5,5
lung,ENSG00000006282,ENSG00000006283,0.116068959236145,0.0102483436761943,0.0102483436761943,1.0,0.2334373688007176,0.2495976592617682,lung:17:5,3
lung,ENSG00000257949,ENSG00000250506,0.322210882284196,0.038244218069597,0.0381918970012477,1.0,0.6657594296544104,0.4487830510669864,lung:17:7,5
lung,ENSG00000141391,ENSG00000267199,0.5032706858416631,0.0628200811451456,0.0628200811451456,1.0,0.5357261614123398,0.6197475312922813,lung:18:1,6
lung,ENSG00000105556,ENSG00000183186,0.1223900085696385,0.005732426182892,0.0058114900791693,1.0,0.3603739686211858,0.3709788227114691,lung:19:0,2
lung,ENSG00000007264,ENSG00000105278,0.9691291451454164,0.0288769238662162,0.0288769238662162,1.0,0.31093235834008,0.1671959427415285,lung:19:0,5
lung,ENSG00000167775,ENSG00000267855,0.141886575098777,-0.0008909260482959,-0.0008932184460754,1.0,-0.0042466766285826,0.552578201914945,lung:19:0,1
lung,ENSG00000188321,ENSG00000188629,1.0,0.0752284018481795,0.0752284018481795,1.0,0.4777192766323531,0.7818029994739643,lung:19:0,6
lung,ENSG00000105695,ENSG00000012124,1.0,0.2844653471425554,0.2844653471425554,1.0,0.5455211064229079,0.4423238379062453,lung:19:3,7
lung,ENSG00000012124,ENSG00000126266,1.0,0.2094808972608956,0.2094808972608956,1.0,0.6756936299583632,0.5771518897769341,lung:19:3,7
lung,ENSG00000231412,ENSG00000204936,0.1496853796565922,0.0045101922333508,0.0045899405062916,1.0,0.5065628494142451,0.6934565063053953,lung:19:4,2
lung,ENSG00000269352,ENSG00000039650,0.159851446127579,0.00337022035998,0.003373815720593,1.0,0.5723124926432624,0.6687977957907139,lung:19:4,2
lung,ENSG00000268581,ENSG00000129450,0.3682570408323826,0.0079201469850801,0.0079021832521891,1.0,0.4237557942515068,0.495213016754764,lung:19:5,3
lung,ENSG00000167555,ENSG00000198633,0.2810469104750268,-0.0349398616706039,-0.0349398616706039,1.0,-0.1687987255469384,0.2469357331956164,lung:19:5,0
lung,ENSG00000189068,ENSG00000170909,0.335700318599919,0.0285170540412634,0.0286064885813091,1.0,0.2522976795516089,0.3339399631401926,lung:19:5,5
lung,ENSG00000095752,ENSG00000160472,0.1097598875427507,0.0042284384605556,0.0042284384605556,1.0,0.1375881783226376,0.046836329195561,lung:19:5,2
lung,ENSG00000131845,ENSG00000152433,0.636141244439834,0.0,0.0,0.0,0.2910305562551675,0.2669032754211649,lung:19:5,1
lung,ENSG00000186230,ENSG00000276449,0.3228325191462105,-0.021378238267621,-0.0215572169393175,1.0,0.1059565220139348,0.1496062056353087,lung:19:5,0
lung,ENSG00000198466,ENSG00000269867,0.2189360931418029,0.008059541303081,0.0080305398528167,1.0,0.5490502951012343,0.5990591648186611,lung:19:5,3
lung,ENSG00000205837,ENSG00000225964,1.0,0.1478906826219535,0.1478906826219535,1.0,0.6096032721584449,0.6749870721158175,lung:2:0,7
lung,ENSG00000115750,ENSG00000269973,0.4311774381576683,0.0541812892920014,0.0541812892920014,1.0,0.6643160231165461,0.3414439396798069,lung:2:0,6
lung,ENSG00000119787,ENSG00000231367,0.1066616819602686,0.002498366398787,0.0025161646446184,1.0,0.0776112804749224,-0.0942187285513284,lung:2:3,1
lung,ENSG00000242441,ENSG00000282890,0.9999983906745912,0.1960487323957539,0.1960487323957539,1.0,0.4288698265346291,0.2762673695546624,lung:2:4,7
lung,ENSG00000188687,ENSG00000204843,0.2307949273836449,-0.0045714361694039,-0.0045994265374538,1.0,-0.0530633188222282,-0.2480626818324417,lung:2:7,1
lung,ENSG00000272183,ENSG00000257702,0.2306328966963988,0.0132592241883905,0.013316138759254,1.0,0.348546827736447,0.2680944029442941,lung:2:7,4
lung,ENSG00000042493,ENSG00000286011,0.1011047508934375,0.0032489295255384,0.0032545496554467,1.0,0.149405013589228,0.4361370404573862,lung:2:8,2
lung,ENSG00000227992,ENSG00000271590,0.99461240174265,0.0311880413742996,0.0311674337515654,1.0,0.4330222054479967,0.7076310076056667,lung:2:11,5
lung,ENSG00000280083,ENSG00000227542,0.1741010277457917,-0.0170230909578391,-0.0170230909578391,1.0,0.0463610575827238,0.4054049882871097,lung:2:19,0
lung,ENSG00000064012,ENSG00000155749,0.1377776169872575,-0.0114933872240866,-0.0115469344488781,1.0,-0.2272664478798957,-0.2676388837366206,lung:2:20,0
lung,ENSG00000283312,ENSG00000181798,0.9993469715896736,0.1091925130187956,0.1091925130187956,1.0,0.3734614477958039,0.4614045988967006,lung:2:23,7
lung,ENSG00000144488,ENSG00000168427,0.1078565054566667,0.0103507017825303,0.0103507007995292,1.0,0.2993181126458067,0.3276912493012083,lung:2:23,3
lung,ENSG00000204099,ENSG00000235151,1.0,0.2579459733493307,0.2579459733493307,1.0,0.6920601823288076,0.5912554557387786,lung:2:24,7
lung,ENSG00000188389,ENSG00000188011,0.9932617256359038,0.02227095294338,0.02227095294338,1.0,0.5430730889499605,0.5867148323382765,lung:2:24,4
lung,ENSG00000088766,ENSG00000125872,0.3034496448980448,0.0098845410065878,0.0098990098643194,1.0,0.8823957965029353,0.890200864641631,lung:20:0,3
lung,ENSG00000101367,ENSG00000260257,0.2011708747212424,-0.0013526105096659,-0.0013609748309802,1.0,0.1703794824764543,0.1889925945092088,lung:20:3,1
lung,ENSG00000260257,ENSG00000215529,0.1325649358279435,0.0028321571828598,0.0028327907601092,1.0,0.093643907998864,0.0185641196083108,lung:20:3,2
lung,ENSG00000280071,ENSG00000275464,1.0,0.3086660883163549,0.3086660883163549,1.0,0.8227913851270033,0.6624454548450631,lung:21:0,7
lung,ENSG00000275464,ENSG00000280433,1.0,0.2086351871304468,0.2086351871304468,1.0,0.6320884426653027,0.409727508444896,lung:21:0,7
lung,ENSG00000279579,ENSG00000278932,0.6929231310874684,0.0153936860674878,0.0153936860674878,1.0,0.4578179752513759,0.6159297082237709,lung:21:0,4
lung,ENSG00000226496,ENSG00000182240,0.9123397469520568,0.039753556165776,0.039753556165776,1.0,0.3381929098530115,0.3658027651938582,lung:21:4,5
lung,ENSG00000184787,ENSG00000236519,0.1593178236948773,0.0029348672552382,0.0029569478394848,1.0,0.0865110327534561,-0.0349834284698855,lung:21:4,2
lung,ENSG00000261706,ENSG00000275874,0.9770846061552874,0.0710055496275453,0.0710443132913473,1.0,0.7711825535507374,0.7980856293923937,lung:21:4,6
lung,ENSG00000160282,ENSG00000160284,0.999979853630066,0.1799085166812517,0.1799085166812517,1.0,0.5523919389541873,0.5580996933084069,lung:21:4,7
lung,ENSG00000272829,ENSG00000099949,0.3042040224035602,0.0068591476654119,0.0069600158529371,1.0,0.0335284292794547,0.244778433983525,lung:22:2,3
lung,ENSG00000211669,ENSG00000211670,1.0,0.0798600657336378,0.0798600657336378,1.0,0.5350017485631137,0.6989283990999628,lung:22:2,6
lung,ENSG00000211670,ENSG00000278196,1.0,0.0460986893294903,0.0460986893294903,1.0,0.5366452424176271,0.7137510864574832,lung:22:2,6
lung,ENSG00000272733,ENSG00000189269,0.5741504956085919,0.2236452109287849,0.2237262914807429,0.5684291609887077,0.7404645480116406,0.7343763658801031,lung:22:2,7
lung,ENSG00000218537,ENSG00000273295,0.4998162556627648,0.3042025996506203,0.3042025996506203,1.0,0.8739838681915255,0.8360684799417976,lung:22:2,7
lung,ENSG00000272787,ENSG00000224205,0.1791706523468939,0.0,0.0,0.0,-0.0033557868595094,-0.0465140437921323,lung:22:2,1
lung,ENSG00000100031,ENSG00000215481,1.0,0.0388739778240109,0.0388739778240109,1.0,0.5244885747977162,0.7052614153487907,lung:22:2,5
lung,ENSG00000133488,ENSG00000214491,0.1094745080921804,0.0077451177747005,0.0079098809058986,1.0,0.661544369761928,0.7993110677135994,lung:22:3,3
lung,ENSG00000244509,ENSG00000243811,0.4502295644775245,0.0095304624560021,0.0095304627807304,1.0,0.4272389431222066,0.4640427801644463,lung:22:3,3
lung,ENSG00000238120,ENSG00000280383,0.4120712200116827,0.012462271374215,0.012544945270996,1.0,0.4147546204482243,0.457744978105175,lung:22:4,3
lung,ENSG00000205560,ENSG00000100288,0.9956447486929676,0.0678151526784733,0.0678151526784733,1.0,0.4202293270319313,0.6323219894819587,lung:22:5,6
lung,ENSG00000286508,ENSG00000251322,0.3104577675632356,0.0052542038305891,0.0052642119846479,1.0,0.6914189473927516,0.7962155733281168,lung:22:5,2
lung,ENSG00000163702,ENSG00000163703,0.9999987483024596,0.0,0.0,0.0,0.0151834786899784,0.1251165796405191,lung:3:0,1
lung,ENSG00000170876,ENSG00000228242,0.1084422645579863,0.0011424105162003,0.0011541241278766,1.0,0.0538582634528431,0.0249282264526638,lung:3:1,1
lung,ENSG00000261572,ENSG00000170293,0.7113287982194194,0.0066209170942175,0.0066350667654531,1.0,0.7437234853728468,0.8677301011830229,lung:3:3,2
lung,ENSG00000272334,ENSG00000178567,0.3043470489455444,0.005183202042264,0.0051832018270051,1.0,0.178365004494285,0.2038237248907746,lung:3:3,2
lung,ENSG00000178567,ENSG00000076242,0.3240034790305799,0.0023681799571825,0.0023794920799064,1.0,-0.0323366155637056,-0.3320171380314852,lung:3:3,1
lung,ENSG00000008324,ENSG00000114857,0.1104728122865097,0.002624592748562,0.0026393369063668,1.0,0.3256280146297846,-0.4136067065113742,lung:3:4,1
lung,ENSG00000196653,ENSG00000186446,0.9630451759654584,0.0340797324773067,0.0340797324773067,1.0,0.5013206302313491,0.8014163020987539,lung:3:4,5
lung,ENSG00000283706,ENSG00000188086,0.3471458876861533,0.0137712800046948,0.0137877846788866,1.0,0.4782394106536401,0.5910432991987923,lung:3:4,4
lung,ENSG00000164081,ENSG00000164082,0.1125128214564803,0.0020685026269375,0.0020868454572401,1.0,0.0938291011916986,-0.0391052481774468,lung:3:5,1
lung,ENSG00000236138,ENSG00000242516,0.5,0.1996864705943628,0.1996864705943628,1.0,0.6847557837167231,0.706689628551193,lung:3:7,7
lung,ENSG00000228221,ENSG00000231574,0.129838924808638,-0.0076550139173516,-0.0077042160072852,1.0,0.3063915520569893,0.3852311717124735,lung:3:17,0
lung,ENSG00000224769,ENSG00000242086,0.9997894843821022,0.1407916981119543,0.1407916981119543,1.0,0.6024933429592854,0.4596548380120571,lung:3:19,7
lung,ENSG00000273308,ENSG00000286909,0.8883112717070674,0.089497297309664,0.089497297309664,1.0,0.4106999407382586,0.4994366332953208,lung:3:19,6
lung,ENSG00000242686,ENSG00000272927,0.9981994139828458,-0.0682792485732168,-0.0682792485732168,1.0,-0.0809773796163187,0.3154939321053403,lung:4:0,0
lung,ENSG00000078177,ENSG00000260296,0.1357474413711799,0.0019679766104475,0.0019854304812776,1.0,0.4133059884764148,0.1165223375684482,lung:4:4,1
lung,ENSG00000251526,ENSG00000249464,0.1868561508179951,0.0072411904891294,0.0072411904891294,1.0,0.1399899851747026,-0.0313186116342293,lung:4:12,3
lung,ENSG00000197822,ENSG00000183474,0.9902190595211522,0.0096967224464483,0.0096967224464483,1.0,0.1694334333411073,0.5136586419982637,lung:5:6,3
lung,ENSG00000205571,ENSG00000179978,0.9836040735244752,0.0,0.0,0.0,0.1104238853229717,0.1178515623316334,lung:5:7,1
lung,ENSG00000164220,ENSG00000181104,0.1369985712942458,0.0175046936917666,0.017527851447122,1.0,0.4991808585608961,0.4563737776572261,lung:5:7,4
lung,ENSG00000248734,ENSG00000272109,0.9443617644235404,0.0549340287673235,0.0549340287673235,1.0,0.0619790791924535,0.2289061704366625,lung:5:9,6
lung,ENSG00000113621,ENSG00000132570,0.1150174363141083,-0.0007725166332368,-0.0007868361463425,1.0,0.0462708252093789,0.3666893471961936,lung:5:13,1
lung,ENSG00000251405,ENSG00000248544,0.282046640073645,0.0121634242534895,0.012174319649846,1.0,0.3463231737338052,0.6471782475945155,lung:5:15,3
lung,ENSG00000146067,ENSG00000272459,0.1853821204416412,0.003226062499306,0.0032444891037447,1.0,0.1566809803795228,-0.2043947077878918,lung:5:17,2
lung,ENSG00000131459,ENSG00000250509,0.7680637512570954,0.0146038031626339,0.0146038031626339,1.0,0.0651353858532739,0.1753812004371673,lung:5:18,4
lung,ENSG00000113303,ENSG00000168903,1.0,-0.2420306346728286,-0.2420306346728286,1.0,-0.342368723750934,0.1100305786545642,lung:5:18,0
lung,ENSG00000145949,ENSG00000124535,0.9999765157699584,0.0383496439810781,0.0383496439810781,1.0,0.3132487698924533,0.0816210959280905,lung:6:0,5
lung,ENSG00000214113,ENSG00000145982,0.9483638951863682,0.0,0.0,0.0,0.2690361472197579,0.4268155708165187,lung:6:0,1
lung,ENSG00000261189,ENSG00000096696,0.9845075011253356,0.0911447508808395,0.0911447508808395,1.0,0.3756856659029156,0.3532177338481294,lung:6:0,6
lung,ENSG00000050393,ENSG00000272209,0.2424077809322717,0.0050318529159488,0.0050318529159488,1.0,0.4764421469743284,0.0257289329180477,lung:6:1,2
lung,ENSG00000241106,ENSG00000204267,0.5,-0.0448021889612966,-0.0448021889612966,1.0,-0.0399044271724463,0.1143117763353287,lung:6:3,0
lung,ENSG00000231500,ENSG00000235863,0.673080325126648,-0.0150815220787137,-0.0150815220787137,1.0,-0.3234797723559629,-0.0535366513874221,lung:6:3,0
lung,ENSG00000112796,ENSG00000172348,0.5518019779318877,0.0064213429587948,0.0064622954866486,1.0,0.1922529814676754,0.0462106735140034,lung:6:4,2
lung,ENSG00000124749,ENSG00000151914,0.3532212289336307,0.002980129185203,0.0029886821325654,1.0,0.3935190481197895,0.6192257610165313,lung:6:5,2
lung,ENSG00000130347,ENSG00000130348,0.9999728798866272,-0.0299354192023073,-0.0299354192023073,1.0,-0.0957566099194578,0.6362349844778207,lung:6:10,0
lung,ENSG00000189367,ENSG00000214338,0.8144634300429345,0.0110165931685626,0.0110193763000958,1.0,0.6884224199084013,0.7959205499988095,lung:6:12,3
lung,ENSG00000223542,ENSG00000234567,0.1961367967919471,0.0057056749634829,0.0057078087731116,1.0,0.4335417919689314,0.7049793570045477,lung:6:13,2
lung,ENSG00000122335,ENSG00000272047,0.1437620029953521,0.0052390282302909,0.0052576809952865,1.0,0.1189637580032798,0.1170289339813835,lung:6:15,2
lung,ENSG00000273100,ENSG00000230960,1.0,0.0353926263372768,0.0353926263372768,1.0,0.8496594039965277,0.9266521921178974,lung:6:17,5
lung,ENSG00000273230,ENSG00000164880,0.6628426693019804,0.0442346113586695,0.0442346113586695,1.0,0.2994312534391258,0.359951570245572,lung:7:0,5
lung,ENSG00000214870,ENSG00000122548,0.3112170404352241,0.0316710622417687,0.0316710605634145,1.0,0.5462030715933555,0.7753389321495271,lung:7:2,5
lung,ENSG00000106100,ENSG00000006625,0.1325536923196146,0.0014729179911557,0.0014789068394743,1.0,0.4471271169518108,0.1763578449605559,lung:7:3,1
lung,ENSG00000241644,ENSG00000106125,0.440430646537866,-0.026854546229122,-0.026854546229122,1.0,0.383689216298406,0.4951536772890284,lung:7:3,0
lung,ENSG00000228668,ENSG00000211697,0.7700958246083438,0.2426368285108641,0.2426346900383316,1.0,0.6937121400466186,0.7381508110489159,lung:7:3,7
lung,ENSG00000105852,ENSG00000105854,0.2152932038971968,0.005490624192297,0.0055424320672273,1.0,0.2580307548342771,0.5315550993567119,lung:7:9,2
lung,ENSG00000242588,ENSG00000243302,0.9993656284074248,0.1514207069141253,0.1514207069141253,1.0,0.8110067937311844,0.8619345188494038,lung:7:12,7
lung,ENSG00000243302,ENSG00000230715,0.9275072253987916,0.12588845274312,0.12588845274312,1.0,0.8827871275896518,0.9436485891174908,lung:7:12,7
lung,ENSG00000230715,ENSG00000229413,0.8482232566635659,0.1378888432397871,0.137889638290797,1.0,0.892097812996947,0.9551523625021732,lung:7:12,7
lung,ENSG00000243679,ENSG00000281490,0.9920207262039183,0.1712782454857689,0.1712782454857689,1.0,0.5465696945848532,-0.1437868003265217,lung:7:12,7
lung,ENSG00000128607,ENSG00000229196,0.8229497960519083,0.0195171547472247,0.0195171547472247,1.0,0.4026709582924877,0.4086588870084673,lung:7:13,4
lung,ENSG00000212807,ENSG00000243896,0.976316457618907,0.0505585914601526,0.0505585914601526,1.0,0.5483157053544852,0.574403127610196,lung:7:14,6
lung,ENSG00000269918,ENSG00000255310,0.7946562687251664,0.0761139330019758,0.0761139330019758,1.0,0.8444281482877667,0.7318113726284332,lung:8:1,6
lung,ENSG00000158806,ENSG00000158815,0.1673357038985479,0.0043936780988717,0.0043936780988717,1.0,0.3641867721890675,0.1590506896441258,lung:8:2,2
lung,ENSG00000272338,ENSG00000172728,0.340145308954078,0.0386774684965393,0.0386774684965393,1.0,0.4414479484041502,0.293404088603865,lung:8:3,5
lung,ENSG00000279518,ENSG00000131773,0.3533314083280601,-0.0061343331802932,-0.0061458330481088,1.0,0.0927685179776195,-0.0662996371189926,lung:8:13,0
lung,ENSG00000130193,ENSG00000197353,0.4691326430829932,0.0327517320329242,0.032942778371234,1.0,0.2350457985286708,0.0764982251071296,lung:8:14,5
lung,ENSG00000014164,ENSG00000287576,0.3940803745836341,0.166874973589681,0.1668803155421049,1.0,0.7875229728252786,0.7445567916510065,lung:8:14,7
lung,ENSG00000104518,ENSG00000204839,0.9506744146347046,0.0103682738877892,0.0103539897640734,1.0,0.0490043403279851,0.4737308520434868,lung:8:14,3
lung,ENSG00000226007,ENSG00000238113,0.389169563653077,-0.0148220886673136,-0.0148220886673136,1.0,-0.0633286595066164,0.2602106595622652,lung:9:6,0
lung,ENSG00000254876,ENSG00000197816,0.996019289385579,0.0157878979479618,0.0157878979479618,0.4929459533112346,0.1884006985484212,0.2381328948444684,lung:9:9,4
lung,ENSG00000259953,ENSG00000106868,0.319700159519968,0.021655511839783,0.0216631014855657,1.0,0.6467500814706322,0.5292866286141586,lung:9:11,4
lung,ENSG00000228623,ENSG00000136866,0.1337491084531095,0.0027083797540768,0.0027246258898673,1.0,0.2269236733002493,0.241386375296863,lung:9:11,2
lung,ENSG00000225756,ENSG00000123453,0.1368384581875119,0.0081962500191999,0.008245215305751,1.0,0.753744578834829,0.6071514686259627,lung:9:13,3
lung,ENSG00000188566,ENSG00000212864,0.2350852039457578,-0.0046779416758873,-0.0047071664062924,1.0,0.0027913378065023,0.2756111365968937,lung:9:13,1
lung,ENSG00000275549,ENSG00000188986,0.358410964242509,-0.0051759176814998,-0.0051798311804429,1.0,-0.0516609732576546,0.1984555445080753,lung:9:13,0
lung,ENSG00000130653,ENSG00000182154,0.7953537187766528,-0.0276953535141751,-0.0276953535141751,1.0,0.0031408211695239,0.2822802584297499,lung:9:13,0
lung,ENSG00000236871,ENSG00000236017,0.999994635585967,0.1494429312189804,0.1494447822280678,1.0,0.8364276180490203,0.7895323614611469,lung:X:0,7
lung,ENSG00000238039,ENSG00000241769,0.6765472346843353,0.0291486915066576,0.0291486915066576,1.0,0.6010121471591603,0.7391838122757841,lung:X:14,5
